ID,Wvl,R
1,400,0.0427
1,401,0.0422
1,402,0.0458
1,403,0.0427
1,404,0.0435
1,405,0.0453
1,406,0.0454
1,407,0.0494
1,408,0.0457
1,409,0.0418
1,410,0.0493
1,411,0.0495
1,412,0.0470
1,413,0.0461
1,414,0.0481
1,415,0.0513
1,416,0.0542
1,417,0.0556
1,418,0.0568
1,419,0.0592
1,420,0.0605
1,421,0.0572
1,422,0.0601
1,423,0.0605
1,424,0.0561
1,425,0.0597
1,426,0.0627
1,427,0.0626
1,428,0.0604
1,429,0.0669
1,430,0.0665
1,431,0.0614
1,432,0.0695
1,433,0.0705
1,434,0.0668
1,435,0.0644
1,436,0.0663
1,437,0.0703
1,438,0.0726
1,439,0.0704
1,440,0.0721
1,441,0.0737
1,442,0.0736
1,443,0.0748
1,444,0.0767
1,445,0.0767
1,446,0.0741
1,447,0.0761
1,448,0.0773
1,449,0.0778
1,450,0.0815
1,451,0.0816
1,452,0.0806
1,453,0.0807
1,454,0.0802
1,455,0.0803
1,456,0.0808
1,457,0.0812
1,458,0.0831
1,459,0.0835
1,460,0.0823
1,461,0.0836
1,462,0.0835
1,463,0.0830
1,464,0.0835
1,465,0.0828
1,466,0.0830
1,467,0.0842
1,468,0.0855
1,469,0.0843
1,470,0.0835
1,471,0.0845
1,472,0.0846
1,473,0.0852
1,474,0.0864
1,475,0.0874
1,476,0.0875
1,477,0.0867
1,478,0.0862
1,479,0.0884
1,480,0.0883
1,481,0.0876
1,482,0.0884
1,483,0.0898
1,484,0.0902
1,485,0.0901
1,486,0.0912
1,487,0.0932
1,488,0.0934
1,489,0.0921
1,490,0.0947
1,491,0.0961
1,492,0.0960
1,493,0.0955
1,494,0.0972
1,495,0.0982
1,496,0.0985
1,497,0.1001
1,498,0.1018
1,499,0.1034
1,500,0.1047
1,501,0.1043
1,502,0.1040
1,503,0.1054
1,504,0.1089
1,505,0.1087
1,506,0.1094
1,507,0.1123
1,508,0.1124
1,509,0.1119
1,510,0.1118
1,511,0.1125
1,512,0.1153
1,513,0.1174
1,514,0.1182
1,515,0.1188
1,516,0.1204
1,517,0.1218
1,518,0.1225
1,519,0.1238
1,520,0.1252
1,521,0.1267
1,522,0.1281
1,523,0.1283
1,524,0.1294
1,525,0.1319
1,526,0.1337
1,527,0.1343
1,528,0.1351
1,529,0.1372
1,530,0.1378
1,531,0.1389
1,532,0.1407
1,533,0.1418
1,534,0.1431
1,535,0.1448
1,536,0.1464
1,537,0.1476
1,538,0.1487
1,539,0.1497
1,540,0.1510
1,541,0.1526
1,542,0.1538
1,543,0.1546
1,544,0.1561
1,545,0.1575
1,546,0.1589
1,547,0.1606
1,548,0.1616
1,549,0.1628
1,550,0.1642
1,551,0.1646
1,552,0.1655
1,553,0.1668
1,554,0.1681
1,555,0.1693
1,556,0.1708
1,557,0.1721
1,558,0.1723
1,559,0.1738
1,560,0.1751
1,561,0.1757
1,562,0.1768
1,563,0.1779
1,564,0.1791
1,565,0.1803
1,566,0.1810
1,567,0.1815
1,568,0.1821
1,569,0.1828
1,570,0.1839
1,571,0.1852
1,572,0.1865
1,573,0.1866
1,574,0.1871
1,575,0.1882
1,576,0.1891
1,577,0.1902
1,578,0.1907
1,579,0.1907
1,580,0.1915
1,581,0.1922
1,582,0.1927
1,583,0.1931
1,584,0.1929
1,585,0.1934
1,586,0.1946
1,587,0.1954
1,588,0.1960
1,589,0.1964
1,590,0.1967
1,591,0.1974
1,592,0.1983
1,593,0.1989
1,594,0.1987
1,595,0.1991
1,596,0.1996
1,597,0.2001
1,598,0.2007
1,599,0.2004
1,600,0.2006
1,601,0.2019
1,602,0.2020
1,603,0.2021
1,604,0.2023
1,605,0.2026
1,606,0.2036
1,607,0.2043
1,608,0.2043
1,609,0.2043
1,610,0.2046
1,611,0.2053
1,612,0.2061
1,613,0.2061
1,614,0.2060
1,615,0.2066
1,616,0.2074
1,617,0.2079
1,618,0.2080
1,619,0.2079
1,620,0.2080
1,621,0.2083
1,622,0.2088
1,623,0.2095
1,624,0.2098
1,625,0.2098
1,626,0.2099
1,627,0.2108
1,628,0.2117
1,629,0.2123
1,630,0.2126
1,631,0.2121
1,632,0.2123
1,633,0.2131
1,634,0.2139
1,635,0.2140
1,636,0.2141
1,637,0.2146
1,638,0.2150
1,639,0.2153
1,640,0.2159
1,641,0.2169
1,642,0.2169
1,643,0.2171
1,644,0.2179
1,645,0.2181
1,646,0.2185
1,647,0.2192
1,648,0.2198
1,649,0.2201
1,650,0.2204
1,651,0.2208
1,652,0.2212
1,653,0.2218
1,654,0.2223
1,655,0.2227
1,656,0.2233
1,657,0.2237
1,658,0.2241
1,659,0.2248
1,660,0.2257
1,661,0.2261
1,662,0.2261
1,663,0.2268
1,664,0.2275
1,665,0.2282
1,666,0.2288
1,667,0.2295
1,668,0.2298
1,669,0.2302
1,670,0.2310
1,671,0.2316
1,672,0.2325
1,673,0.2333
1,674,0.2334
1,675,0.2337
1,676,0.2342
1,677,0.2350
1,678,0.2353
1,679,0.2361
1,680,0.2370
1,681,0.2376
1,682,0.2381
1,683,0.2385
1,684,0.2391
1,685,0.2405
1,686,0.2410
1,687,0.2411
1,688,0.2415
1,689,0.2426
1,690,0.2433
1,691,0.2437
1,692,0.2443
1,693,0.2447
1,694,0.2453
1,695,0.2463
1,696,0.2470
1,697,0.2475
1,698,0.2480
1,699,0.2488
1,700,0.2495
1,701,0.2501
1,702,0.2508
1,703,0.2515
1,704,0.2518
1,705,0.2524
1,706,0.2533
1,707,0.2536
1,708,0.2543
1,709,0.2552
1,710,0.2559
1,711,0.2563
1,712,0.2570
1,713,0.2579
1,714,0.2586
1,715,0.2595
1,716,0.2602
1,717,0.2607
1,718,0.2612
1,719,0.2617
1,720,0.2625
1,721,0.2635
1,722,0.2639
1,723,0.2644
1,724,0.2650
1,725,0.2654
1,726,0.2664
1,727,0.2674
1,728,0.2680
1,729,0.2684
1,730,0.2689
1,731,0.2696
1,732,0.2704
1,733,0.2709
1,734,0.2714
1,735,0.2719
1,736,0.2724
1,737,0.2734
1,738,0.2742
1,739,0.2748
1,740,0.2752
1,741,0.2759
1,742,0.2763
1,743,0.2767
1,744,0.2781
1,745,0.2787
1,746,0.2788
1,747,0.2792
1,748,0.2799
1,749,0.2807
1,750,0.2813
1,751,0.2816
1,752,0.2819
1,753,0.2823
1,754,0.2831
1,755,0.2843
1,756,0.2847
1,757,0.2849
1,758,0.2855
1,759,0.2863
1,760,0.2869
1,761,0.2873
1,762,0.2876
1,763,0.2881
1,764,0.2889
1,765,0.2895
1,766,0.2897
1,767,0.2903
1,768,0.2908
1,769,0.2910
1,770,0.2915
1,771,0.2923
1,772,0.2930
1,773,0.2933
1,774,0.2939
1,775,0.2945
1,776,0.2948
1,777,0.2947
1,778,0.2953
1,779,0.2958
1,780,0.2960
1,781,0.2967
1,782,0.2969
1,783,0.2971
1,784,0.2977
1,785,0.2983
1,786,0.2988
1,787,0.2993
1,788,0.2997
1,789,0.2998
1,790,0.3001
1,791,0.3005
1,792,0.3008
1,793,0.3009
1,794,0.3013
1,795,0.3019
1,796,0.3023
1,797,0.3029
1,798,0.3032
1,799,0.3032
1,800,0.3038
1,801,0.3041
1,802,0.3042
1,803,0.3044
1,804,0.3048
1,805,0.3053
1,806,0.3056
1,807,0.3057
1,808,0.3063
1,809,0.3066
1,810,0.3064
1,811,0.3066
1,812,0.3070
1,813,0.3074
1,814,0.3079
1,815,0.3082
1,816,0.3082
1,817,0.3084
1,818,0.3090
1,819,0.3092
1,820,0.3095
1,821,0.3098
1,822,0.3097
1,823,0.3100
1,824,0.3103
1,825,0.3104
1,826,0.3105
1,827,0.3102
1,828,0.3104
1,829,0.3110
1,830,0.3110
1,831,0.3117
1,832,0.3120
1,833,0.3116
1,834,0.3113
1,835,0.3117
1,836,0.3121
1,837,0.3122
1,838,0.3122
1,839,0.3127
1,840,0.3133
1,841,0.3134
1,842,0.3139
1,843,0.3142
1,844,0.3144
1,845,0.3146
1,846,0.3147
1,847,0.3147
1,848,0.3149
1,849,0.3149
1,850,0.3148
1,851,0.3148
1,852,0.3149
1,853,0.3150
1,854,0.3156
1,855,0.3160
1,856,0.3157
1,857,0.3166
1,858,0.3165
1,859,0.3163
1,860,0.3169
1,861,0.3169
1,862,0.3175
1,863,0.3178
1,864,0.3170
1,865,0.3170
1,866,0.3175
1,867,0.3181
1,868,0.3185
1,869,0.3183
1,870,0.3183
1,871,0.3183
1,872,0.3180
1,873,0.3183
1,874,0.3189
1,875,0.3195
1,876,0.3200
1,877,0.3197
1,878,0.3196
1,879,0.3202
1,880,0.3205
1,881,0.3210
1,882,0.3210
1,883,0.3205
1,884,0.3211
1,885,0.3215
1,886,0.3216
1,887,0.3217
1,888,0.3223
1,889,0.3225
1,890,0.3224
1,891,0.3222
1,892,0.3226
1,893,0.3237
1,894,0.3244
1,895,0.3238
1,896,0.3238
1,897,0.3239
1,898,0.3241
1,899,0.3246
1,900,0.3250
1,901,0.3251
1,902,0.3253
1,903,0.3256
1,904,0.3264
1,905,0.3267
1,906,0.3267
1,907,0.3268
1,908,0.3267
1,909,0.3267
1,910,0.3273
1,911,0.3285
1,912,0.3276
1,913,0.3281
1,914,0.3296
1,915,0.3285
1,916,0.3288
1,917,0.3296
1,918,0.3301
1,919,0.3305
1,920,0.3306
1,921,0.3302
1,922,0.3298
1,923,0.3305
1,924,0.3310
1,925,0.3326
1,926,0.3339
1,927,0.3313
1,928,0.3324
1,929,0.3332
1,930,0.3322
1,931,0.3332
1,932,0.3338
1,933,0.3343
1,934,0.3350
1,935,0.3352
1,936,0.3360
1,937,0.3352
1,938,0.3337
1,939,0.3358
1,940,0.3364
1,941,0.3366
1,942,0.3373
1,943,0.3381
1,944,0.3389
1,945,0.3388
1,946,0.3385
1,947,0.3404
1,948,0.3389
1,949,0.3384
1,950,0.3402
1,951,0.3409
1,952,0.3410
1,953,0.3403
1,954,0.3396
1,955,0.3408
1,956,0.3409
1,957,0.3407
1,958,0.3408
1,959,0.3413
1,960,0.3431
1,961,0.3438
1,962,0.3434
1,963,0.3440
1,964,0.3435
1,965,0.3446
1,966,0.3458
1,967,0.3435
1,968,0.3449
1,969,0.3469
1,970,0.3474
1,971,0.3461
1,972,0.3455
1,973,0.3470
1,974,0.3489
1,975,0.3489
1,976,0.3485
1,977,0.3491
1,978,0.3500
1,979,0.3502
1,980,0.3510
1,981,0.3512
1,982,0.3508
1,983,0.3504
1,984,0.3513
1,985,0.3534
1,986,0.3547
1,987,0.3540
1,988,0.3546
1,989,0.3542
1,990,0.3546
1,991,0.3559
1,992,0.3529
1,993,0.3514
1,994,0.3535
1,995,0.3576
1,996,0.3585
1,997,0.3582
1,998,0.3563
1,999,0.3546
1,1000,0.3568
1,1001,0.3564
1,1002,0.3567
1,1003,0.3571
1,1004,0.3575
1,1005,0.3563
1,1006,0.3554
1,1007,0.3555
1,1008,0.3553
1,1009,0.3552
1,1010,0.3557
1,1011,0.3563
1,1012,0.3571
1,1013,0.3590
1,1014,0.3592
1,1015,0.3589
1,1016,0.3593
1,1017,0.3584
1,1018,0.3594
1,1019,0.3605
1,1020,0.3600
1,1021,0.3608
1,1022,0.3616
1,1023,0.3620
1,1024,0.3625
1,1025,0.3631
1,1026,0.3635
1,1027,0.3639
1,1028,0.3645
1,1029,0.3652
1,1030,0.3660
1,1031,0.3663
1,1032,0.3657
1,1033,0.3665
1,1034,0.3673
1,1035,0.3673
1,1036,0.3681
1,1037,0.3690
1,1038,0.3694
1,1039,0.3690
1,1040,0.3687
1,1041,0.3698
1,1042,0.3709
1,1043,0.3712
1,1044,0.3731
1,1045,0.3750
1,1046,0.3746
1,1047,0.3755
1,1048,0.3761
1,1049,0.3740
1,1050,0.3740
1,1051,0.3746
1,1052,0.3745
1,1053,0.3739
1,1054,0.3753
1,1055,0.3763
1,1056,0.3761
1,1057,0.3771
1,1058,0.3778
1,1059,0.3773
1,1060,0.3764
1,1061,0.3769
1,1062,0.3774
1,1063,0.3778
1,1064,0.3801
1,1065,0.3814
1,1066,0.3817
1,1067,0.3821
1,1068,0.3825
1,1069,0.3817
1,1070,0.3819
1,1071,0.3827
1,1072,0.3833
1,1073,0.3846
1,1074,0.3851
1,1075,0.3849
1,1076,0.3856
1,1077,0.3856
1,1078,0.3852
1,1079,0.3859
1,1080,0.3867
1,1081,0.3875
1,1082,0.3883
1,1083,0.3902
1,1084,0.3908
1,1085,0.3906
1,1086,0.3906
1,1087,0.3910
1,1088,0.3911
1,1089,0.3914
1,1090,0.3922
1,1091,0.3927
1,1092,0.3928
1,1093,0.3936
1,1094,0.3943
1,1095,0.3943
1,1096,0.3945
1,1097,0.3948
1,1098,0.3949
1,1099,0.3955
1,1100,0.3968
1,1101,0.3977
1,1102,0.3984
1,1103,0.3991
1,1104,0.3988
1,1105,0.3987
1,1106,0.3994
1,1107,0.3999
1,1108,0.4008
1,1109,0.4020
1,1110,0.4021
1,1111,0.4013
1,1112,0.4012
1,1113,0.4010
1,1114,0.4012
1,1115,0.4020
1,1116,0.4026
1,1117,0.4032
1,1118,0.4035
1,1119,0.4047
1,1120,0.4053
1,1121,0.4054
1,1122,0.4061
1,1123,0.4059
1,1124,0.4060
1,1125,0.4072
1,1126,0.4083
1,1127,0.4092
1,1128,0.4105
1,1129,0.4112
1,1130,0.4112
1,1131,0.4116
1,1132,0.4117
1,1133,0.4121
1,1134,0.4126
1,1135,0.4137
1,1136,0.4140
1,1137,0.4141
1,1138,0.4146
1,1139,0.4147
1,1140,0.4148
1,1141,0.4156
1,1142,0.4160
1,1143,0.4162
1,1144,0.4164
1,1145,0.4166
1,1146,0.4168
1,1147,0.4168
1,1148,0.4171
1,1149,0.4177
1,1150,0.4182
1,1151,0.4185
1,1152,0.4192
1,1153,0.4199
1,1154,0.4204
1,1155,0.4211
1,1156,0.4215
1,1157,0.4216
1,1158,0.4220
1,1159,0.4224
1,1160,0.4227
1,1161,0.4232
1,1162,0.4240
1,1163,0.4244
1,1164,0.4246
1,1165,0.4249
1,1166,0.4252
1,1167,0.4255
1,1168,0.4259
1,1169,0.4265
1,1170,0.4273
1,1171,0.4276
1,1172,0.4277
1,1173,0.4282
1,1174,0.4284
1,1175,0.4286
1,1176,0.4294
1,1177,0.4310
1,1178,0.4318
1,1179,0.4328
1,1180,0.4333
1,1181,0.4329
1,1182,0.4330
1,1183,0.4331
1,1184,0.4333
1,1185,0.4334
1,1186,0.4341
1,1187,0.4347
1,1188,0.4351
1,1189,0.4359
1,1190,0.4362
1,1191,0.4363
1,1192,0.4367
1,1193,0.4371
1,1194,0.4377
1,1195,0.4382
1,1196,0.4390
1,1197,0.4395
1,1198,0.4397
1,1199,0.4400
1,1200,0.4403
1,1201,0.4405
1,1202,0.4407
1,1203,0.4411
1,1204,0.4417
1,1205,0.4420
1,1206,0.4428
1,1207,0.4435
1,1208,0.4435
1,1209,0.4436
1,1210,0.4438
1,1211,0.4435
1,1212,0.4440
1,1213,0.4452
1,1214,0.4458
1,1215,0.4466
1,1216,0.4470
1,1217,0.4467
1,1218,0.4469
1,1219,0.4470
1,1220,0.4473
1,1221,0.4481
1,1222,0.4486
1,1223,0.4490
1,1224,0.4496
1,1225,0.4498
1,1226,0.4501
1,1227,0.4506
1,1228,0.4509
1,1229,0.4512
1,1230,0.4515
1,1231,0.4517
1,1232,0.4516
1,1233,0.4520
1,1234,0.4527
1,1235,0.4534
1,1236,0.4545
1,1237,0.4549
1,1238,0.4548
1,1239,0.4550
1,1240,0.4547
1,1241,0.4547
1,1242,0.4552
1,1243,0.4554
1,1244,0.4556
1,1245,0.4561
1,1246,0.4563
1,1247,0.4570
1,1248,0.4574
1,1249,0.4579
1,1250,0.4582
1,1251,0.4582
1,1252,0.4585
1,1253,0.4586
1,1254,0.4592
1,1255,0.4603
1,1256,0.4610
1,1257,0.4618
1,1258,0.4622
1,1259,0.4623
1,1260,0.4623
1,1261,0.4618
1,1262,0.4619
1,1263,0.4620
1,1264,0.4625
1,1265,0.4634
1,1266,0.4642
1,1267,0.4646
1,1268,0.4647
1,1269,0.4648
1,1270,0.4647
1,1271,0.4648
1,1272,0.4649
1,1273,0.4650
1,1274,0.4651
1,1275,0.4654
1,1276,0.4657
1,1277,0.4660
1,1278,0.4666
1,1279,0.4669
1,1280,0.4669
1,1281,0.4673
1,1282,0.4678
1,1283,0.4682
1,1284,0.4689
1,1285,0.4690
1,1286,0.4688
1,1287,0.4689
1,1288,0.4692
1,1289,0.4699
1,1290,0.4702
1,1291,0.4709
1,1292,0.4710
1,1293,0.4704
1,1294,0.4703
1,1295,0.4703
1,1296,0.4702
1,1297,0.4702
1,1298,0.4704
1,1299,0.4708
1,1300,0.4712
1,1301,0.4719
1,1302,0.4722
1,1303,0.4723
1,1304,0.4724
1,1305,0.4720
1,1306,0.4721
1,1307,0.4726
1,1308,0.4730
1,1309,0.4734
1,1310,0.4741
1,1311,0.4743
1,1312,0.4741
1,1313,0.4739
1,1314,0.4737
1,1315,0.4735
1,1316,0.4731
1,1317,0.4733
1,1318,0.4738
1,1319,0.4741
1,1320,0.4747
1,1321,0.4749
1,1322,0.4748
1,1323,0.4749
1,1324,0.4752
1,1325,0.4753
1,1326,0.4757
1,1327,0.4757
1,1328,0.4752
1,1329,0.4752
1,1330,0.4755
1,1331,0.4758
1,1332,0.4761
1,1333,0.4768
1,1334,0.4770
1,1335,0.4770
1,1336,0.4769
1,1337,0.4768
1,1338,0.4767
1,1339,0.4765
1,1340,0.4765
1,1341,0.4766
1,1342,0.4767
1,1343,0.4768
1,1344,0.4769
1,1345,0.4769
1,1346,0.4769
1,1347,0.4767
1,1348,0.4767
1,1349,0.4769
1,1350,0.4769
1,1351,0.4770
1,1352,0.4769
1,1353,0.4761
1,1354,0.4760
1,1355,0.4761
1,1356,0.4761
1,1357,0.4763
1,1358,0.4770
1,1359,0.4770
1,1360,0.4766
1,1361,0.4763
1,1362,0.4756
1,1363,0.4755
1,1364,0.4757
1,1365,0.4758
1,1366,0.4764
1,1367,0.4763
1,1368,0.4759
1,1369,0.4754
1,1370,0.4745
1,1371,0.4739
1,1372,0.4737
1,1373,0.4730
1,1374,0.4720
1,1375,0.4711
1,1376,0.4700
1,1377,0.4688
1,1378,0.4678
1,1379,0.4664
1,1380,0.4646
1,1381,0.4630
1,1382,0.4618
1,1383,0.4602
1,1384,0.4585
1,1385,0.4570
1,1386,0.4549
1,1387,0.4524
1,1388,0.4503
1,1389,0.4482
1,1390,0.4462
1,1391,0.4445
1,1392,0.4427
1,1393,0.4411
1,1394,0.4390
1,1395,0.4367
1,1396,0.4343
1,1397,0.4313
1,1398,0.4291
1,1399,0.4275
1,1400,0.4255
1,1401,0.4238
1,1402,0.4219
1,1403,0.4197
1,1404,0.4177
1,1405,0.4161
1,1406,0.4142
1,1407,0.4121
1,1408,0.4099
1,1409,0.4073
1,1410,0.4052
1,1411,0.4029
1,1412,0.4015
1,1413,0.4004
1,1414,0.4001
1,1415,0.4005
1,1416,0.4016
1,1417,0.4031
1,1418,0.4055
1,1419,0.4077
1,1420,0.4104
1,1421,0.4128
1,1422,0.4156
1,1423,0.4175
1,1424,0.4189
1,1425,0.4204
1,1426,0.4214
1,1427,0.4228
1,1428,0.4247
1,1429,0.4262
1,1430,0.4277
1,1431,0.4293
1,1432,0.4310
1,1433,0.4324
1,1434,0.4339
1,1435,0.4352
1,1436,0.4361
1,1437,0.4374
1,1438,0.4389
1,1439,0.4401
1,1440,0.4415
1,1441,0.4425
1,1442,0.4431
1,1443,0.4439
1,1444,0.4444
1,1445,0.4451
1,1446,0.4460
1,1447,0.4469
1,1448,0.4479
1,1449,0.4492
1,1450,0.4499
1,1451,0.4504
1,1452,0.4509
1,1453,0.4509
1,1454,0.4511
1,1455,0.4511
1,1456,0.4516
1,1457,0.4523
1,1458,0.4528
1,1459,0.4537
1,1460,0.4543
1,1461,0.4545
1,1462,0.4549
1,1463,0.4556
1,1464,0.4560
1,1465,0.4564
1,1466,0.4568
1,1467,0.4571
1,1468,0.4575
1,1469,0.4578
1,1470,0.4584
1,1471,0.4592
1,1472,0.4597
1,1473,0.4603
1,1474,0.4610
1,1475,0.4616
1,1476,0.4622
1,1477,0.4632
1,1478,0.4641
1,1479,0.4649
1,1480,0.4655
1,1481,0.4660
1,1482,0.4666
1,1483,0.4674
1,1484,0.4681
1,1485,0.4689
1,1486,0.4697
1,1487,0.4703
1,1488,0.4709
1,1489,0.4716
1,1490,0.4723
1,1491,0.4730
1,1492,0.4738
1,1493,0.4744
1,1494,0.4749
1,1495,0.4753
1,1496,0.4753
1,1497,0.4758
1,1498,0.4765
1,1499,0.4771
1,1500,0.4780
1,1501,0.4786
1,1502,0.4790
1,1503,0.4795
1,1504,0.4803
1,1505,0.4807
1,1506,0.4809
1,1507,0.4813
1,1508,0.4814
1,1509,0.4819
1,1510,0.4829
1,1511,0.4836
1,1512,0.4842
1,1513,0.4849
1,1514,0.4856
1,1515,0.4862
1,1516,0.4868
1,1517,0.4872
1,1518,0.4874
1,1519,0.4877
1,1520,0.4881
1,1521,0.4883
1,1522,0.4884
1,1523,0.4886
1,1524,0.4889
1,1525,0.4893
1,1526,0.4900
1,1527,0.4904
1,1528,0.4907
1,1529,0.4912
1,1530,0.4916
1,1531,0.4921
1,1532,0.4929
1,1533,0.4934
1,1534,0.4936
1,1535,0.4941
1,1536,0.4946
1,1537,0.4949
1,1538,0.4949
1,1539,0.4951
1,1540,0.4948
1,1541,0.4949
1,1542,0.4956
1,1543,0.4960
1,1544,0.4965
1,1545,0.4971
1,1546,0.4975
1,1547,0.4979
1,1548,0.4982
1,1549,0.4985
1,1550,0.4988
1,1551,0.4989
1,1552,0.4992
1,1553,0.4996
1,1554,0.4999
1,1555,0.5003
1,1556,0.5005
1,1557,0.5005
1,1558,0.5008
1,1559,0.5011
1,1560,0.5014
1,1561,0.5021
1,1562,0.5022
1,1563,0.5019
1,1564,0.5021
1,1565,0.5026
1,1566,0.5030
1,1567,0.5037
1,1568,0.5041
1,1569,0.5043
1,1570,0.5045
1,1571,0.5046
1,1572,0.5047
1,1573,0.5047
1,1574,0.5048
1,1575,0.5050
1,1576,0.5054
1,1577,0.5061
1,1578,0.5064
1,1579,0.5065
1,1580,0.5067
1,1581,0.5066
1,1582,0.5068
1,1583,0.5075
1,1584,0.5077
1,1585,0.5077
1,1586,0.5078
1,1587,0.5078
1,1588,0.5080
1,1589,0.5087
1,1590,0.5089
1,1591,0.5087
1,1592,0.5089
1,1593,0.5090
1,1594,0.5093
1,1595,0.5103
1,1596,0.5106
1,1597,0.5103
1,1598,0.5105
1,1599,0.5110
1,1600,0.5112
1,1601,0.5116
1,1602,0.5118
1,1603,0.5113
1,1604,0.5113
1,1605,0.5116
1,1606,0.5117
1,1607,0.5117
1,1608,0.5119
1,1609,0.5122
1,1610,0.5124
1,1611,0.5126
1,1612,0.5128
1,1613,0.5130
1,1614,0.5130
1,1615,0.5130
1,1616,0.5131
1,1617,0.5132
1,1618,0.5133
1,1619,0.5139
1,1620,0.5143
1,1621,0.5145
1,1622,0.5147
1,1623,0.5147
1,1624,0.5147
1,1625,0.5142
1,1626,0.5143
1,1627,0.5146
1,1628,0.5149
1,1629,0.5156
1,1630,0.5159
1,1631,0.5156
1,1632,0.5157
1,1633,0.5159
1,1634,0.5159
1,1635,0.5162
1,1636,0.5163
1,1637,0.5161
1,1638,0.5161
1,1639,0.5162
1,1640,0.5164
1,1641,0.5170
1,1642,0.5173
1,1643,0.5177
1,1644,0.5179
1,1645,0.5177
1,1646,0.5177
1,1647,0.5175
1,1648,0.5175
1,1649,0.5177
1,1650,0.5180
1,1651,0.5186
1,1652,0.5188
1,1653,0.5185
1,1654,0.5186
1,1655,0.5185
1,1656,0.5186
1,1657,0.5190
1,1658,0.5192
1,1659,0.5194
1,1660,0.5196
1,1661,0.5198
1,1662,0.5202
1,1663,0.5204
1,1664,0.5208
1,1665,0.5217
1,1666,0.5219
1,1667,0.5218
1,1668,0.5217
1,1669,0.5210
1,1670,0.5207
1,1671,0.5208
1,1672,0.5206
1,1673,0.5201
1,1674,0.5201
1,1675,0.5199
1,1676,0.5201
1,1677,0.5213
1,1678,0.5216
1,1679,0.5216
1,1680,0.5217
1,1681,0.5216
1,1682,0.5215
1,1683,0.5216
1,1684,0.5214
1,1685,0.5208
1,1686,0.5206
1,1687,0.5204
1,1688,0.5204
1,1689,0.5209
1,1690,0.5211
1,1691,0.5214
1,1692,0.5217
1,1693,0.5219
1,1694,0.5219
1,1695,0.5219
1,1696,0.5218
1,1697,0.5214
1,1698,0.5213
1,1699,0.5211
1,1700,0.5211
1,1701,0.5209
1,1702,0.5211
1,1703,0.5216
1,1704,0.5218
1,1705,0.5223
1,1706,0.5220
1,1707,0.5209
1,1708,0.5206
1,1709,0.5200
1,1710,0.5201
1,1711,0.5210
1,1712,0.5214
1,1713,0.5222
1,1714,0.5223
1,1715,0.5219
1,1716,0.5218
1,1717,0.5214
1,1718,0.5214
1,1719,0.5213
1,1720,0.5216
1,1721,0.5214
1,1722,0.5213
1,1723,0.5214
1,1724,0.5207
1,1725,0.5205
1,1726,0.5207
1,1727,0.5210
1,1728,0.5217
1,1729,0.5220
1,1730,0.5214
1,1731,0.5207
1,1732,0.5204
1,1733,0.5200
1,1734,0.5201
1,1735,0.5203
1,1736,0.5201
1,1737,0.5196
1,1738,0.5193
1,1739,0.5193
1,1740,0.5196
1,1741,0.5198
1,1742,0.5202
1,1743,0.5197
1,1744,0.5187
1,1745,0.5185
1,1746,0.5187
1,1747,0.5192
1,1748,0.5196
1,1749,0.5197
1,1750,0.5184
1,1751,0.5181
1,1752,0.5184
1,1753,0.5184
1,1754,0.5185
1,1755,0.5185
1,1756,0.5183
1,1757,0.5183
1,1758,0.5186
1,1759,0.5188
1,1760,0.5188
1,1761,0.5184
1,1762,0.5178
1,1763,0.5174
1,1764,0.5165
1,1765,0.5166
1,1766,0.5175
1,1767,0.5176
1,1768,0.5177
1,1769,0.5180
1,1770,0.5178
1,1771,0.5179
1,1772,0.5180
1,1773,0.5176
1,1774,0.5177
1,1775,0.5178
1,1776,0.5175
1,1777,0.5177
1,1778,0.5180
1,1779,0.5176
1,1780,0.5179
1,1781,0.5180
1,1782,0.5176
1,1783,0.5176
1,1784,0.5171
1,1785,0.5167
1,1786,0.5164
1,1787,0.5168
1,1788,0.5176
1,1789,0.5178
1,1790,0.5172
1,1791,0.5161
1,1792,0.5154
1,1793,0.5160
1,1794,0.5169
1,1795,0.5176
1,1796,0.5180
1,1797,0.5182
1,1798,0.5184
1,1799,0.5188
1,1800,0.5185
1,1801,0.5174
1,1802,0.5171
1,1803,0.5170
1,1804,0.5173
1,1805,0.5183
1,1806,0.5186
1,1807,0.5185
1,1808,0.5181
1,1809,0.5180
1,1810,0.5179
1,1811,0.5182
1,1812,0.5183
1,1813,0.5184
1,1814,0.5190
1,1815,0.5190
1,1816,0.5194
1,1817,0.5202
1,1818,0.5194
1,1819,0.5189
1,1820,0.5187
1,1821,0.5180
1,1822,0.5178
1,1823,0.5176
1,1824,0.5175
1,1825,0.5174
1,1826,0.5180
1,1827,0.5191
1,1828,0.5193
1,1829,0.5190
1,1830,0.5184
1,1831,0.5175
1,1832,0.5189
1,1833,0.5199
1,1834,0.5201
1,1835,0.5204
1,1836,0.5201
1,1837,0.5178
1,1838,0.5156
1,1839,0.5157
1,1840,0.5154
1,1841,0.5154
1,1842,0.5165
1,1843,0.5165
1,1844,0.5156
1,1845,0.5152
1,1846,0.5146
1,1847,0.5128
1,1848,0.5129
1,1849,0.5137
1,1850,0.5138
1,1851,0.5145
1,1852,0.5148
1,1853,0.5142
1,1854,0.5138
1,1855,0.5135
1,1856,0.5130
1,1857,0.5119
1,1858,0.5109
1,1859,0.5114
1,1860,0.5125
1,1861,0.5124
1,1862,0.5111
1,1863,0.5095
1,1864,0.5055
1,1865,0.5036
1,1866,0.5029
1,1867,0.5017
1,1868,0.5013
1,1869,0.5003
1,1870,0.4975
1,1871,0.4951
1,1872,0.4922
1,1873,0.4886
1,1874,0.4852
1,1875,0.4815
1,1876,0.4783
1,1877,0.4757
1,1878,0.4722
1,1879,0.4685
1,1880,0.4668
1,1881,0.4645
1,1882,0.4611
1,1883,0.4572
1,1884,0.4526
1,1885,0.4478
1,1886,0.4420
1,1887,0.4367
1,1888,0.4308
1,1889,0.4246
1,1890,0.4171
1,1891,0.4099
1,1892,0.4033
1,1893,0.3970
1,1894,0.3907
1,1895,0.3851
1,1896,0.3788
1,1897,0.3721
1,1898,0.3659
1,1899,0.3589
1,1900,0.3536
1,1901,0.3492
1,1902,0.3440
1,1903,0.3391
1,1904,0.3338
1,1905,0.3297
1,1906,0.3260
1,1907,0.3231
1,1908,0.3216
1,1909,0.3199
1,1910,0.3182
1,1911,0.3159
1,1912,0.3147
1,1913,0.3139
1,1914,0.3134
1,1915,0.3136
1,1916,0.3138
1,1917,0.3136
1,1918,0.3143
1,1919,0.3163
1,1920,0.3174
1,1921,0.3178
1,1922,0.3189
1,1923,0.3198
1,1924,0.3193
1,1925,0.3211
1,1926,0.3245
1,1927,0.3268
1,1928,0.3305
1,1929,0.3327
1,1930,0.3337
1,1931,0.3347
1,1932,0.3360
1,1933,0.3371
1,1934,0.3378
1,1935,0.3382
1,1936,0.3392
1,1937,0.3400
1,1938,0.3407
1,1939,0.3420
1,1940,0.3432
1,1941,0.3438
1,1942,0.3451
1,1943,0.3473
1,1944,0.3494
1,1945,0.3507
1,1946,0.3518
1,1947,0.3527
1,1948,0.3526
1,1949,0.3536
1,1950,0.3551
1,1951,0.3565
1,1952,0.3585
1,1953,0.3599
1,1954,0.3605
1,1955,0.3617
1,1956,0.3631
1,1957,0.3643
1,1958,0.3655
1,1959,0.3674
1,1960,0.3686
1,1961,0.3691
1,1962,0.3698
1,1963,0.3701
1,1964,0.3709
1,1965,0.3719
1,1966,0.3732
1,1967,0.3744
1,1968,0.3763
1,1969,0.3774
1,1970,0.3780
1,1971,0.3790
1,1972,0.3799
1,1973,0.3811
1,1974,0.3831
1,1975,0.3843
1,1976,0.3851
1,1977,0.3861
1,1978,0.3869
1,1979,0.3869
1,1980,0.3877
1,1981,0.3888
1,1982,0.3899
1,1983,0.3914
1,1984,0.3924
1,1985,0.3933
1,1986,0.3944
1,1987,0.3956
1,1988,0.3965
1,1989,0.3975
1,1990,0.3986
1,1991,0.3997
1,1992,0.4004
1,1993,0.4014
1,1994,0.4024
1,1995,0.4041
1,1996,0.4067
1,1997,0.4082
1,1998,0.4100
1,1999,0.4114
1,2000,0.4115
1,2001,0.4123
1,2002,0.4138
1,2003,0.4152
1,2004,0.4162
1,2005,0.4165
1,2006,0.4179
1,2007,0.4199
1,2008,0.4214
1,2009,0.4233
1,2010,0.4249
1,2011,0.4257
1,2012,0.4270
1,2013,0.4295
1,2014,0.4306
1,2015,0.4310
1,2016,0.4309
1,2017,0.4311
1,2018,0.4303
1,2019,0.4307
1,2020,0.4318
1,2021,0.4326
1,2022,0.4334
1,2023,0.4345
1,2024,0.4360
1,2025,0.4370
1,2026,0.4377
1,2027,0.4389
1,2028,0.4399
1,2029,0.4409
1,2030,0.4419
1,2031,0.4436
1,2032,0.4442
1,2033,0.4439
1,2034,0.4441
1,2035,0.4439
1,2036,0.4438
1,2037,0.4437
1,2038,0.4441
1,2039,0.4454
1,2040,0.4460
1,2041,0.4470
1,2042,0.4475
1,2043,0.4477
1,2044,0.4468
1,2045,0.4471
1,2046,0.4478
1,2047,0.4484
1,2048,0.4496
1,2049,0.4502
1,2050,0.4507
1,2051,0.4509
1,2052,0.4501
1,2053,0.4505
1,2054,0.4522
1,2055,0.4528
1,2056,0.4533
1,2057,0.4549
1,2058,0.4548
1,2059,0.4530
1,2060,0.4526
1,2061,0.4520
1,2062,0.4522
1,2063,0.4533
1,2064,0.4537
1,2065,0.4539
1,2066,0.4545
1,2067,0.4552
1,2068,0.4557
1,2069,0.4570
1,2070,0.4573
1,2071,0.4573
1,2072,0.4559
1,2073,0.4560
1,2074,0.4563
1,2075,0.4563
1,2076,0.4566
1,2077,0.4568
1,2078,0.4569
1,2079,0.4569
1,2080,0.4571
1,2081,0.4573
1,2082,0.4572
1,2083,0.4574
1,2084,0.4580
1,2085,0.4590
1,2086,0.4584
1,2087,0.4568
1,2088,0.4565
1,2089,0.4553
1,2090,0.4557
1,2091,0.4583
1,2092,0.4592
1,2093,0.4600
1,2094,0.4605
1,2095,0.4596
1,2096,0.4598
1,2097,0.4607
1,2098,0.4611
1,2099,0.4621
1,2100,0.4624
1,2101,0.4620
1,2102,0.4608
1,2103,0.4605
1,2104,0.4601
1,2105,0.4597
1,2106,0.4597
1,2107,0.4597
1,2108,0.4595
1,2109,0.4596
1,2110,0.4595
1,2111,0.4601
1,2112,0.4622
1,2113,0.4629
1,2114,0.4635
1,2115,0.4639
1,2116,0.4630
1,2117,0.4622
1,2118,0.4624
1,2119,0.4639
1,2120,0.4641
1,2121,0.4643
1,2122,0.4643
1,2123,0.4638
1,2124,0.4633
1,2125,0.4624
1,2126,0.4624
1,2127,0.4627
1,2128,0.4631
1,2129,0.4647
1,2130,0.4655
1,2131,0.4662
1,2132,0.4659
1,2133,0.4645
1,2134,0.4635
1,2135,0.4624
1,2136,0.4604
1,2137,0.4591
1,2138,0.4585
1,2139,0.4576
1,2140,0.4567
1,2141,0.4554
1,2142,0.4532
1,2143,0.4527
1,2144,0.4535
1,2145,0.4528
1,2146,0.4529
1,2147,0.4519
1,2148,0.4483
1,2149,0.4462
1,2150,0.4448
1,2151,0.4436
1,2152,0.4423
1,2153,0.4414
1,2154,0.4400
1,2155,0.4385
1,2156,0.4371
1,2157,0.4356
1,2158,0.4343
1,2159,0.4336
1,2160,0.4319
1,2161,0.4284
1,2162,0.4274
1,2163,0.4269
1,2164,0.4269
1,2165,0.4303
1,2166,0.4308
1,2167,0.4289
1,2168,0.4280
1,2169,0.4267
1,2170,0.4247
1,2171,0.4240
1,2172,0.4248
1,2173,0.4234
1,2174,0.4207
1,2175,0.4194
1,2176,0.4173
1,2177,0.4161
1,2178,0.4161
1,2179,0.4161
1,2180,0.4162
1,2181,0.4160
1,2182,0.4168
1,2183,0.4165
1,2184,0.4153
1,2185,0.4140
1,2186,0.4124
1,2187,0.4110
1,2188,0.4097
1,2189,0.4080
1,2190,0.4066
1,2191,0.4039
1,2192,0.4020
1,2193,0.4000
1,2194,0.3980
1,2195,0.3963
1,2196,0.3941
1,2197,0.3914
1,2198,0.3891
1,2199,0.3874
1,2200,0.3847
1,2201,0.3811
1,2202,0.3790
1,2203,0.3773
1,2204,0.3758
1,2205,0.3760
1,2206,0.3753
1,2207,0.3727
1,2208,0.3723
1,2209,0.3730
1,2210,0.3740
1,2211,0.3758
1,2212,0.3791
1,2213,0.3816
1,2214,0.3841
1,2215,0.3862
1,2216,0.3883
1,2217,0.3908
1,2218,0.3934
1,2219,0.3953
1,2220,0.3970
1,2221,0.3993
1,2222,0.4013
1,2223,0.4032
1,2224,0.4072
1,2225,0.4082
1,2226,0.4061
1,2227,0.4057
1,2228,0.4039
1,2229,0.4037
1,2230,0.4065
1,2231,0.4074
1,2232,0.4078
1,2233,0.4085
1,2234,0.4088
1,2235,0.4089
1,2236,0.4089
1,2237,0.4093
1,2238,0.4086
1,2239,0.4064
1,2240,0.4066
1,2241,0.4074
1,2242,0.4084
1,2243,0.4112
1,2244,0.4121
1,2245,0.4124
1,2246,0.4121
1,2247,0.4109
1,2248,0.4096
1,2249,0.4067
1,2250,0.4057
1,2251,0.4051
1,2252,0.4052
1,2253,0.4078
1,2254,0.4084
1,2255,0.4083
1,2256,0.4083
1,2257,0.4063
1,2258,0.4060
1,2259,0.4065
1,2260,0.4077
1,2261,0.4124
1,2262,0.4136
1,2263,0.4133
1,2264,0.4115
1,2265,0.4111
1,2266,0.4081
1,2267,0.4083
1,2268,0.4124
1,2269,0.4124
1,2270,0.4105
1,2271,0.4103
1,2272,0.4092
1,2273,0.4091
1,2274,0.4108
1,2275,0.4118
1,2276,0.4130
1,2277,0.4131
1,2278,0.4130
1,2279,0.4128
1,2280,0.4119
1,2281,0.4110
1,2282,0.4104
1,2283,0.4093
1,2284,0.4080
1,2285,0.4062
1,2286,0.4021
1,2287,0.4014
1,2288,0.4044
1,2289,0.4040
1,2290,0.4032
1,2291,0.4030
1,2292,0.4003
1,2293,0.3980
1,2294,0.3966
1,2295,0.3976
1,2296,0.3981
1,2297,0.3982
1,2298,0.3972
1,2299,0.3974
1,2300,0.3957
1,2301,0.3904
1,2302,0.3891
1,2303,0.3897
1,2304,0.3894
1,2305,0.3904
1,2306,0.3909
1,2307,0.3910
1,2308,0.3911
1,2309,0.3921
1,2310,0.3915
1,2311,0.3887
1,2312,0.3881
1,2313,0.3880
1,2314,0.3877
1,2315,0.3892
1,2316,0.3894
1,2317,0.3895
1,2318,0.3880
1,2319,0.3847
1,2320,0.3826
1,2321,0.3792
1,2322,0.3769
1,2323,0.3761
1,2324,0.3755
1,2325,0.3749
1,2326,0.3752
1,2327,0.3779
1,2328,0.3786
1,2329,0.3792
1,2330,0.3787
1,2331,0.3760
1,2332,0.3736
1,2333,0.3712
1,2334,0.3674
1,2335,0.3680
1,2336,0.3709
1,2337,0.3718
1,2338,0.3757
1,2339,0.3748
1,2340,0.3695
1,2341,0.3681
1,2342,0.3674
1,2343,0.3659
1,2344,0.3656
1,2345,0.3631
1,2346,0.3584
1,2347,0.3553
1,2348,0.3513
1,2349,0.3497
1,2350,0.3489
1,2351,0.3497
1,2352,0.3534
1,2353,0.3559
1,2354,0.3612
1,2355,0.3613
1,2356,0.3575
1,2357,0.3568
1,2358,0.3539
1,2359,0.3527
1,2360,0.3555
1,2361,0.3548
1,2362,0.3511
1,2363,0.3500
1,2364,0.3510
1,2365,0.3488
1,2366,0.3440
1,2367,0.3435
1,2368,0.3439
1,2369,0.3430
1,2370,0.3457
1,2371,0.3466
1,2372,0.3437
1,2373,0.3424
1,2374,0.3451
1,2375,0.3430
1,2376,0.3336
1,2377,0.3312
1,2378,0.3303
1,2379,0.3300
1,2380,0.3377
1,2381,0.3400
1,2382,0.3368
1,2383,0.3368
1,2384,0.3365
1,2385,0.3371
1,2386,0.3428
1,2387,0.3434
1,2388,0.3392
1,2389,0.3376
1,2390,0.3330
1,2391,0.3306
1,2392,0.3326
1,2393,0.3329
1,2394,0.3343
1,2395,0.3329
1,2396,0.3283
1,2397,0.3246
1,2398,0.3143
1,2399,0.3120
1,2400,0.3181
2,400,0.0563
2,401,0.0607
2,402,0.0577
2,403,0.0520
2,404,0.0557
2,405,0.0577
2,406,0.0520
2,407,0.0538
2,408,0.0543
2,409,0.0564
2,410,0.0652
2,411,0.0656
2,412,0.0633
2,413,0.0627
2,414,0.0640
2,415,0.0657
2,416,0.0665
2,417,0.0663
2,418,0.0685
2,419,0.0715
2,420,0.0723
2,421,0.0686
2,422,0.0704
2,423,0.0715
2,424,0.0693
2,425,0.0715
2,426,0.0739
2,427,0.0753
2,428,0.0755
2,429,0.0773
2,430,0.0774
2,431,0.0763
2,432,0.0777
2,433,0.0796
2,434,0.0802
2,435,0.0790
2,436,0.0786
2,437,0.0827
2,438,0.0875
2,439,0.0869
2,440,0.0857
2,441,0.0859
2,442,0.0868
2,443,0.0846
2,444,0.0866
2,445,0.0891
2,446,0.0880
2,447,0.0911
2,448,0.0927
2,449,0.0924
2,450,0.0935
2,451,0.0938
2,452,0.0935
2,453,0.0929
2,454,0.0924
2,455,0.0923
2,456,0.0926
2,457,0.0934
2,458,0.0949
2,459,0.0948
2,460,0.0934
2,461,0.0946
2,462,0.0957
2,463,0.0951
2,464,0.0929
2,465,0.0931
2,466,0.0945
2,467,0.0954
2,468,0.0939
2,469,0.0951
2,470,0.0960
2,471,0.0953
2,472,0.0955
2,473,0.0952
2,474,0.0947
2,475,0.0951
2,476,0.0957
2,477,0.0965
2,478,0.0969
2,479,0.0957
2,480,0.0972
2,481,0.0987
2,482,0.0981
2,483,0.0991
2,484,0.1003
2,485,0.1006
2,486,0.0999
2,487,0.1013
2,488,0.1017
2,489,0.1005
2,490,0.1037
2,491,0.1038
2,492,0.1027
2,493,0.1040
2,494,0.1052
2,495,0.1069
2,496,0.1082
2,497,0.1072
2,498,0.1074
2,499,0.1084
2,500,0.1095
2,501,0.1101
2,502,0.1105
2,503,0.1115
2,504,0.1131
2,505,0.1134
2,506,0.1139
2,507,0.1154
2,508,0.1168
2,509,0.1178
2,510,0.1180
2,511,0.1178
2,512,0.1192
2,513,0.1207
2,514,0.1218
2,515,0.1232
2,516,0.1240
2,517,0.1248
2,518,0.1259
2,519,0.1274
2,520,0.1280
2,521,0.1281
2,522,0.1287
2,523,0.1289
2,524,0.1296
2,525,0.1311
2,526,0.1322
2,527,0.1336
2,528,0.1350
2,529,0.1361
2,530,0.1367
2,531,0.1378
2,532,0.1395
2,533,0.1402
2,534,0.1406
2,535,0.1413
2,536,0.1427
2,537,0.1437
2,538,0.1444
2,539,0.1451
2,540,0.1461
2,541,0.1473
2,542,0.1484
2,543,0.1492
2,544,0.1500
2,545,0.1506
2,546,0.1511
2,547,0.1519
2,548,0.1533
2,549,0.1546
2,550,0.1556
2,551,0.1559
2,552,0.1566
2,553,0.1574
2,554,0.1579
2,555,0.1589
2,556,0.1595
2,557,0.1600
2,558,0.1610
2,559,0.1614
2,560,0.1621
2,561,0.1632
2,562,0.1635
2,563,0.1642
2,564,0.1647
2,565,0.1647
2,566,0.1659
2,567,0.1671
2,568,0.1677
2,569,0.1673
2,570,0.1679
2,571,0.1692
2,572,0.1702
2,573,0.1698
2,574,0.1695
2,575,0.1698
2,576,0.1711
2,577,0.1713
2,578,0.1715
2,579,0.1721
2,580,0.1725
2,581,0.1728
2,582,0.1729
2,583,0.1732
2,584,0.1732
2,585,0.1735
2,586,0.1741
2,587,0.1746
2,588,0.1750
2,589,0.1752
2,590,0.1751
2,591,0.1754
2,592,0.1757
2,593,0.1760
2,594,0.1763
2,595,0.1760
2,596,0.1760
2,597,0.1764
2,598,0.1770
2,599,0.1772
2,600,0.1773
2,601,0.1775
2,602,0.1774
2,603,0.1774
2,604,0.1776
2,605,0.1779
2,606,0.1778
2,607,0.1777
2,608,0.1781
2,609,0.1787
2,610,0.1789
2,611,0.1790
2,612,0.1793
2,613,0.1794
2,614,0.1798
2,615,0.1804
2,616,0.1802
2,617,0.1800
2,618,0.1799
2,619,0.1799
2,620,0.1803
2,621,0.1808
2,622,0.1811
2,623,0.1810
2,624,0.1810
2,625,0.1810
2,626,0.1811
2,627,0.1814
2,628,0.1816
2,629,0.1818
2,630,0.1820
2,631,0.1821
2,632,0.1820
2,633,0.1822
2,634,0.1826
2,635,0.1829
2,636,0.1831
2,637,0.1833
2,638,0.1835
2,639,0.1836
2,640,0.1839
2,641,0.1845
2,642,0.1846
2,643,0.1846
2,644,0.1845
2,645,0.1843
2,646,0.1849
2,647,0.1855
2,648,0.1856
2,649,0.1860
2,650,0.1861
2,651,0.1861
2,652,0.1861
2,653,0.1866
2,654,0.1868
2,655,0.1867
2,656,0.1873
2,657,0.1876
2,658,0.1878
2,659,0.1880
2,660,0.1886
2,661,0.1888
2,662,0.1888
2,663,0.1893
2,664,0.1897
2,665,0.1900
2,666,0.1903
2,667,0.1902
2,668,0.1905
2,669,0.1909
2,670,0.1912
2,671,0.1914
2,672,0.1918
2,673,0.1923
2,674,0.1925
2,675,0.1925
2,676,0.1930
2,677,0.1936
2,678,0.1929
2,679,0.1936
2,680,0.1947
2,681,0.1947
2,682,0.1951
2,683,0.1953
2,684,0.1953
2,685,0.1957
2,686,0.1961
2,687,0.1964
2,688,0.1967
2,689,0.1968
2,690,0.1973
2,691,0.1980
2,692,0.1984
2,693,0.1987
2,694,0.1989
2,695,0.1993
2,696,0.1996
2,697,0.1999
2,698,0.2002
2,699,0.2006
2,700,0.2011
2,701,0.2015
2,702,0.2019
2,703,0.2022
2,704,0.2023
2,705,0.2028
2,706,0.2035
2,707,0.2038
2,708,0.2044
2,709,0.2047
2,710,0.2047
2,711,0.2054
2,712,0.2058
2,713,0.2061
2,714,0.2065
2,715,0.2067
2,716,0.2070
2,717,0.2076
2,718,0.2082
2,719,0.2087
2,720,0.2091
2,721,0.2094
2,722,0.2097
2,723,0.2101
2,724,0.2105
2,725,0.2107
2,726,0.2113
2,727,0.2117
2,728,0.2119
2,729,0.2126
2,730,0.2130
2,731,0.2133
2,732,0.2137
2,733,0.2139
2,734,0.2144
2,735,0.2149
2,736,0.2150
2,737,0.2155
2,738,0.2158
2,739,0.2161
2,740,0.2170
2,741,0.2174
2,742,0.2176
2,743,0.2180
2,744,0.2185
2,745,0.2188
2,746,0.2191
2,747,0.2193
2,748,0.2199
2,749,0.2204
2,750,0.2208
2,751,0.2209
2,752,0.2214
2,753,0.2219
2,754,0.2223
2,755,0.2227
2,756,0.2229
2,757,0.2233
2,758,0.2236
2,759,0.2240
2,760,0.2242
2,761,0.2246
2,762,0.2253
2,763,0.2257
2,764,0.2264
2,765,0.2269
2,766,0.2267
2,767,0.2271
2,768,0.2275
2,769,0.2275
2,770,0.2281
2,771,0.2286
2,772,0.2289
2,773,0.2291
2,774,0.2298
2,775,0.2302
2,776,0.2305
2,777,0.2310
2,778,0.2312
2,779,0.2313
2,780,0.2314
2,781,0.2319
2,782,0.2324
2,783,0.2328
2,784,0.2331
2,785,0.2331
2,786,0.2333
2,787,0.2339
2,788,0.2344
2,789,0.2347
2,790,0.2349
2,791,0.2350
2,792,0.2352
2,793,0.2355
2,794,0.2359
2,795,0.2362
2,796,0.2366
2,797,0.2369
2,798,0.2370
2,799,0.2370
2,800,0.2378
2,801,0.2383
2,802,0.2384
2,803,0.2383
2,804,0.2389
2,805,0.2395
2,806,0.2398
2,807,0.2399
2,808,0.2396
2,809,0.2400
2,810,0.2410
2,811,0.2412
2,812,0.2415
2,813,0.2415
2,814,0.2413
2,815,0.2420
2,816,0.2424
2,817,0.2424
2,818,0.2426
2,819,0.2427
2,820,0.2429
2,821,0.2433
2,822,0.2436
2,823,0.2436
2,824,0.2441
2,825,0.2446
2,826,0.2447
2,827,0.2445
2,828,0.2445
2,829,0.2448
2,830,0.2453
2,831,0.2452
2,832,0.2452
2,833,0.2454
2,834,0.2456
2,835,0.2463
2,836,0.2466
2,837,0.2462
2,838,0.2465
2,839,0.2465
2,840,0.2468
2,841,0.2478
2,842,0.2479
2,843,0.2479
2,844,0.2480
2,845,0.2481
2,846,0.2483
2,847,0.2486
2,848,0.2487
2,849,0.2487
2,850,0.2490
2,851,0.2493
2,852,0.2494
2,853,0.2497
2,854,0.2499
2,855,0.2501
2,856,0.2502
2,857,0.2502
2,858,0.2501
2,859,0.2503
2,860,0.2510
2,861,0.2511
2,862,0.2513
2,863,0.2518
2,864,0.2525
2,865,0.2520
2,866,0.2519
2,867,0.2523
2,868,0.2526
2,869,0.2530
2,870,0.2531
2,871,0.2527
2,872,0.2524
2,873,0.2527
2,874,0.2533
2,875,0.2539
2,876,0.2545
2,877,0.2542
2,878,0.2540
2,879,0.2543
2,880,0.2551
2,881,0.2554
2,882,0.2557
2,883,0.2561
2,884,0.2561
2,885,0.2560
2,886,0.2561
2,887,0.2564
2,888,0.2563
2,889,0.2563
2,890,0.2564
2,891,0.2567
2,892,0.2576
2,893,0.2578
2,894,0.2577
2,895,0.2579
2,896,0.2580
2,897,0.2586
2,898,0.2591
2,899,0.2588
2,900,0.2593
2,901,0.2591
2,902,0.2588
2,903,0.2600
2,904,0.2616
2,905,0.2619
2,906,0.2612
2,907,0.2609
2,908,0.2605
2,909,0.2612
2,910,0.2624
2,911,0.2628
2,912,0.2620
2,913,0.2619
2,914,0.2624
2,915,0.2620
2,916,0.2631
2,917,0.2637
2,918,0.2635
2,919,0.2643
2,920,0.2646
2,921,0.2648
2,922,0.2651
2,923,0.2651
2,924,0.2651
2,925,0.2653
2,926,0.2656
2,927,0.2653
2,928,0.2662
2,929,0.2675
2,930,0.2681
2,931,0.2671
2,932,0.2675
2,933,0.2680
2,934,0.2682
2,935,0.2694
2,936,0.2686
2,937,0.2681
2,938,0.2689
2,939,0.2691
2,940,0.2698
2,941,0.2706
2,942,0.2713
2,943,0.2715
2,944,0.2719
2,945,0.2716
2,946,0.2712
2,947,0.2725
2,948,0.2717
2,949,0.2718
2,950,0.2739
2,951,0.2749
2,952,0.2750
2,953,0.2753
2,954,0.2754
2,955,0.2737
2,956,0.2736
2,957,0.2741
2,958,0.2747
2,959,0.2756
2,960,0.2762
2,961,0.2759
2,962,0.2755
2,963,0.2769
2,964,0.2784
2,965,0.2782
2,966,0.2767
2,967,0.2760
2,968,0.2776
2,969,0.2787
2,970,0.2791
2,971,0.2802
2,972,0.2804
2,973,0.2801
2,974,0.2804
2,975,0.2822
2,976,0.2830
2,977,0.2814
2,978,0.2802
2,979,0.2826
2,980,0.2842
2,981,0.2832
2,982,0.2821
2,983,0.2834
2,984,0.2829
2,985,0.2840
2,986,0.2859
2,987,0.2867
2,988,0.2855
2,989,0.2840
2,990,0.2844
2,991,0.2865
2,992,0.2860
2,993,0.2853
2,994,0.2863
2,995,0.2883
2,996,0.2875
2,997,0.2893
2,998,0.2901
2,999,0.2887
2,1000,0.2884
2,1001,0.2884
2,1002,0.2887
2,1003,0.2880
2,1004,0.2878
2,1005,0.2881
2,1006,0.2883
2,1007,0.2887
2,1008,0.2902
2,1009,0.2907
2,1010,0.2913
2,1011,0.2920
2,1012,0.2932
2,1013,0.2916
2,1014,0.2904
2,1015,0.2902
2,1016,0.2901
2,1017,0.2913
2,1018,0.2924
2,1019,0.2934
2,1020,0.2936
2,1021,0.2933
2,1022,0.2937
2,1023,0.2938
2,1024,0.2933
2,1025,0.2932
2,1026,0.2934
2,1027,0.2941
2,1028,0.2942
2,1029,0.2944
2,1030,0.2957
2,1031,0.2963
2,1032,0.2964
2,1033,0.2972
2,1034,0.2975
2,1035,0.2972
2,1036,0.2978
2,1037,0.2987
2,1038,0.2992
2,1039,0.2993
2,1040,0.2996
2,1041,0.2999
2,1042,0.2997
2,1043,0.3003
2,1044,0.3013
2,1045,0.3020
2,1046,0.3032
2,1047,0.3033
2,1048,0.3020
2,1049,0.3014
2,1050,0.3009
2,1051,0.3003
2,1052,0.3008
2,1053,0.3029
2,1054,0.3041
2,1055,0.3042
2,1056,0.3051
2,1057,0.3054
2,1058,0.3052
2,1059,0.3058
2,1060,0.3070
2,1061,0.3071
2,1062,0.3070
2,1063,0.3077
2,1064,0.3076
2,1065,0.3079
2,1066,0.3090
2,1067,0.3090
2,1068,0.3087
2,1069,0.3077
2,1070,0.3072
2,1071,0.3075
2,1072,0.3083
2,1073,0.3106
2,1074,0.3126
2,1075,0.3127
2,1076,0.3132
2,1077,0.3141
2,1078,0.3138
2,1079,0.3143
2,1080,0.3149
2,1081,0.3144
2,1082,0.3148
2,1083,0.3160
2,1084,0.3163
2,1085,0.3164
2,1086,0.3173
2,1087,0.3175
2,1088,0.3173
2,1089,0.3176
2,1090,0.3180
2,1091,0.3172
2,1092,0.3172
2,1093,0.3177
2,1094,0.3178
2,1095,0.3193
2,1096,0.3201
2,1097,0.3205
2,1098,0.3206
2,1099,0.3210
2,1100,0.3207
2,1101,0.3216
2,1102,0.3229
2,1103,0.3236
2,1104,0.3248
2,1105,0.3249
2,1106,0.3243
2,1107,0.3246
2,1108,0.3244
2,1109,0.3241
2,1110,0.3245
2,1111,0.3247
2,1112,0.3253
2,1113,0.3263
2,1114,0.3269
2,1115,0.3276
2,1116,0.3279
2,1117,0.3274
2,1118,0.3276
2,1119,0.3278
2,1120,0.3282
2,1121,0.3287
2,1122,0.3287
2,1123,0.3288
2,1124,0.3295
2,1125,0.3308
2,1126,0.3313
2,1127,0.3320
2,1128,0.3328
2,1129,0.3333
2,1130,0.3337
2,1131,0.3339
2,1132,0.3335
2,1133,0.3334
2,1134,0.3331
2,1135,0.3328
2,1136,0.3333
2,1137,0.3338
2,1138,0.3342
2,1139,0.3351
2,1140,0.3358
2,1141,0.3362
2,1142,0.3365
2,1143,0.3365
2,1144,0.3366
2,1145,0.3363
2,1146,0.3366
2,1147,0.3373
2,1148,0.3378
2,1149,0.3386
2,1150,0.3391
2,1151,0.3392
2,1152,0.3397
2,1153,0.3401
2,1154,0.3404
2,1155,0.3407
2,1156,0.3409
2,1157,0.3413
2,1158,0.3416
2,1159,0.3418
2,1160,0.3421
2,1161,0.3423
2,1162,0.3424
2,1163,0.3427
2,1164,0.3429
2,1165,0.3434
2,1166,0.3442
2,1167,0.3446
2,1168,0.3448
2,1169,0.3451
2,1170,0.3454
2,1171,0.3454
2,1172,0.3459
2,1173,0.3462
2,1174,0.3465
2,1175,0.3471
2,1176,0.3474
2,1177,0.3476
2,1178,0.3480
2,1179,0.3484
2,1180,0.3488
2,1181,0.3497
2,1182,0.3503
2,1183,0.3506
2,1184,0.3510
2,1185,0.3516
2,1186,0.3516
2,1187,0.3514
2,1188,0.3516
2,1189,0.3520
2,1190,0.3522
2,1191,0.3527
2,1192,0.3534
2,1193,0.3539
2,1194,0.3544
2,1195,0.3548
2,1196,0.3551
2,1197,0.3555
2,1198,0.3557
2,1199,0.3562
2,1200,0.3572
2,1201,0.3579
2,1202,0.3586
2,1203,0.3590
2,1204,0.3592
2,1205,0.3590
2,1206,0.3591
2,1207,0.3595
2,1208,0.3594
2,1209,0.3593
2,1210,0.3595
2,1211,0.3595
2,1212,0.3598
2,1213,0.3605
2,1214,0.3610
2,1215,0.3615
2,1216,0.3620
2,1217,0.3626
2,1218,0.3629
2,1219,0.3631
2,1220,0.3634
2,1221,0.3634
2,1222,0.3637
2,1223,0.3643
2,1224,0.3643
2,1225,0.3647
2,1226,0.3651
2,1227,0.3649
2,1228,0.3651
2,1229,0.3654
2,1230,0.3656
2,1231,0.3661
2,1232,0.3671
2,1233,0.3675
2,1234,0.3679
2,1235,0.3683
2,1236,0.3685
2,1237,0.3687
2,1238,0.3690
2,1239,0.3691
2,1240,0.3691
2,1241,0.3693
2,1242,0.3695
2,1243,0.3699
2,1244,0.3702
2,1245,0.3710
2,1246,0.3713
2,1247,0.3712
2,1248,0.3712
2,1249,0.3708
2,1250,0.3712
2,1251,0.3721
2,1252,0.3724
2,1253,0.3729
2,1254,0.3731
2,1255,0.3722
2,1256,0.3724
2,1257,0.3731
2,1258,0.3736
2,1259,0.3745
2,1260,0.3752
2,1261,0.3755
2,1262,0.3759
2,1263,0.3762
2,1264,0.3764
2,1265,0.3763
2,1266,0.3762
2,1267,0.3764
2,1268,0.3767
2,1269,0.3769
2,1270,0.3774
2,1271,0.3775
2,1272,0.3771
2,1273,0.3773
2,1274,0.3777
2,1275,0.3782
2,1276,0.3791
2,1277,0.3796
2,1278,0.3799
2,1279,0.3800
2,1280,0.3797
2,1281,0.3798
2,1282,0.3803
2,1283,0.3804
2,1284,0.3804
2,1285,0.3807
2,1286,0.3804
2,1287,0.3803
2,1288,0.3803
2,1289,0.3804
2,1290,0.3806
2,1291,0.3808
2,1292,0.3810
2,1293,0.3812
2,1294,0.3813
2,1295,0.3813
2,1296,0.3815
2,1297,0.3821
2,1298,0.3820
2,1299,0.3815
2,1300,0.3814
2,1301,0.3809
2,1302,0.3810
2,1303,0.3820
2,1304,0.3825
2,1305,0.3830
2,1306,0.3833
2,1307,0.3835
2,1308,0.3835
2,1309,0.3835
2,1310,0.3832
2,1311,0.3833
2,1312,0.3832
2,1313,0.3833
2,1314,0.3837
2,1315,0.3836
2,1316,0.3830
2,1317,0.3830
2,1318,0.3832
2,1319,0.3833
2,1320,0.3839
2,1321,0.3842
2,1322,0.3841
2,1323,0.3843
2,1324,0.3846
2,1325,0.3847
2,1326,0.3848
2,1327,0.3850
2,1328,0.3849
2,1329,0.3850
2,1330,0.3855
2,1331,0.3857
2,1332,0.3859
2,1333,0.3861
2,1334,0.3861
2,1335,0.3860
2,1336,0.3856
2,1337,0.3850
2,1338,0.3849
2,1339,0.3847
2,1340,0.3847
2,1341,0.3853
2,1342,0.3854
2,1343,0.3851
2,1344,0.3851
2,1345,0.3854
2,1346,0.3853
2,1347,0.3853
2,1348,0.3852
2,1349,0.3848
2,1350,0.3846
2,1351,0.3845
2,1352,0.3844
2,1353,0.3843
2,1354,0.3842
2,1355,0.3839
2,1356,0.3837
2,1357,0.3835
2,1358,0.3832
2,1359,0.3830
2,1360,0.3829
2,1361,0.3827
2,1362,0.3825
2,1363,0.3823
2,1364,0.3821
2,1365,0.3820
2,1366,0.3818
2,1367,0.3816
2,1368,0.3817
2,1369,0.3813
2,1370,0.3806
2,1371,0.3799
2,1372,0.3793
2,1373,0.3783
2,1374,0.3771
2,1375,0.3758
2,1376,0.3743
2,1377,0.3727
2,1378,0.3711
2,1379,0.3695
2,1380,0.3675
2,1381,0.3658
2,1382,0.3643
2,1383,0.3625
2,1384,0.3606
2,1385,0.3588
2,1386,0.3566
2,1387,0.3538
2,1388,0.3516
2,1389,0.3492
2,1390,0.3470
2,1391,0.3454
2,1392,0.3430
2,1393,0.3403
2,1394,0.3377
2,1395,0.3347
2,1396,0.3322
2,1397,0.3304
2,1398,0.3280
2,1399,0.3257
2,1400,0.3233
2,1401,0.3207
2,1402,0.3182
2,1403,0.3160
2,1404,0.3137
2,1405,0.3114
2,1406,0.3090
2,1407,0.3066
2,1408,0.3043
2,1409,0.3017
2,1410,0.2996
2,1411,0.2972
2,1412,0.2958
2,1413,0.2947
2,1414,0.2944
2,1415,0.2948
2,1416,0.2960
2,1417,0.2977
2,1418,0.3002
2,1419,0.3024
2,1420,0.3053
2,1421,0.3074
2,1422,0.3093
2,1423,0.3110
2,1424,0.3124
2,1425,0.3140
2,1426,0.3154
2,1427,0.3172
2,1428,0.3192
2,1429,0.3208
2,1430,0.3225
2,1431,0.3239
2,1432,0.3248
2,1433,0.3260
2,1434,0.3275
2,1435,0.3288
2,1436,0.3303
2,1437,0.3315
2,1438,0.3322
2,1439,0.3332
2,1440,0.3341
2,1441,0.3352
2,1442,0.3369
2,1443,0.3382
2,1444,0.3395
2,1445,0.3404
2,1446,0.3409
2,1447,0.3415
2,1448,0.3420
2,1449,0.3423
2,1450,0.3428
2,1451,0.3435
2,1452,0.3439
2,1453,0.3442
2,1454,0.3447
2,1455,0.3451
2,1456,0.3456
2,1457,0.3464
2,1458,0.3469
2,1459,0.3472
2,1460,0.3475
2,1461,0.3475
2,1462,0.3479
2,1463,0.3486
2,1464,0.3490
2,1465,0.3497
2,1466,0.3502
2,1467,0.3502
2,1468,0.3506
2,1469,0.3511
2,1470,0.3516
2,1471,0.3525
2,1472,0.3531
2,1473,0.3537
2,1474,0.3544
2,1475,0.3550
2,1476,0.3558
2,1477,0.3568
2,1478,0.3575
2,1479,0.3582
2,1480,0.3589
2,1481,0.3595
2,1482,0.3601
2,1483,0.3608
2,1484,0.3615
2,1485,0.3621
2,1486,0.3628
2,1487,0.3636
2,1488,0.3642
2,1489,0.3648
2,1490,0.3654
2,1491,0.3660
2,1492,0.3665
2,1493,0.3671
2,1494,0.3678
2,1495,0.3685
2,1496,0.3693
2,1497,0.3698
2,1498,0.3701
2,1499,0.3707
2,1500,0.3713
2,1501,0.3718
2,1502,0.3725
2,1503,0.3729
2,1504,0.3729
2,1505,0.3733
2,1506,0.3737
2,1507,0.3742
2,1508,0.3750
2,1509,0.3756
2,1510,0.3763
2,1511,0.3770
2,1512,0.3779
2,1513,0.3784
2,1514,0.3788
2,1515,0.3792
2,1516,0.3794
2,1517,0.3797
2,1518,0.3803
2,1519,0.3807
2,1520,0.3810
2,1521,0.3814
2,1522,0.3818
2,1523,0.3820
2,1524,0.3821
2,1525,0.3823
2,1526,0.3825
2,1527,0.3829
2,1528,0.3836
2,1529,0.3840
2,1530,0.3842
2,1531,0.3845
2,1532,0.3847
2,1533,0.3850
2,1534,0.3855
2,1535,0.3860
2,1536,0.3866
2,1537,0.3871
2,1538,0.3877
2,1539,0.3880
2,1540,0.3876
2,1541,0.3877
2,1542,0.3878
2,1543,0.3882
2,1544,0.3889
2,1545,0.3895
2,1546,0.3899
2,1547,0.3900
2,1548,0.3900
2,1549,0.3898
2,1550,0.3901
2,1551,0.3904
2,1552,0.3908
2,1553,0.3917
2,1554,0.3920
2,1555,0.3919
2,1556,0.3923
2,1557,0.3926
2,1558,0.3930
2,1559,0.3937
2,1560,0.3940
2,1561,0.3940
2,1562,0.3940
2,1563,0.3936
2,1564,0.3938
2,1565,0.3942
2,1566,0.3945
2,1567,0.3951
2,1568,0.3955
2,1569,0.3957
2,1570,0.3958
2,1571,0.3958
2,1572,0.3959
2,1573,0.3959
2,1574,0.3960
2,1575,0.3962
2,1576,0.3964
2,1577,0.3968
2,1578,0.3970
2,1579,0.3974
2,1580,0.3978
2,1581,0.3980
2,1582,0.3981
2,1583,0.3982
2,1584,0.3985
2,1585,0.3988
2,1586,0.3990
2,1587,0.3995
2,1588,0.3995
2,1589,0.3988
2,1590,0.3987
2,1591,0.3984
2,1592,0.3986
2,1593,0.3997
2,1594,0.3999
2,1595,0.3997
2,1596,0.3997
2,1597,0.3992
2,1598,0.3992
2,1599,0.3997
2,1600,0.3999
2,1601,0.3998
2,1602,0.4000
2,1603,0.4000
2,1604,0.4003
2,1605,0.4009
2,1606,0.4014
2,1607,0.4022
2,1608,0.4022
2,1609,0.4015
2,1610,0.4014
2,1611,0.4011
2,1612,0.4011
2,1613,0.4019
2,1614,0.4021
2,1615,0.4016
2,1616,0.4017
2,1617,0.4023
2,1618,0.4024
2,1619,0.4026
2,1620,0.4028
2,1621,0.4024
2,1622,0.4024
2,1623,0.4028
2,1624,0.4031
2,1625,0.4036
2,1626,0.4038
2,1627,0.4038
2,1628,0.4039
2,1629,0.4037
2,1630,0.4037
2,1631,0.4039
2,1632,0.4040
2,1633,0.4040
2,1634,0.4041
2,1635,0.4043
2,1636,0.4045
2,1637,0.4050
2,1638,0.4051
2,1639,0.4048
2,1640,0.4047
2,1641,0.4047
2,1642,0.4046
2,1643,0.4045
2,1644,0.4045
2,1645,0.4043
2,1646,0.4043
2,1647,0.4043
2,1648,0.4045
2,1649,0.4051
2,1650,0.4052
2,1651,0.4052
2,1652,0.4052
2,1653,0.4045
2,1654,0.4046
2,1655,0.4056
2,1656,0.4058
2,1657,0.4058
2,1658,0.4058
2,1659,0.4051
2,1660,0.4050
2,1661,0.4052
2,1662,0.4054
2,1663,0.4057
2,1664,0.4058
2,1665,0.4058
2,1666,0.4058
2,1667,0.4057
2,1668,0.4059
2,1669,0.4067
2,1670,0.4069
2,1671,0.4072
2,1672,0.4072
2,1673,0.4065
2,1674,0.4063
2,1675,0.4062
2,1676,0.4061
2,1677,0.4063
2,1678,0.4061
2,1679,0.4057
2,1680,0.4056
2,1681,0.4057
2,1682,0.4057
2,1683,0.4059
2,1684,0.4061
2,1685,0.4063
2,1686,0.4064
2,1687,0.4069
2,1688,0.4069
2,1689,0.4061
2,1690,0.4061
2,1691,0.4066
2,1692,0.4066
2,1693,0.4068
2,1694,0.4068
2,1695,0.4063
2,1696,0.4062
2,1697,0.4064
2,1698,0.4064
2,1699,0.4060
2,1700,0.4059
2,1701,0.4061
2,1702,0.4062
2,1703,0.4066
2,1704,0.4066
2,1705,0.4066
2,1706,0.4062
2,1707,0.4054
2,1708,0.4051
2,1709,0.4044
2,1710,0.4045
2,1711,0.4053
2,1712,0.4053
2,1713,0.4052
2,1714,0.4050
2,1715,0.4044
2,1716,0.4042
2,1717,0.4043
2,1718,0.4043
2,1719,0.4045
2,1720,0.4041
2,1721,0.4040
2,1722,0.4040
2,1723,0.4037
2,1724,0.4039
2,1725,0.4042
2,1726,0.4036
2,1727,0.4033
2,1728,0.4033
2,1729,0.4033
2,1730,0.4036
2,1731,0.4039
2,1732,0.4036
2,1733,0.4029
2,1734,0.4026
2,1735,0.4022
2,1736,0.4018
2,1737,0.4017
2,1738,0.4012
2,1739,0.4009
2,1740,0.4006
2,1741,0.4003
2,1742,0.4004
2,1743,0.4002
2,1744,0.4000
2,1745,0.4000
2,1746,0.3999
2,1747,0.3998
2,1748,0.3999
2,1749,0.3999
2,1750,0.3999
2,1751,0.3997
2,1752,0.3994
2,1753,0.3991
2,1754,0.3983
2,1755,0.3980
2,1756,0.3977
2,1757,0.3976
2,1758,0.3979
2,1759,0.3980
2,1760,0.3982
2,1761,0.3983
2,1762,0.3984
2,1763,0.3984
2,1764,0.3981
2,1765,0.3979
2,1766,0.3977
2,1767,0.3974
2,1768,0.3971
2,1769,0.3968
2,1770,0.3964
2,1771,0.3959
2,1772,0.3955
2,1773,0.3949
2,1774,0.3945
2,1775,0.3947
2,1776,0.3950
2,1777,0.3952
2,1778,0.3954
2,1779,0.3956
2,1780,0.3958
2,1781,0.3959
2,1782,0.3958
2,1783,0.3952
2,1784,0.3948
2,1785,0.3943
2,1786,0.3939
2,1787,0.3940
2,1788,0.3939
2,1789,0.3939
2,1790,0.3936
2,1791,0.3929
2,1792,0.3925
2,1793,0.3924
2,1794,0.3926
2,1795,0.3926
2,1796,0.3924
2,1797,0.3925
2,1798,0.3924
2,1799,0.3924
2,1800,0.3926
2,1801,0.3921
2,1802,0.3921
2,1803,0.3929
2,1804,0.3931
2,1805,0.3935
2,1806,0.3935
2,1807,0.3935
2,1808,0.3938
2,1809,0.3932
2,1810,0.3929
2,1811,0.3930
2,1812,0.3927
2,1813,0.3926
2,1814,0.3932
2,1815,0.3935
2,1816,0.3931
2,1817,0.3928
2,1818,0.3922
2,1819,0.3915
2,1820,0.3914
2,1821,0.3924
2,1822,0.3927
2,1823,0.3917
2,1824,0.3910
2,1825,0.3903
2,1826,0.3895
2,1827,0.3903
2,1828,0.3916
2,1829,0.3913
2,1830,0.3910
2,1831,0.3908
2,1832,0.3911
2,1833,0.3915
2,1834,0.3912
2,1835,0.3901
2,1836,0.3897
2,1837,0.3892
2,1838,0.3881
2,1839,0.3882
2,1840,0.3883
2,1841,0.3877
2,1842,0.3867
2,1843,0.3862
2,1844,0.3856
2,1845,0.3851
2,1846,0.3854
2,1847,0.3855
2,1848,0.3838
2,1849,0.3823
2,1850,0.3815
2,1851,0.3814
2,1852,0.3811
2,1853,0.3818
2,1854,0.3816
2,1855,0.3809
2,1856,0.3799
2,1857,0.3785
2,1858,0.3780
2,1859,0.3787
2,1860,0.3775
2,1861,0.3757
2,1862,0.3744
2,1863,0.3726
2,1864,0.3691
2,1865,0.3668
2,1866,0.3656
2,1867,0.3632
2,1868,0.3614
2,1869,0.3590
2,1870,0.3561
2,1871,0.3540
2,1872,0.3510
2,1873,0.3470
2,1874,0.3436
2,1875,0.3404
2,1876,0.3367
2,1877,0.3337
2,1878,0.3296
2,1879,0.3254
2,1880,0.3217
2,1881,0.3177
2,1882,0.3142
2,1883,0.3097
2,1884,0.3043
2,1885,0.2995
2,1886,0.2947
2,1887,0.2895
2,1888,0.2838
2,1889,0.2779
2,1890,0.2714
2,1891,0.2644
2,1892,0.2582
2,1893,0.2531
2,1894,0.2473
2,1895,0.2408
2,1896,0.2353
2,1897,0.2305
2,1898,0.2247
2,1899,0.2186
2,1900,0.2134
2,1901,0.2079
2,1902,0.2023
2,1903,0.1976
2,1904,0.1937
2,1905,0.1906
2,1906,0.1882
2,1907,0.1862
2,1908,0.1851
2,1909,0.1852
2,1910,0.1847
2,1911,0.1839
2,1912,0.1834
2,1913,0.1832
2,1914,0.1827
2,1915,0.1817
2,1916,0.1822
2,1917,0.1834
2,1918,0.1845
2,1919,0.1866
2,1920,0.1881
2,1921,0.1892
2,1922,0.1909
2,1923,0.1921
2,1924,0.1936
2,1925,0.1947
2,1926,0.1949
2,1927,0.1957
2,1928,0.1971
2,1929,0.1980
2,1930,0.1985
2,1931,0.1998
2,1932,0.2010
2,1933,0.2010
2,1934,0.2021
2,1935,0.2038
2,1936,0.2049
2,1937,0.2061
2,1938,0.2071
2,1939,0.2076
2,1940,0.2086
2,1941,0.2102
2,1942,0.2113
2,1943,0.2125
2,1944,0.2133
2,1945,0.2144
2,1946,0.2152
2,1947,0.2160
2,1948,0.2168
2,1949,0.2182
2,1950,0.2204
2,1951,0.2213
2,1952,0.2220
2,1953,0.2226
2,1954,0.2219
2,1955,0.2219
2,1956,0.2224
2,1957,0.2236
2,1958,0.2247
2,1959,0.2266
2,1960,0.2274
2,1961,0.2276
2,1962,0.2282
2,1963,0.2282
2,1964,0.2288
2,1965,0.2302
2,1966,0.2311
2,1967,0.2319
2,1968,0.2326
2,1969,0.2333
2,1970,0.2338
2,1971,0.2346
2,1972,0.2355
2,1973,0.2365
2,1974,0.2376
2,1975,0.2387
2,1976,0.2398
2,1977,0.2409
2,1978,0.2419
2,1979,0.2427
2,1980,0.2439
2,1981,0.2454
2,1982,0.2467
2,1983,0.2481
2,1984,0.2495
2,1985,0.2505
2,1986,0.2519
2,1987,0.2539
2,1988,0.2553
2,1989,0.2563
2,1990,0.2573
2,1991,0.2579
2,1992,0.2580
2,1993,0.2585
2,1994,0.2586
2,1995,0.2596
2,1996,0.2616
2,1997,0.2627
2,1998,0.2639
2,1999,0.2653
2,2000,0.2665
2,2001,0.2673
2,2002,0.2676
2,2003,0.2687
2,2004,0.2694
2,2005,0.2687
2,2006,0.2700
2,2007,0.2729
2,2008,0.2742
2,2009,0.2755
2,2010,0.2767
2,2011,0.2764
2,2012,0.2772
2,2013,0.2793
2,2014,0.2804
2,2015,0.2813
2,2016,0.2822
2,2017,0.2826
2,2018,0.2824
2,2019,0.2825
2,2020,0.2821
2,2021,0.2825
2,2022,0.2833
2,2023,0.2839
2,2024,0.2847
2,2025,0.2857
2,2026,0.2871
2,2027,0.2878
2,2028,0.2878
2,2029,0.2887
2,2030,0.2897
2,2031,0.2902
2,2032,0.2913
2,2033,0.2940
2,2034,0.2951
2,2035,0.2950
2,2036,0.2956
2,2037,0.2960
2,2038,0.2966
2,2039,0.2978
2,2040,0.2988
2,2041,0.2999
2,2042,0.3004
2,2043,0.3005
2,2044,0.3002
2,2045,0.3000
2,2046,0.2988
2,2047,0.2990
2,2048,0.3001
2,2049,0.3006
2,2050,0.3019
2,2051,0.3024
2,2052,0.3023
2,2053,0.3022
2,2054,0.3016
2,2055,0.3016
2,2056,0.3018
2,2057,0.3024
2,2058,0.3021
2,2059,0.3017
2,2060,0.3018
2,2061,0.3014
2,2062,0.3017
2,2063,0.3029
2,2064,0.3039
2,2065,0.3051
2,2066,0.3061
2,2067,0.3081
2,2068,0.3089
2,2069,0.3082
2,2070,0.3083
2,2071,0.3084
2,2072,0.3080
2,2073,0.3080
2,2074,0.3084
2,2075,0.3090
2,2076,0.3102
2,2077,0.3104
2,2078,0.3108
2,2079,0.3107
2,2080,0.3087
2,2081,0.3084
2,2082,0.3092
2,2083,0.3095
2,2084,0.3104
2,2085,0.3110
2,2086,0.3112
2,2087,0.3109
2,2088,0.3112
2,2089,0.3120
2,2090,0.3121
2,2091,0.3124
2,2092,0.3119
2,2093,0.3095
2,2094,0.3092
2,2095,0.3097
2,2096,0.3099
2,2097,0.3117
2,2098,0.3124
2,2099,0.3123
2,2100,0.3124
2,2101,0.3123
2,2102,0.3125
2,2103,0.3122
2,2104,0.3113
2,2105,0.3111
2,2106,0.3107
2,2107,0.3107
2,2108,0.3114
2,2109,0.3117
2,2110,0.3117
2,2111,0.3119
2,2112,0.3124
2,2113,0.3126
2,2114,0.3119
2,2115,0.3122
2,2116,0.3129
2,2117,0.3133
2,2118,0.3140
2,2119,0.3158
2,2120,0.3158
2,2121,0.3146
2,2122,0.3142
2,2123,0.3129
2,2124,0.3130
2,2125,0.3147
2,2126,0.3149
2,2127,0.3151
2,2128,0.3152
2,2129,0.3139
2,2130,0.3139
2,2131,0.3157
2,2132,0.3158
2,2133,0.3154
2,2134,0.3154
2,2135,0.3148
2,2136,0.3130
2,2137,0.3121
2,2138,0.3118
2,2139,0.3109
2,2140,0.3098
2,2141,0.3084
2,2142,0.3066
2,2143,0.3052
2,2144,0.3035
2,2145,0.3024
2,2146,0.3021
2,2147,0.3011
2,2148,0.2999
2,2149,0.2990
2,2150,0.2979
2,2151,0.2968
2,2152,0.2964
2,2153,0.2969
2,2154,0.2959
2,2155,0.2948
2,2156,0.2929
2,2157,0.2893
2,2158,0.2872
2,2159,0.2852
2,2160,0.2843
2,2161,0.2846
2,2162,0.2842
2,2163,0.2843
2,2164,0.2841
2,2165,0.2838
2,2166,0.2829
2,2167,0.2810
2,2168,0.2798
2,2169,0.2778
2,2170,0.2770
2,2171,0.2760
2,2172,0.2755
2,2173,0.2752
2,2174,0.2753
2,2175,0.2746
2,2176,0.2745
2,2177,0.2737
2,2178,0.2715
2,2179,0.2705
2,2180,0.2706
2,2181,0.2697
2,2182,0.2688
2,2183,0.2678
2,2184,0.2658
2,2185,0.2647
2,2186,0.2641
2,2187,0.2635
2,2188,0.2640
2,2189,0.2634
2,2190,0.2624
2,2191,0.2602
2,2192,0.2586
2,2193,0.2561
2,2194,0.2544
2,2195,0.2535
2,2196,0.2513
2,2197,0.2481
2,2198,0.2463
2,2199,0.2454
2,2200,0.2427
2,2201,0.2398
2,2202,0.2369
2,2203,0.2312
2,2204,0.2285
2,2205,0.2294
2,2206,0.2277
2,2207,0.2240
2,2208,0.2233
2,2209,0.2223
2,2210,0.2228
2,2211,0.2264
2,2212,0.2313
2,2213,0.2346
2,2214,0.2376
2,2215,0.2403
2,2216,0.2429
2,2217,0.2447
2,2218,0.2453
2,2219,0.2470
2,2220,0.2488
2,2221,0.2504
2,2222,0.2536
2,2223,0.2543
2,2224,0.2521
2,2225,0.2527
2,2226,0.2537
2,2227,0.2544
2,2228,0.2574
2,2229,0.2585
2,2230,0.2569
2,2231,0.2569
2,2232,0.2583
2,2233,0.2584
2,2234,0.2579
2,2235,0.2582
2,2236,0.2586
2,2237,0.2582
2,2238,0.2579
2,2239,0.2585
2,2240,0.2583
2,2241,0.2567
2,2242,0.2571
2,2243,0.2593
2,2244,0.2595
2,2245,0.2594
2,2246,0.2594
2,2247,0.2582
2,2248,0.2576
2,2249,0.2570
2,2250,0.2572
2,2251,0.2574
2,2252,0.2581
2,2253,0.2607
2,2254,0.2616
2,2255,0.2615
2,2256,0.2616
2,2257,0.2601
2,2258,0.2601
2,2259,0.2625
2,2260,0.2626
2,2261,0.2600
2,2262,0.2605
2,2263,0.2605
2,2264,0.2592
2,2265,0.2592
2,2266,0.2615
2,2267,0.2621
2,2268,0.2619
2,2269,0.2620
2,2270,0.2624
2,2271,0.2632
2,2272,0.2641
2,2273,0.2645
2,2274,0.2656
2,2275,0.2661
2,2276,0.2662
2,2277,0.2655
2,2278,0.2640
2,2279,0.2632
2,2280,0.2622
2,2281,0.2606
2,2282,0.2589
2,2283,0.2578
2,2284,0.2554
2,2285,0.2543
2,2286,0.2547
2,2287,0.2552
2,2288,0.2569
2,2289,0.2575
2,2290,0.2584
2,2291,0.2583
2,2292,0.2559
2,2293,0.2548
2,2294,0.2540
2,2295,0.2533
2,2296,0.2535
2,2297,0.2556
2,2298,0.2551
2,2299,0.2538
2,2300,0.2531
2,2301,0.2515
2,2302,0.2503
2,2303,0.2499
2,2304,0.2487
2,2305,0.2459
2,2306,0.2452
2,2307,0.2456
2,2308,0.2458
2,2309,0.2478
2,2310,0.2473
2,2311,0.2446
2,2312,0.2435
2,2313,0.2414
2,2314,0.2404
2,2315,0.2414
2,2316,0.2413
2,2317,0.2412
2,2318,0.2404
2,2319,0.2388
2,2320,0.2376
2,2321,0.2370
2,2322,0.2348
2,2323,0.2304
2,2324,0.2287
2,2325,0.2273
2,2326,0.2263
2,2327,0.2283
2,2328,0.2291
2,2329,0.2293
2,2330,0.2290
2,2331,0.2292
2,2332,0.2279
2,2333,0.2254
2,2334,0.2200
2,2335,0.2197
2,2336,0.2207
2,2337,0.2206
2,2338,0.2230
2,2339,0.2238
2,2340,0.2225
2,2341,0.2223
2,2342,0.2250
2,2343,0.2228
2,2344,0.2163
2,2345,0.2136
2,2346,0.2100
2,2347,0.2089
2,2348,0.2125
2,2349,0.2109
2,2350,0.2059
2,2351,0.2050
2,2352,0.2039
2,2353,0.2031
2,2354,0.2049
2,2355,0.2065
2,2356,0.2075
2,2357,0.2078
2,2358,0.2117
2,2359,0.2102
2,2360,0.2015
2,2361,0.1987
2,2362,0.1954
2,2363,0.1953
2,2364,0.2015
2,2365,0.2037
2,2366,0.2062
2,2367,0.2070
2,2368,0.2035
2,2369,0.2038
2,2370,0.2064
2,2371,0.2067
2,2372,0.2103
2,2373,0.2088
2,2374,0.1995
2,2375,0.1956
2,2376,0.1912
2,2377,0.1891
2,2378,0.1915
2,2379,0.1937
2,2380,0.1991
2,2381,0.2004
2,2382,0.1996
2,2383,0.1997
2,2384,0.1959
2,2385,0.1949
2,2386,0.1985
2,2387,0.1994
2,2388,0.1988
2,2389,0.1989
2,2390,0.2011
2,2391,0.1985
2,2392,0.1884
2,2393,0.1856
2,2394,0.1875
2,2395,0.1840
2,2396,0.1803
2,2397,0.1813
2,2398,0.1805
2,2399,0.1785
2,2400,0.1852
3,400,0.0538
3,401,0.0500
3,402,0.0450
3,403,0.0478
3,404,0.0491
3,405,0.0494
3,406,0.0488
3,407,0.0389
3,408,0.0401
3,409,0.0480
3,410,0.0489
3,411,0.0493
3,412,0.0474
3,413,0.0446
3,414,0.0465
3,415,0.0512
3,416,0.0532
3,417,0.0500
3,418,0.0495
3,419,0.0528
3,420,0.0565
3,421,0.0557
3,422,0.0553
3,423,0.0554
3,424,0.0560
3,425,0.0580
3,426,0.0576
3,427,0.0556
3,428,0.0547
3,429,0.0612
3,430,0.0620
3,431,0.0579
3,432,0.0621
3,433,0.0645
3,434,0.0643
3,435,0.0628
3,436,0.0619
3,437,0.0644
3,438,0.0676
3,439,0.0678
3,440,0.0689
3,441,0.0689
3,442,0.0677
3,443,0.0678
3,444,0.0691
3,445,0.0697
3,446,0.0686
3,447,0.0699
3,448,0.0706
3,449,0.0717
3,450,0.0756
3,451,0.0738
3,452,0.0719
3,453,0.0731
3,454,0.0705
3,455,0.0716
3,456,0.0742
3,457,0.0735
3,458,0.0750
3,459,0.0750
3,460,0.0736
3,461,0.0766
3,462,0.0755
3,463,0.0740
3,464,0.0763
3,465,0.0762
3,466,0.0750
3,467,0.0743
3,468,0.0755
3,469,0.0760
3,470,0.0756
3,471,0.0751
3,472,0.0756
3,473,0.0758
3,474,0.0758
3,475,0.0762
3,476,0.0769
3,477,0.0780
3,478,0.0788
3,479,0.0782
3,480,0.0779
3,481,0.0774
3,482,0.0769
3,483,0.0783
3,484,0.0804
3,485,0.0815
3,486,0.0796
3,487,0.0802
3,488,0.0811
3,489,0.0814
3,490,0.0829
3,491,0.0831
3,492,0.0827
3,493,0.0833
3,494,0.0857
3,495,0.0872
3,496,0.0871
3,497,0.0871
3,498,0.0879
3,499,0.0889
3,500,0.0894
3,501,0.0896
3,502,0.0897
3,503,0.0905
3,504,0.0923
3,505,0.0934
3,506,0.0940
3,507,0.0947
3,508,0.0959
3,509,0.0956
3,510,0.0952
3,511,0.0965
3,512,0.0982
3,513,0.0996
3,514,0.1003
3,515,0.1007
3,516,0.1017
3,517,0.1024
3,518,0.1023
3,519,0.1038
3,520,0.1047
3,521,0.1054
3,522,0.1075
3,523,0.1072
3,524,0.1074
3,525,0.1092
3,526,0.1103
3,527,0.1116
3,528,0.1127
3,529,0.1134
3,530,0.1141
3,531,0.1147
3,532,0.1155
3,533,0.1173
3,534,0.1180
3,535,0.1184
3,536,0.1191
3,537,0.1204
3,538,0.1209
3,539,0.1211
3,540,0.1221
3,541,0.1231
3,542,0.1247
3,543,0.1263
3,544,0.1260
3,545,0.1267
3,546,0.1280
3,547,0.1288
3,548,0.1298
3,549,0.1309
3,550,0.1316
3,551,0.1318
3,552,0.1327
3,553,0.1334
3,554,0.1337
3,555,0.1349
3,556,0.1358
3,557,0.1366
3,558,0.1377
3,559,0.1382
3,560,0.1389
3,561,0.1398
3,562,0.1401
3,563,0.1403
3,564,0.1408
3,565,0.1418
3,566,0.1426
3,567,0.1433
3,568,0.1438
3,569,0.1441
3,570,0.1446
3,571,0.1454
3,572,0.1462
3,573,0.1460
3,574,0.1466
3,575,0.1476
3,576,0.1478
3,577,0.1482
3,578,0.1486
3,579,0.1489
3,580,0.1496
3,581,0.1503
3,582,0.1509
3,583,0.1513
3,584,0.1511
3,585,0.1514
3,586,0.1522
3,587,0.1526
3,588,0.1529
3,589,0.1528
3,590,0.1525
3,591,0.1535
3,592,0.1545
3,593,0.1550
3,594,0.1550
3,595,0.1548
3,596,0.1550
3,597,0.1557
3,598,0.1563
3,599,0.1568
3,600,0.1571
3,601,0.1570
3,602,0.1572
3,603,0.1573
3,604,0.1573
3,605,0.1577
3,606,0.1581
3,607,0.1588
3,608,0.1596
3,609,0.1595
3,610,0.1598
3,611,0.1602
3,612,0.1600
3,613,0.1603
3,614,0.1607
3,615,0.1610
3,616,0.1612
3,617,0.1609
3,618,0.1610
3,619,0.1618
3,620,0.1619
3,621,0.1620
3,622,0.1624
3,623,0.1631
3,624,0.1632
3,625,0.1636
3,626,0.1643
3,627,0.1640
3,628,0.1640
3,629,0.1645
3,630,0.1648
3,631,0.1650
3,632,0.1651
3,633,0.1652
3,634,0.1656
3,635,0.1662
3,636,0.1667
3,637,0.1668
3,638,0.1668
3,639,0.1671
3,640,0.1676
3,641,0.1684
3,642,0.1684
3,643,0.1684
3,644,0.1686
3,645,0.1688
3,646,0.1693
3,647,0.1699
3,648,0.1702
3,649,0.1707
3,650,0.1713
3,651,0.1716
3,652,0.1715
3,653,0.1720
3,654,0.1726
3,655,0.1729
3,656,0.1738
3,657,0.1739
3,658,0.1738
3,659,0.1741
3,660,0.1749
3,661,0.1753
3,662,0.1755
3,663,0.1758
3,664,0.1763
3,665,0.1769
3,666,0.1773
3,667,0.1775
3,668,0.1778
3,669,0.1781
3,670,0.1786
3,671,0.1792
3,672,0.1797
3,673,0.1800
3,674,0.1803
3,675,0.1809
3,676,0.1814
3,677,0.1815
3,678,0.1819
3,679,0.1825
3,680,0.1832
3,681,0.1839
3,682,0.1840
3,683,0.1842
3,684,0.1847
3,685,0.1850
3,686,0.1856
3,687,0.1860
3,688,0.1861
3,689,0.1874
3,690,0.1879
3,691,0.1879
3,692,0.1885
3,693,0.1891
3,694,0.1898
3,695,0.1903
3,696,0.1903
3,697,0.1905
3,698,0.1911
3,699,0.1921
3,700,0.1925
3,701,0.1930
3,702,0.1935
3,703,0.1939
3,704,0.1944
3,705,0.1950
3,706,0.1956
3,707,0.1957
3,708,0.1962
3,709,0.1970
3,710,0.1979
3,711,0.1983
3,712,0.1988
3,713,0.1995
3,714,0.2002
3,715,0.2002
3,716,0.2005
3,717,0.2012
3,718,0.2020
3,719,0.2026
3,720,0.2030
3,721,0.2035
3,722,0.2040
3,723,0.2045
3,724,0.2053
3,725,0.2060
3,726,0.2061
3,727,0.2063
3,728,0.2069
3,729,0.2078
3,730,0.2083
3,731,0.2088
3,732,0.2094
3,733,0.2096
3,734,0.2101
3,735,0.2107
3,736,0.2114
3,737,0.2119
3,738,0.2126
3,739,0.2132
3,740,0.2137
3,741,0.2144
3,742,0.2148
3,743,0.2149
3,744,0.2160
3,745,0.2166
3,746,0.2168
3,747,0.2171
3,748,0.2181
3,749,0.2189
3,750,0.2192
3,751,0.2191
3,752,0.2196
3,753,0.2203
3,754,0.2210
3,755,0.2217
3,756,0.2222
3,757,0.2226
3,758,0.2230
3,759,0.2234
3,760,0.2241
3,761,0.2248
3,762,0.2251
3,763,0.2256
3,764,0.2261
3,765,0.2267
3,766,0.2272
3,767,0.2277
3,768,0.2282
3,769,0.2286
3,770,0.2290
3,771,0.2296
3,772,0.2303
3,773,0.2310
3,774,0.2315
3,775,0.2320
3,776,0.2322
3,777,0.2323
3,778,0.2331
3,779,0.2338
3,780,0.2343
3,781,0.2348
3,782,0.2350
3,783,0.2353
3,784,0.2358
3,785,0.2358
3,786,0.2365
3,787,0.2373
3,788,0.2376
3,789,0.2381
3,790,0.2388
3,791,0.2393
3,792,0.2395
3,793,0.2394
3,794,0.2398
3,795,0.2406
3,796,0.2413
3,797,0.2418
3,798,0.2420
3,799,0.2420
3,800,0.2423
3,801,0.2431
3,802,0.2437
3,803,0.2440
3,804,0.2443
3,805,0.2450
3,806,0.2458
3,807,0.2459
3,808,0.2461
3,809,0.2466
3,810,0.2470
3,811,0.2471
3,812,0.2478
3,813,0.2485
3,814,0.2488
3,815,0.2490
3,816,0.2491
3,817,0.2493
3,818,0.2498
3,819,0.2502
3,820,0.2507
3,821,0.2512
3,822,0.2516
3,823,0.2520
3,824,0.2523
3,825,0.2526
3,826,0.2527
3,827,0.2530
3,828,0.2535
3,829,0.2540
3,830,0.2542
3,831,0.2547
3,832,0.2550
3,833,0.2549
3,834,0.2553
3,835,0.2555
3,836,0.2558
3,837,0.2564
3,838,0.2570
3,839,0.2574
3,840,0.2578
3,841,0.2583
3,842,0.2583
3,843,0.2584
3,844,0.2590
3,845,0.2594
3,846,0.2596
3,847,0.2598
3,848,0.2602
3,849,0.2608
3,850,0.2608
3,851,0.2606
3,852,0.2608
3,853,0.2615
3,854,0.2621
3,855,0.2623
3,856,0.2624
3,857,0.2630
3,858,0.2635
3,859,0.2640
3,860,0.2644
3,861,0.2643
3,862,0.2644
3,863,0.2647
3,864,0.2653
3,865,0.2657
3,866,0.2662
3,867,0.2668
3,868,0.2670
3,869,0.2671
3,870,0.2676
3,871,0.2680
3,872,0.2672
3,873,0.2681
3,874,0.2688
3,875,0.2687
3,876,0.2690
3,877,0.2690
3,878,0.2697
3,879,0.2709
3,880,0.2705
3,881,0.2708
3,882,0.2714
3,883,0.2715
3,884,0.2721
3,885,0.2720
3,886,0.2722
3,887,0.2732
3,888,0.2736
3,889,0.2739
3,890,0.2742
3,891,0.2741
3,892,0.2741
3,893,0.2748
3,894,0.2758
3,895,0.2761
3,896,0.2767
3,897,0.2769
3,898,0.2768
3,899,0.2764
3,900,0.2771
3,901,0.2775
3,902,0.2777
3,903,0.2789
3,904,0.2796
3,905,0.2801
3,906,0.2803
3,907,0.2799
3,908,0.2800
3,909,0.2810
3,910,0.2820
3,911,0.2819
3,912,0.2818
3,913,0.2829
3,914,0.2841
3,915,0.2829
3,916,0.2833
3,917,0.2841
3,918,0.2848
3,919,0.2863
3,920,0.2866
3,921,0.2863
3,922,0.2862
3,923,0.2868
3,924,0.2867
3,925,0.2869
3,926,0.2878
3,927,0.2885
3,928,0.2894
3,929,0.2897
3,930,0.2893
3,931,0.2900
3,932,0.2909
3,933,0.2915
3,934,0.2916
3,935,0.2919
3,936,0.2918
3,937,0.2918
3,938,0.2923
3,939,0.2931
3,940,0.2942
3,941,0.2945
3,942,0.2941
3,943,0.2951
3,944,0.2951
3,945,0.2957
3,946,0.2971
3,947,0.2977
3,948,0.2972
3,949,0.2983
3,950,0.3005
3,951,0.2991
3,952,0.2972
3,953,0.2969
3,954,0.2986
3,955,0.3002
3,956,0.3006
3,957,0.3008
3,958,0.3014
3,959,0.3018
3,960,0.3015
3,961,0.3017
3,962,0.3026
3,963,0.3024
3,964,0.3039
3,965,0.3041
3,966,0.3032
3,967,0.3039
3,968,0.3042
3,969,0.3054
3,970,0.3073
3,971,0.3084
3,972,0.3081
3,973,0.3077
3,974,0.3081
3,975,0.3091
3,976,0.3092
3,977,0.3098
3,978,0.3108
3,979,0.3119
3,980,0.3129
3,981,0.3137
3,982,0.3142
3,983,0.3142
3,984,0.3140
3,985,0.3122
3,986,0.3113
3,987,0.3131
3,988,0.3153
3,989,0.3175
3,990,0.3184
3,991,0.3180
3,992,0.3187
3,993,0.3170
3,994,0.3177
3,995,0.3206
3,996,0.3173
3,997,0.3198
3,998,0.3212
3,999,0.3201
3,1000,0.3235
3,1001,0.3245
3,1002,0.3235
3,1003,0.3223
3,1004,0.3208
3,1005,0.3208
3,1006,0.3228
3,1007,0.3251
3,1008,0.3269
3,1009,0.3281
3,1010,0.3289
3,1011,0.3293
3,1012,0.3288
3,1013,0.3286
3,1014,0.3289
3,1015,0.3283
3,1016,0.3280
3,1017,0.3281
3,1018,0.3269
3,1019,0.3265
3,1020,0.3270
3,1021,0.3282
3,1022,0.3303
3,1023,0.3314
3,1024,0.3326
3,1025,0.3334
3,1026,0.3333
3,1027,0.3327
3,1028,0.3342
3,1029,0.3354
3,1030,0.3360
3,1031,0.3378
3,1032,0.3390
3,1033,0.3399
3,1034,0.3410
3,1035,0.3409
3,1036,0.3401
3,1037,0.3390
3,1038,0.3384
3,1039,0.3378
3,1040,0.3381
3,1041,0.3383
3,1042,0.3392
3,1043,0.3399
3,1044,0.3408
3,1045,0.3417
3,1046,0.3421
3,1047,0.3432
3,1048,0.3438
3,1049,0.3441
3,1050,0.3448
3,1051,0.3444
3,1052,0.3450
3,1053,0.3460
3,1054,0.3478
3,1055,0.3484
3,1056,0.3484
3,1057,0.3486
3,1058,0.3484
3,1059,0.3490
3,1060,0.3512
3,1061,0.3520
3,1062,0.3514
3,1063,0.3515
3,1064,0.3517
3,1065,0.3523
3,1066,0.3539
3,1067,0.3543
3,1068,0.3540
3,1069,0.3538
3,1070,0.3543
3,1071,0.3544
3,1072,0.3550
3,1073,0.3556
3,1074,0.3559
3,1075,0.3560
3,1076,0.3564
3,1077,0.3575
3,1078,0.3588
3,1079,0.3594
3,1080,0.3595
3,1081,0.3595
3,1082,0.3596
3,1083,0.3595
3,1084,0.3596
3,1085,0.3598
3,1086,0.3604
3,1087,0.3608
3,1088,0.3611
3,1089,0.3624
3,1090,0.3629
3,1091,0.3631
3,1092,0.3641
3,1093,0.3649
3,1094,0.3656
3,1095,0.3667
3,1096,0.3679
3,1097,0.3689
3,1098,0.3701
3,1099,0.3708
3,1100,0.3714
3,1101,0.3711
3,1102,0.3708
3,1103,0.3699
3,1104,0.3701
3,1105,0.3710
3,1106,0.3713
3,1107,0.3722
3,1108,0.3724
3,1109,0.3722
3,1110,0.3729
3,1111,0.3733
3,1112,0.3738
3,1113,0.3742
3,1114,0.3749
3,1115,0.3761
3,1116,0.3770
3,1117,0.3780
3,1118,0.3785
3,1119,0.3791
3,1120,0.3790
3,1121,0.3793
3,1122,0.3802
3,1123,0.3808
3,1124,0.3815
3,1125,0.3819
3,1126,0.3823
3,1127,0.3827
3,1128,0.3831
3,1129,0.3834
3,1130,0.3837
3,1131,0.3838
3,1132,0.3831
3,1133,0.3835
3,1134,0.3844
3,1135,0.3855
3,1136,0.3866
3,1137,0.3872
3,1138,0.3875
3,1139,0.3874
3,1140,0.3879
3,1141,0.3885
3,1142,0.3886
3,1143,0.3882
3,1144,0.3885
3,1145,0.3890
3,1146,0.3896
3,1147,0.3909
3,1148,0.3915
3,1149,0.3913
3,1150,0.3917
3,1151,0.3919
3,1152,0.3923
3,1153,0.3929
3,1154,0.3936
3,1155,0.3939
3,1156,0.3942
3,1157,0.3944
3,1158,0.3949
3,1159,0.3955
3,1160,0.3962
3,1161,0.3967
3,1162,0.3973
3,1163,0.3976
3,1164,0.3973
3,1165,0.3978
3,1166,0.3990
3,1167,0.3995
3,1168,0.3999
3,1169,0.4003
3,1170,0.4001
3,1171,0.3997
3,1172,0.4005
3,1173,0.4014
3,1174,0.4021
3,1175,0.4031
3,1176,0.4038
3,1177,0.4039
3,1178,0.4044
3,1179,0.4049
3,1180,0.4053
3,1181,0.4058
3,1182,0.4062
3,1183,0.4062
3,1184,0.4068
3,1185,0.4077
3,1186,0.4080
3,1187,0.4086
3,1188,0.4094
3,1189,0.4099
3,1190,0.4104
3,1191,0.4107
3,1192,0.4110
3,1193,0.4113
3,1194,0.4114
3,1195,0.4117
3,1196,0.4123
3,1197,0.4126
3,1198,0.4125
3,1199,0.4129
3,1200,0.4132
3,1201,0.4137
3,1202,0.4149
3,1203,0.4155
3,1204,0.4158
3,1205,0.4159
3,1206,0.4160
3,1207,0.4159
3,1208,0.4164
3,1209,0.4170
3,1210,0.4173
3,1211,0.4177
3,1212,0.4179
3,1213,0.4177
3,1214,0.4181
3,1215,0.4192
3,1216,0.4197
3,1217,0.4203
3,1218,0.4211
3,1219,0.4218
3,1220,0.4223
3,1221,0.4234
3,1222,0.4239
3,1223,0.4240
3,1224,0.4237
3,1225,0.4233
3,1226,0.4232
3,1227,0.4234
3,1228,0.4238
3,1229,0.4242
3,1230,0.4249
3,1231,0.4253
3,1232,0.4256
3,1233,0.4259
3,1234,0.4260
3,1235,0.4265
3,1236,0.4269
3,1237,0.4274
3,1238,0.4286
3,1239,0.4290
3,1240,0.4289
3,1241,0.4289
3,1242,0.4286
3,1243,0.4284
3,1244,0.4287
3,1245,0.4294
3,1246,0.4302
3,1247,0.4312
3,1248,0.4319
3,1249,0.4326
3,1250,0.4330
3,1251,0.4328
3,1252,0.4330
3,1253,0.4331
3,1254,0.4332
3,1255,0.4333
3,1256,0.4337
3,1257,0.4340
3,1258,0.4346
3,1259,0.4359
3,1260,0.4363
3,1261,0.4364
3,1262,0.4365
3,1263,0.4361
3,1264,0.4358
3,1265,0.4361
3,1266,0.4364
3,1267,0.4368
3,1268,0.4376
3,1269,0.4380
3,1270,0.4383
3,1271,0.4385
3,1272,0.4383
3,1273,0.4386
3,1274,0.4392
3,1275,0.4397
3,1276,0.4406
3,1277,0.4411
3,1278,0.4412
3,1279,0.4413
3,1280,0.4412
3,1281,0.4413
3,1282,0.4415
3,1283,0.4418
3,1284,0.4419
3,1285,0.4426
3,1286,0.4431
3,1287,0.4431
3,1288,0.4432
3,1289,0.4431
3,1290,0.4433
3,1291,0.4437
3,1292,0.4439
3,1293,0.4445
3,1294,0.4445
3,1295,0.4440
3,1296,0.4438
3,1297,0.4434
3,1298,0.4433
3,1299,0.4434
3,1300,0.4436
3,1301,0.4440
3,1302,0.4443
3,1303,0.4445
3,1304,0.4447
3,1305,0.4448
3,1306,0.4450
3,1307,0.4457
3,1308,0.4461
3,1309,0.4461
3,1310,0.4459
3,1311,0.4459
3,1312,0.4455
3,1313,0.4457
3,1314,0.4464
3,1315,0.4467
3,1316,0.4470
3,1317,0.4473
3,1318,0.4475
3,1319,0.4476
3,1320,0.4476
3,1321,0.4477
3,1322,0.4475
3,1323,0.4475
3,1324,0.4475
3,1325,0.4478
3,1326,0.4483
3,1327,0.4486
3,1328,0.4489
3,1329,0.4490
3,1330,0.4487
3,1331,0.4487
3,1332,0.4487
3,1333,0.4487
3,1334,0.4488
3,1335,0.4492
3,1336,0.4493
3,1337,0.4493
3,1338,0.4494
3,1339,0.4495
3,1340,0.4496
3,1341,0.4500
3,1342,0.4499
3,1343,0.4494
3,1344,0.4493
3,1345,0.4494
3,1346,0.4492
3,1347,0.4489
3,1348,0.4490
3,1349,0.4493
3,1350,0.4493
3,1351,0.4498
3,1352,0.4500
3,1353,0.4495
3,1354,0.4492
3,1355,0.4492
3,1356,0.4490
3,1357,0.4489
3,1358,0.4488
3,1359,0.4486
3,1360,0.4483
3,1361,0.4480
3,1362,0.4476
3,1363,0.4473
3,1364,0.4470
3,1365,0.4469
3,1366,0.4470
3,1367,0.4469
3,1368,0.4467
3,1369,0.4462
3,1370,0.4454
3,1371,0.4448
3,1372,0.4440
3,1373,0.4433
3,1374,0.4428
3,1375,0.4420
3,1376,0.4411
3,1377,0.4398
3,1378,0.4378
3,1379,0.4362
3,1380,0.4347
3,1381,0.4329
3,1382,0.4313
3,1383,0.4294
3,1384,0.4273
3,1385,0.4249
3,1386,0.4226
3,1387,0.4206
3,1388,0.4183
3,1389,0.4159
3,1390,0.4137
3,1391,0.4116
3,1392,0.4093
3,1393,0.4070
3,1394,0.4047
3,1395,0.4022
3,1396,0.3999
3,1397,0.3980
3,1398,0.3957
3,1399,0.3930
3,1400,0.3907
3,1401,0.3886
3,1402,0.3862
3,1403,0.3838
3,1404,0.3813
3,1405,0.3780
3,1406,0.3754
3,1407,0.3734
3,1408,0.3711
3,1409,0.3684
3,1410,0.3662
3,1411,0.3633
3,1412,0.3618
3,1413,0.3613
3,1414,0.3611
3,1415,0.3615
3,1416,0.3627
3,1417,0.3640
3,1418,0.3657
3,1419,0.3677
3,1420,0.3706
3,1421,0.3727
3,1422,0.3748
3,1423,0.3766
3,1424,0.3778
3,1425,0.3795
3,1426,0.3814
3,1427,0.3830
3,1428,0.3847
3,1429,0.3863
3,1430,0.3877
3,1431,0.3892
3,1432,0.3910
3,1433,0.3925
3,1434,0.3938
3,1435,0.3951
3,1436,0.3962
3,1437,0.3974
3,1438,0.3985
3,1439,0.3996
3,1440,0.4006
3,1441,0.4017
3,1442,0.4030
3,1443,0.4041
3,1444,0.4055
3,1445,0.4066
3,1446,0.4073
3,1447,0.4081
3,1448,0.4089
3,1449,0.4094
3,1450,0.4101
3,1451,0.4106
3,1452,0.4114
3,1453,0.4122
3,1454,0.4128
3,1455,0.4136
3,1456,0.4141
3,1457,0.4143
3,1458,0.4147
3,1459,0.4151
3,1460,0.4155
3,1461,0.4160
3,1462,0.4163
3,1463,0.4166
3,1464,0.4170
3,1465,0.4172
3,1466,0.4176
3,1467,0.4182
3,1468,0.4188
3,1469,0.4194
3,1470,0.4201
3,1471,0.4207
3,1472,0.4215
3,1473,0.4223
3,1474,0.4231
3,1475,0.4243
3,1476,0.4250
3,1477,0.4255
3,1478,0.4261
3,1479,0.4267
3,1480,0.4274
3,1481,0.4281
3,1482,0.4289
3,1483,0.4295
3,1484,0.4303
3,1485,0.4312
3,1486,0.4321
3,1487,0.4331
3,1488,0.4340
3,1489,0.4348
3,1490,0.4355
3,1491,0.4362
3,1492,0.4368
3,1493,0.4375
3,1494,0.4382
3,1495,0.4388
3,1496,0.4391
3,1497,0.4396
3,1498,0.4401
3,1499,0.4408
3,1500,0.4418
3,1501,0.4425
3,1502,0.4432
3,1503,0.4438
3,1504,0.4444
3,1505,0.4448
3,1506,0.4452
3,1507,0.4456
3,1508,0.4458
3,1509,0.4463
3,1510,0.4469
3,1511,0.4474
3,1512,0.4480
3,1513,0.4485
3,1514,0.4488
3,1515,0.4494
3,1516,0.4501
3,1517,0.4507
3,1518,0.4516
3,1519,0.4520
3,1520,0.4519
3,1521,0.4521
3,1522,0.4521
3,1523,0.4524
3,1524,0.4532
3,1525,0.4538
3,1526,0.4548
3,1527,0.4553
3,1528,0.4556
3,1529,0.4560
3,1530,0.4560
3,1531,0.4563
3,1532,0.4566
3,1533,0.4571
3,1534,0.4579
3,1535,0.4585
3,1536,0.4593
3,1537,0.4598
3,1538,0.4598
3,1539,0.4599
3,1540,0.4598
3,1541,0.4599
3,1542,0.4603
3,1543,0.4607
3,1544,0.4607
3,1545,0.4612
3,1546,0.4616
3,1547,0.4621
3,1548,0.4625
3,1549,0.4631
3,1550,0.4635
3,1551,0.4638
3,1552,0.4641
3,1553,0.4644
3,1554,0.4647
3,1555,0.4648
3,1556,0.4649
3,1557,0.4649
3,1558,0.4651
3,1559,0.4654
3,1560,0.4658
3,1561,0.4665
3,1562,0.4668
3,1563,0.4669
3,1564,0.4671
3,1565,0.4670
3,1566,0.4673
3,1567,0.4675
3,1568,0.4680
3,1569,0.4691
3,1570,0.4696
3,1571,0.4701
3,1572,0.4704
3,1573,0.4700
3,1574,0.4701
3,1575,0.4701
3,1576,0.4704
3,1577,0.4709
3,1578,0.4712
3,1579,0.4715
3,1580,0.4716
3,1581,0.4711
3,1582,0.4712
3,1583,0.4715
3,1584,0.4717
3,1585,0.4723
3,1586,0.4725
3,1587,0.4724
3,1588,0.4727
3,1589,0.4732
3,1590,0.4735
3,1591,0.4739
3,1592,0.4742
3,1593,0.4743
3,1594,0.4746
3,1595,0.4749
3,1596,0.4752
3,1597,0.4752
3,1598,0.4753
3,1599,0.4756
3,1600,0.4758
3,1601,0.4759
3,1602,0.4762
3,1603,0.4766
3,1604,0.4767
3,1605,0.4768
3,1606,0.4767
3,1607,0.4759
3,1608,0.4759
3,1609,0.4765
3,1610,0.4768
3,1611,0.4776
3,1612,0.4779
3,1613,0.4775
3,1614,0.4776
3,1615,0.4776
3,1616,0.4778
3,1617,0.4787
3,1618,0.4790
3,1619,0.4793
3,1620,0.4793
3,1621,0.4787
3,1622,0.4786
3,1623,0.4786
3,1624,0.4787
3,1625,0.4791
3,1626,0.4794
3,1627,0.4798
3,1628,0.4799
3,1629,0.4795
3,1630,0.4795
3,1631,0.4793
3,1632,0.4793
3,1633,0.4797
3,1634,0.4798
3,1635,0.4795
3,1636,0.4797
3,1637,0.4799
3,1638,0.4802
3,1639,0.4811
3,1640,0.4813
3,1641,0.4809
3,1642,0.4810
3,1643,0.4813
3,1644,0.4813
3,1645,0.4814
3,1646,0.4815
3,1647,0.4812
3,1648,0.4811
3,1649,0.4814
3,1650,0.4817
3,1651,0.4824
3,1652,0.4827
3,1653,0.4830
3,1654,0.4830
3,1655,0.4821
3,1656,0.4821
3,1657,0.4825
3,1658,0.4828
3,1659,0.4836
3,1660,0.4840
3,1661,0.4840
3,1662,0.4839
3,1663,0.4834
3,1664,0.4834
3,1665,0.4833
3,1666,0.4834
3,1667,0.4843
3,1668,0.4844
3,1669,0.4839
3,1670,0.4836
3,1671,0.4828
3,1672,0.4825
3,1673,0.4827
3,1674,0.4829
3,1675,0.4834
3,1676,0.4836
3,1677,0.4834
3,1678,0.4836
3,1679,0.4837
3,1680,0.4839
3,1681,0.4845
3,1682,0.4846
3,1683,0.4845
3,1684,0.4843
3,1685,0.4838
3,1686,0.4836
3,1687,0.4834
3,1688,0.4834
3,1689,0.4835
3,1690,0.4837
3,1691,0.4841
3,1692,0.4843
3,1693,0.4848
3,1694,0.4849
3,1695,0.4847
3,1696,0.4847
3,1697,0.4847
3,1698,0.4848
3,1699,0.4854
3,1700,0.4854
3,1701,0.4853
3,1702,0.4851
3,1703,0.4847
3,1704,0.4846
3,1705,0.4847
3,1706,0.4848
3,1707,0.4850
3,1708,0.4849
3,1709,0.4849
3,1710,0.4848
3,1711,0.4845
3,1712,0.4843
3,1713,0.4841
3,1714,0.4841
3,1715,0.4843
3,1716,0.4840
3,1717,0.4837
3,1718,0.4834
3,1719,0.4834
3,1720,0.4837
3,1721,0.4837
3,1722,0.4830
3,1723,0.4823
3,1724,0.4822
3,1725,0.4825
3,1726,0.4830
3,1727,0.4836
3,1728,0.4838
3,1729,0.4839
3,1730,0.4835
3,1731,0.4833
3,1732,0.4836
3,1733,0.4834
3,1734,0.4833
3,1735,0.4835
3,1736,0.4829
3,1737,0.4826
3,1738,0.4822
3,1739,0.4817
3,1740,0.4816
3,1741,0.4810
3,1742,0.4805
3,1743,0.4803
3,1744,0.4801
3,1745,0.4804
3,1746,0.4807
3,1747,0.4804
3,1748,0.4801
3,1749,0.4795
3,1750,0.4803
3,1751,0.4804
3,1752,0.4802
3,1753,0.4803
3,1754,0.4803
3,1755,0.4800
3,1756,0.4798
3,1757,0.4797
3,1758,0.4793
3,1759,0.4792
3,1760,0.4799
3,1761,0.4800
3,1762,0.4796
3,1763,0.4795
3,1764,0.4795
3,1765,0.4793
3,1766,0.4788
3,1767,0.4784
3,1768,0.4776
3,1769,0.4774
3,1770,0.4775
3,1771,0.4777
3,1772,0.4779
3,1773,0.4779
3,1774,0.4781
3,1775,0.4786
3,1776,0.4783
3,1777,0.4779
3,1778,0.4777
3,1779,0.4769
3,1780,0.4770
3,1781,0.4774
3,1782,0.4775
3,1783,0.4775
3,1784,0.4771
3,1785,0.4768
3,1786,0.4763
3,1787,0.4763
3,1788,0.4765
3,1789,0.4764
3,1790,0.4763
3,1791,0.4758
3,1792,0.4755
3,1793,0.4755
3,1794,0.4755
3,1795,0.4755
3,1796,0.4753
3,1797,0.4755
3,1798,0.4754
3,1799,0.4755
3,1800,0.4756
3,1801,0.4757
3,1802,0.4756
3,1803,0.4753
3,1804,0.4753
3,1805,0.4751
3,1806,0.4748
3,1807,0.4754
3,1808,0.4753
3,1809,0.4750
3,1810,0.4758
3,1811,0.4762
3,1812,0.4764
3,1813,0.4765
3,1814,0.4764
3,1815,0.4756
3,1816,0.4747
3,1817,0.4752
3,1818,0.4751
3,1819,0.4756
3,1820,0.4768
3,1821,0.4769
3,1822,0.4769
3,1823,0.4769
3,1824,0.4769
3,1825,0.4766
3,1826,0.4760
3,1827,0.4760
3,1828,0.4753
3,1829,0.4749
3,1830,0.4757
3,1831,0.4753
3,1832,0.4750
3,1833,0.4748
3,1834,0.4743
3,1835,0.4728
3,1836,0.4724
3,1837,0.4716
3,1838,0.4718
3,1839,0.4724
3,1840,0.4723
3,1841,0.4736
3,1842,0.4730
3,1843,0.4725
3,1844,0.4717
3,1845,0.4714
3,1846,0.4705
3,1847,0.4708
3,1848,0.4704
3,1849,0.4703
3,1850,0.4694
3,1851,0.4676
3,1852,0.4668
3,1853,0.4659
3,1854,0.4653
3,1855,0.4653
3,1856,0.4660
3,1857,0.4650
3,1858,0.4641
3,1859,0.4629
3,1860,0.4613
3,1861,0.4615
3,1862,0.4612
3,1863,0.4600
3,1864,0.4583
3,1865,0.4565
3,1866,0.4536
3,1867,0.4510
3,1868,0.4492
3,1869,0.4475
3,1870,0.4468
3,1871,0.4460
3,1872,0.4438
3,1873,0.4422
3,1874,0.4385
3,1875,0.4330
3,1876,0.4269
3,1877,0.4222
3,1878,0.4174
3,1879,0.4137
3,1880,0.4109
3,1881,0.4076
3,1882,0.4037
3,1883,0.3993
3,1884,0.3944
3,1885,0.3894
3,1886,0.3835
3,1887,0.3777
3,1888,0.3733
3,1889,0.3678
3,1890,0.3610
3,1891,0.3539
3,1892,0.3468
3,1893,0.3377
3,1894,0.3306
3,1895,0.3250
3,1896,0.3186
3,1897,0.3130
3,1898,0.3059
3,1899,0.2976
3,1900,0.2897
3,1901,0.2839
3,1902,0.2793
3,1903,0.2746
3,1904,0.2723
3,1905,0.2687
3,1906,0.2639
3,1907,0.2601
3,1908,0.2566
3,1909,0.2544
3,1910,0.2530
3,1911,0.2511
3,1912,0.2499
3,1913,0.2493
3,1914,0.2492
3,1915,0.2496
3,1916,0.2503
3,1917,0.2521
3,1918,0.2534
3,1919,0.2545
3,1920,0.2555
3,1921,0.2566
3,1922,0.2580
3,1923,0.2590
3,1924,0.2598
3,1925,0.2609
3,1926,0.2621
3,1927,0.2631
3,1928,0.2639
3,1929,0.2652
3,1930,0.2666
3,1931,0.2687
3,1932,0.2700
3,1933,0.2719
3,1934,0.2734
3,1935,0.2741
3,1936,0.2753
3,1937,0.2766
3,1938,0.2780
3,1939,0.2795
3,1940,0.2809
3,1941,0.2822
3,1942,0.2838
3,1943,0.2858
3,1944,0.2868
3,1945,0.2881
3,1946,0.2895
3,1947,0.2907
3,1948,0.2914
3,1949,0.2927
3,1950,0.2945
3,1951,0.2958
3,1952,0.2969
3,1953,0.2982
3,1954,0.2997
3,1955,0.3005
3,1956,0.3013
3,1957,0.3016
3,1958,0.3024
3,1959,0.3032
3,1960,0.3041
3,1961,0.3056
3,1962,0.3067
3,1963,0.3074
3,1964,0.3085
3,1965,0.3099
3,1966,0.3112
3,1967,0.3124
3,1968,0.3138
3,1969,0.3148
3,1970,0.3153
3,1971,0.3163
3,1972,0.3173
3,1973,0.3185
3,1974,0.3204
3,1975,0.3215
3,1976,0.3217
3,1977,0.3226
3,1978,0.3232
3,1979,0.3237
3,1980,0.3246
3,1981,0.3259
3,1982,0.3271
3,1983,0.3282
3,1984,0.3295
3,1985,0.3316
3,1986,0.3326
3,1987,0.3327
3,1988,0.3337
3,1989,0.3350
3,1990,0.3360
3,1991,0.3371
3,1992,0.3388
3,1993,0.3399
3,1994,0.3401
3,1995,0.3414
3,1996,0.3434
3,1997,0.3451
3,1998,0.3471
3,1999,0.3489
3,2000,0.3508
3,2001,0.3521
3,2002,0.3530
3,2003,0.3539
3,2004,0.3547
3,2005,0.3546
3,2006,0.3554
3,2007,0.3565
3,2008,0.3577
3,2009,0.3592
3,2010,0.3606
3,2011,0.3625
3,2012,0.3637
3,2013,0.3643
3,2014,0.3655
3,2015,0.3671
3,2016,0.3681
3,2017,0.3690
3,2018,0.3703
3,2019,0.3712
3,2020,0.3710
3,2021,0.3718
3,2022,0.3732
3,2023,0.3743
3,2024,0.3762
3,2025,0.3772
3,2026,0.3777
3,2027,0.3786
3,2028,0.3791
3,2029,0.3798
3,2030,0.3806
3,2031,0.3818
3,2032,0.3825
3,2033,0.3828
3,2034,0.3834
3,2035,0.3842
3,2036,0.3846
3,2037,0.3848
3,2038,0.3853
3,2039,0.3862
3,2040,0.3865
3,2041,0.3861
3,2042,0.3866
3,2043,0.3872
3,2044,0.3873
3,2045,0.3884
3,2046,0.3910
3,2047,0.3925
3,2048,0.3945
3,2049,0.3951
3,2050,0.3948
3,2051,0.3949
3,2052,0.3943
3,2053,0.3939
3,2054,0.3944
3,2055,0.3944
3,2056,0.3941
3,2057,0.3932
3,2058,0.3935
3,2059,0.3944
3,2060,0.3948
3,2061,0.3956
3,2062,0.3958
3,2063,0.3947
3,2064,0.3951
3,2065,0.3963
3,2066,0.3971
3,2067,0.3993
3,2068,0.4000
3,2069,0.3988
3,2070,0.3987
3,2071,0.3988
3,2072,0.3984
3,2073,0.3986
3,2074,0.3998
3,2075,0.4001
3,2076,0.3994
3,2077,0.3996
3,2078,0.4004
3,2079,0.4010
3,2080,0.4025
3,2081,0.4027
3,2082,0.4009
3,2083,0.4009
3,2084,0.4013
3,2085,0.4021
3,2086,0.4027
3,2087,0.4050
3,2088,0.4052
3,2089,0.4038
3,2090,0.4035
3,2091,0.4032
3,2092,0.4029
3,2093,0.4021
3,2094,0.4025
3,2095,0.4038
3,2096,0.4042
3,2097,0.4048
3,2098,0.4057
3,2099,0.4060
3,2100,0.4065
3,2101,0.4080
3,2102,0.4090
3,2103,0.4097
3,2104,0.4099
3,2105,0.4098
3,2106,0.4091
3,2107,0.4091
3,2108,0.4091
3,2109,0.4087
3,2110,0.4081
3,2111,0.4081
3,2112,0.4079
3,2113,0.4080
3,2114,0.4102
3,2115,0.4102
3,2116,0.4081
3,2117,0.4070
3,2118,0.4062
3,2119,0.4048
3,2120,0.4041
3,2121,0.4041
3,2122,0.4046
3,2123,0.4052
3,2124,0.4060
3,2125,0.4081
3,2126,0.4093
3,2127,0.4106
3,2128,0.4107
3,2129,0.4100
3,2130,0.4094
3,2131,0.4073
3,2132,0.4060
3,2133,0.4053
3,2134,0.4050
3,2135,0.4043
3,2136,0.4031
3,2137,0.4033
3,2138,0.4049
3,2139,0.4046
3,2140,0.4041
3,2141,0.4037
3,2142,0.4020
3,2143,0.4008
3,2144,0.4006
3,2145,0.4000
3,2146,0.3985
3,2147,0.3975
3,2148,0.3973
3,2149,0.3967
3,2150,0.3968
3,2151,0.3950
3,2152,0.3933
3,2153,0.3907
3,2154,0.3890
3,2155,0.3864
3,2156,0.3856
3,2157,0.3864
3,2158,0.3855
3,2159,0.3846
3,2160,0.3836
3,2161,0.3817
3,2162,0.3799
3,2163,0.3779
3,2164,0.3766
3,2165,0.3747
3,2166,0.3738
3,2167,0.3754
3,2168,0.3751
3,2169,0.3744
3,2170,0.3733
3,2171,0.3727
3,2172,0.3714
3,2173,0.3701
3,2174,0.3692
3,2175,0.3684
3,2176,0.3670
3,2177,0.3661
3,2178,0.3657
3,2179,0.3655
3,2180,0.3655
3,2181,0.3651
3,2182,0.3659
3,2183,0.3652
3,2184,0.3631
3,2185,0.3611
3,2186,0.3583
3,2187,0.3558
3,2188,0.3524
3,2189,0.3503
3,2190,0.3487
3,2191,0.3479
3,2192,0.3471
3,2193,0.3474
3,2194,0.3469
3,2195,0.3459
3,2196,0.3451
3,2197,0.3456
3,2198,0.3433
3,2199,0.3387
3,2200,0.3359
3,2201,0.3319
3,2202,0.3288
3,2203,0.3277
3,2204,0.3256
3,2205,0.3218
3,2206,0.3197
3,2207,0.3179
3,2208,0.3176
3,2209,0.3188
3,2210,0.3204
3,2211,0.3229
3,2212,0.3269
3,2213,0.3300
3,2214,0.3336
3,2215,0.3358
3,2216,0.3370
3,2217,0.3396
3,2218,0.3421
3,2219,0.3445
3,2220,0.3489
3,2221,0.3505
3,2222,0.3494
3,2223,0.3501
3,2224,0.3508
3,2225,0.3512
3,2226,0.3520
3,2227,0.3528
3,2228,0.3530
3,2229,0.3529
3,2230,0.3531
3,2231,0.3533
3,2232,0.3527
3,2233,0.3526
3,2234,0.3536
3,2235,0.3539
3,2236,0.3539
3,2237,0.3533
3,2238,0.3536
3,2239,0.3540
3,2240,0.3543
3,2241,0.3548
3,2242,0.3553
3,2243,0.3556
3,2244,0.3557
3,2245,0.3554
3,2246,0.3561
3,2247,0.3570
3,2248,0.3575
3,2249,0.3589
3,2250,0.3594
3,2251,0.3592
3,2252,0.3588
3,2253,0.3579
3,2254,0.3576
3,2255,0.3573
3,2256,0.3570
3,2257,0.3565
3,2258,0.3570
3,2259,0.3584
3,2260,0.3592
3,2261,0.3618
3,2262,0.3622
3,2263,0.3621
3,2264,0.3599
3,2265,0.3604
3,2266,0.3618
3,2267,0.3618
3,2268,0.3628
3,2269,0.3619
3,2270,0.3579
3,2271,0.3574
3,2272,0.3594
3,2273,0.3583
3,2274,0.3569
3,2275,0.3559
3,2276,0.3522
3,2277,0.3510
3,2278,0.3520
3,2279,0.3528
3,2280,0.3545
3,2281,0.3553
3,2282,0.3571
3,2283,0.3572
3,2284,0.3555
3,2285,0.3540
3,2286,0.3505
3,2287,0.3488
3,2288,0.3477
3,2289,0.3471
3,2290,0.3478
3,2291,0.3481
3,2292,0.3493
3,2293,0.3490
3,2294,0.3480
3,2295,0.3465
3,2296,0.3451
3,2297,0.3422
3,2298,0.3407
3,2299,0.3397
3,2300,0.3393
3,2301,0.3399
3,2302,0.3389
3,2303,0.3376
3,2304,0.3361
3,2305,0.3318
3,2306,0.3319
3,2307,0.3359
3,2308,0.3360
3,2309,0.3361
3,2310,0.3359
3,2311,0.3322
3,2312,0.3310
3,2313,0.3320
3,2314,0.3323
3,2315,0.3328
3,2316,0.3324
3,2317,0.3320
3,2318,0.3312
3,2319,0.3280
3,2320,0.3271
3,2321,0.3274
3,2322,0.3275
3,2323,0.3301
3,2324,0.3298
3,2325,0.3274
3,2326,0.3253
3,2327,0.3200
3,2328,0.3173
3,2329,0.3175
3,2330,0.3162
3,2331,0.3151
3,2332,0.3139
3,2333,0.3124
3,2334,0.3092
3,2335,0.3078
3,2336,0.3077
3,2337,0.3061
3,2338,0.3037
3,2339,0.3034
3,2340,0.3036
3,2341,0.3037
3,2342,0.3056
3,2343,0.3058
3,2344,0.3044
3,2345,0.3040
3,2346,0.3046
3,2347,0.3033
3,2348,0.3001
3,2349,0.2991
3,2350,0.2966
3,2351,0.2976
3,2352,0.3031
3,2353,0.3053
3,2354,0.3086
3,2355,0.3092
3,2356,0.3079
3,2357,0.3051
3,2358,0.2988
3,2359,0.2958
3,2360,0.2919
3,2361,0.2897
3,2362,0.2897
3,2363,0.2910
3,2364,0.2959
3,2365,0.2956
3,2366,0.2937
3,2367,0.2930
3,2368,0.2875
3,2369,0.2853
3,2370,0.2886
3,2371,0.2883
3,2372,0.2869
3,2373,0.2844
3,2374,0.2762
3,2375,0.2753
3,2376,0.2806
3,2377,0.2807
3,2378,0.2838
3,2379,0.2847
3,2380,0.2752
3,2381,0.2745
3,2382,0.2833
3,2383,0.2864
3,2384,0.2923
3,2385,0.2945
3,2386,0.2893
3,2387,0.2865
3,2388,0.2808
3,2389,0.2801
3,2390,0.2897
3,2391,0.2887
3,2392,0.2826
3,2393,0.2785
3,2394,0.2634
3,2395,0.2551
3,2396,0.2543
3,2397,0.2543
3,2398,0.2601
3,2399,0.2616
3,2400,0.2627
4,400,0.8308
4,401,0.8202
4,402,0.8274
4,403,0.8240
4,404,0.8379
4,405,0.8463
4,406,0.8344
4,407,0.8273
4,408,0.8304
4,409,0.8334
4,410,0.8236
4,411,0.8267
4,412,0.8362
4,413,0.8447
4,414,0.8465
4,415,0.8465
4,416,0.8436
4,417,0.8382
4,418,0.8377
4,419,0.8408
4,420,0.8437
4,421,0.8417
4,422,0.8409
4,423,0.8449
4,424,0.8507
4,425,0.8445
4,426,0.8460
4,427,0.8502
4,428,0.8479
4,429,0.8480
4,430,0.8500
4,431,0.8511
4,432,0.8475
4,433,0.8473
4,434,0.8501
4,435,0.8530
4,436,0.8523
4,437,0.8491
4,438,0.8486
4,439,0.8554
4,440,0.8575
4,441,0.8578
4,442,0.8577
4,443,0.8536
4,444,0.8584
4,445,0.8621
4,446,0.8550
4,447,0.8520
4,448,0.8553
4,449,0.8602
4,450,0.8578
4,451,0.8606
4,452,0.8626
4,453,0.8610
4,454,0.8666
4,455,0.8679
4,456,0.8663
4,457,0.8675
4,458,0.8652
4,459,0.8621
4,460,0.8609
4,461,0.8634
4,462,0.8638
4,463,0.8633
4,464,0.8639
4,465,0.8636
4,466,0.8660
4,467,0.8685
4,468,0.8652
4,469,0.8687
4,470,0.8732
4,471,0.8742
4,472,0.8741
4,473,0.8723
4,474,0.8711
4,475,0.8727
4,476,0.8749
4,477,0.8725
4,478,0.8685
4,479,0.8734
4,480,0.8734
4,481,0.8723
4,482,0.8745
4,483,0.8753
4,484,0.8741
4,485,0.8747
4,486,0.8810
4,487,0.8776
4,488,0.8752
4,489,0.8786
4,490,0.8775
4,491,0.8782
4,492,0.8791
4,493,0.8779
4,494,0.8794
4,495,0.8803
4,496,0.8800
4,497,0.8814
4,498,0.8823
4,499,0.8828
4,500,0.8835
4,501,0.8855
4,502,0.8870
4,503,0.8866
4,504,0.8837
4,505,0.8853
4,506,0.8876
4,507,0.8876
4,508,0.8861
4,509,0.8878
4,510,0.8902
4,511,0.8900
4,512,0.8894
4,513,0.8906
4,514,0.8918
4,515,0.8885
4,516,0.8900
4,517,0.8917
4,518,0.8904
4,519,0.8910
4,520,0.8930
4,521,0.8947
4,522,0.8946
4,523,0.8944
4,524,0.8939
4,525,0.8937
4,526,0.8955
4,527,0.8964
4,528,0.8966
4,529,0.8970
4,530,0.8984
4,531,0.8975
4,532,0.8962
4,533,0.8999
4,534,0.9006
4,535,0.8993
4,536,0.8983
4,537,0.8998
4,538,0.9014
4,539,0.9021
4,540,0.9020
4,541,0.9024
4,542,0.9030
4,543,0.9036
4,544,0.9047
4,545,0.9059
4,546,0.9054
4,547,0.9026
4,548,0.9042
4,549,0.9057
4,550,0.9061
4,551,0.9071
4,552,0.9079
4,553,0.9083
4,554,0.9081
4,555,0.9077
4,556,0.9077
4,557,0.9083
4,558,0.9095
4,559,0.9106
4,560,0.9116
4,561,0.9123
4,562,0.9120
4,563,0.9120
4,564,0.9120
4,565,0.9117
4,566,0.9124
4,567,0.9136
4,568,0.9149
4,569,0.9157
4,570,0.9162
4,571,0.9156
4,572,0.9142
4,573,0.9156
4,574,0.9166
4,575,0.9166
4,576,0.9165
4,577,0.9170
4,578,0.9174
4,579,0.9175
4,580,0.9178
4,581,0.9186
4,582,0.9193
4,583,0.9193
4,584,0.9185
4,585,0.9183
4,586,0.9186
4,587,0.9190
4,588,0.9207
4,589,0.9219
4,590,0.9218
4,591,0.9212
4,592,0.9208
4,593,0.9210
4,594,0.9219
4,595,0.9221
4,596,0.9230
4,597,0.9242
4,598,0.9238
4,599,0.9231
4,600,0.9229
4,601,0.9236
4,602,0.9244
4,603,0.9245
4,604,0.9246
4,605,0.9257
4,606,0.9252
4,607,0.9250
4,608,0.9258
4,609,0.9257
4,610,0.9259
4,611,0.9262
4,612,0.9262
4,613,0.9272
4,614,0.9271
4,615,0.9263
4,616,0.9278
4,617,0.9282
4,618,0.9275
4,619,0.9267
4,620,0.9273
4,621,0.9278
4,622,0.9278
4,623,0.9281
4,624,0.9286
4,625,0.9289
4,626,0.9288
4,627,0.9290
4,628,0.9291
4,629,0.9291
4,630,0.9292
4,631,0.9292
4,632,0.9291
4,633,0.9290
4,634,0.9294
4,635,0.9301
4,636,0.9302
4,637,0.9297
4,638,0.9297
4,639,0.9298
4,640,0.9300
4,641,0.9300
4,642,0.9307
4,643,0.9308
4,644,0.9307
4,645,0.9317
4,646,0.9312
4,647,0.9305
4,648,0.9310
4,649,0.9317
4,650,0.9315
4,651,0.9310
4,652,0.9312
4,653,0.9305
4,654,0.9305
4,655,0.9318
4,656,0.9328
4,657,0.9320
4,658,0.9312
4,659,0.9321
4,660,0.9318
4,661,0.9316
4,662,0.9319
4,663,0.9323
4,664,0.9314
4,665,0.9311
4,666,0.9322
4,667,0.9335
4,668,0.9333
4,669,0.9327
4,670,0.9332
4,671,0.9328
4,672,0.9330
4,673,0.9338
4,674,0.9340
4,675,0.9336
4,676,0.9333
4,677,0.9336
4,678,0.9337
4,679,0.9334
4,680,0.9332
4,681,0.9335
4,682,0.9337
4,683,0.9342
4,684,0.9348
4,685,0.9349
4,686,0.9346
4,687,0.9342
4,688,0.9340
4,689,0.9349
4,690,0.9350
4,691,0.9350
4,692,0.9360
4,693,0.9365
4,694,0.9368
4,695,0.9371
4,696,0.9365
4,697,0.9354
4,698,0.9353
4,699,0.9363
4,700,0.9352
4,701,0.9356
4,702,0.9363
4,703,0.9353
4,704,0.9360
4,705,0.9369
4,706,0.9370
4,707,0.9360
4,708,0.9363
4,709,0.9370
4,710,0.9371
4,711,0.9380
4,712,0.9379
4,713,0.9377
4,714,0.9382
4,715,0.9376
4,716,0.9375
4,717,0.9378
4,718,0.9374
4,719,0.9375
4,720,0.9381
4,721,0.9388
4,722,0.9377
4,723,0.9375
4,724,0.9379
4,725,0.9376
4,726,0.9378
4,727,0.9378
4,728,0.9378
4,729,0.9386
4,730,0.9393
4,731,0.9393
4,732,0.9387
4,733,0.9382
4,734,0.9382
4,735,0.9385
4,736,0.9389
4,737,0.9388
4,738,0.9385
4,739,0.9384
4,740,0.9388
4,741,0.9385
4,742,0.9385
4,743,0.9393
4,744,0.9391
4,745,0.9394
4,746,0.9398
4,747,0.9400
4,748,0.9394
4,749,0.9393
4,750,0.9394
4,751,0.9392
4,752,0.9402
4,753,0.9402
4,754,0.9392
4,755,0.9399
4,756,0.9402
4,757,0.9400
4,758,0.9398
4,759,0.9401
4,760,0.9403
4,761,0.9404
4,762,0.9406
4,763,0.9414
4,764,0.9413
4,765,0.9403
4,766,0.9397
4,767,0.9404
4,768,0.9410
4,769,0.9405
4,770,0.9405
4,771,0.9410
4,772,0.9414
4,773,0.9412
4,774,0.9409
4,775,0.9408
4,776,0.9409
4,777,0.9411
4,778,0.9412
4,779,0.9414
4,780,0.9416
4,781,0.9411
4,782,0.9412
4,783,0.9412
4,784,0.9409
4,785,0.9414
4,786,0.9420
4,787,0.9421
4,788,0.9415
4,789,0.9410
4,790,0.9407
4,791,0.9408
4,792,0.9410
4,793,0.9414
4,794,0.9416
4,795,0.9417
4,796,0.9416
4,797,0.9410
4,798,0.9408
4,799,0.9412
4,800,0.9408
4,801,0.9413
4,802,0.9421
4,803,0.9421
4,804,0.9414
4,805,0.9414
4,806,0.9418
4,807,0.9415
4,808,0.9417
4,809,0.9418
4,810,0.9414
4,811,0.9411
4,812,0.9418
4,813,0.9427
4,814,0.9429
4,815,0.9424
4,816,0.9426
4,817,0.9425
4,818,0.9417
4,819,0.9414
4,820,0.9414
4,821,0.9419
4,822,0.9426
4,823,0.9412
4,824,0.9407
4,825,0.9414
4,826,0.9425
4,827,0.9410
4,828,0.9406
4,829,0.9423
4,830,0.9428
4,831,0.9413
4,832,0.9407
4,833,0.9419
4,834,0.9418
4,835,0.9404
4,836,0.9398
4,837,0.9415
4,838,0.9414
4,839,0.9417
4,840,0.9421
4,841,0.9423
4,842,0.9419
4,843,0.9421
4,844,0.9428
4,845,0.9425
4,846,0.9433
4,847,0.9434
4,848,0.9425
4,849,0.9420
4,850,0.9422
4,851,0.9418
4,852,0.9411
4,853,0.9415
4,854,0.9423
4,855,0.9427
4,856,0.9424
4,857,0.9424
4,858,0.9422
4,859,0.9422
4,860,0.9423
4,861,0.9422
4,862,0.9421
4,863,0.9425
4,864,0.9433
4,865,0.9426
4,866,0.9423
4,867,0.9428
4,868,0.9431
4,869,0.9429
4,870,0.9426
4,871,0.9423
4,872,0.9412
4,873,0.9415
4,874,0.9422
4,875,0.9425
4,876,0.9425
4,877,0.9421
4,878,0.9421
4,879,0.9427
4,880,0.9428
4,881,0.9424
4,882,0.9427
4,883,0.9438
4,884,0.9434
4,885,0.9418
4,886,0.9421
4,887,0.9452
4,888,0.9434
4,889,0.9422
4,890,0.9427
4,891,0.9438
4,892,0.9431
4,893,0.9416
4,894,0.9427
4,895,0.9473
4,896,0.9441
4,897,0.9426
4,898,0.9437
4,899,0.9443
4,900,0.9441
4,901,0.9440
4,902,0.9440
4,903,0.9434
4,904,0.9429
4,905,0.9435
4,906,0.9443
4,907,0.9440
4,908,0.9444
4,909,0.9440
4,910,0.9430
4,911,0.9430
4,912,0.9420
4,913,0.9425
4,914,0.9440
4,915,0.9436
4,916,0.9436
4,917,0.9438
4,918,0.9435
4,919,0.9430
4,920,0.9432
4,921,0.9444
4,922,0.9453
4,923,0.9440
4,924,0.9441
4,925,0.9439
4,926,0.9432
4,927,0.9437
4,928,0.9462
4,929,0.9456
4,930,0.9430
4,931,0.9469
4,932,0.9443
4,933,0.9422
4,934,0.9439
4,935,0.9439
4,936,0.9442
4,937,0.9439
4,938,0.9437
4,939,0.9467
4,940,0.9436
4,941,0.9416
4,942,0.9433
4,943,0.9430
4,944,0.9443
4,945,0.9441
4,946,0.9430
4,947,0.9466
4,948,0.9428
4,949,0.9427
4,950,0.9476
4,951,0.9438
4,952,0.9426
4,953,0.9433
4,954,0.9440
4,955,0.9439
4,956,0.9417
4,957,0.9414
4,958,0.9445
4,959,0.9481
4,960,0.9470
4,961,0.9460
4,962,0.9460
4,963,0.9439
4,964,0.9438
4,965,0.9444
4,966,0.9447
4,967,0.9443
4,968,0.9443
4,969,0.9438
4,970,0.9443
4,971,0.9473
4,972,0.9441
4,973,0.9451
4,974,0.9486
4,975,0.9468
4,976,0.9444
4,977,0.9433
4,978,0.9455
4,979,0.9496
4,980,0.9413
4,981,0.9405
4,982,0.9439
4,983,0.9428
4,984,0.9498
4,985,0.9488
4,986,0.9428
4,987,0.9406
4,988,0.9462
4,989,0.9513
4,990,0.9512
4,991,0.9471
4,992,0.9486
4,993,0.9443
4,994,0.9416
4,995,0.9447
4,996,0.9466
4,997,0.9488
4,998,0.9447
4,999,0.9379
4,1000,0.9417
4,1001,0.9403
4,1002,0.9415
4,1003,0.9429
4,1004,0.9434
4,1005,0.9447
4,1006,0.9432
4,1007,0.9412
4,1008,0.9420
4,1009,0.9429
4,1010,0.9432
4,1011,0.9430
4,1012,0.9433
4,1013,0.9451
4,1014,0.9431
4,1015,0.9395
4,1016,0.9411
4,1017,0.9420
4,1018,0.9417
4,1019,0.9449
4,1020,0.9450
4,1021,0.9416
4,1022,0.9408
4,1023,0.9415
4,1024,0.9433
4,1025,0.9437
4,1026,0.9457
4,1027,0.9467
4,1028,0.9444
4,1029,0.9458
4,1030,0.9465
4,1031,0.9451
4,1032,0.9470
4,1033,0.9481
4,1034,0.9473
4,1035,0.9465
4,1036,0.9456
4,1037,0.9415
4,1038,0.9401
4,1039,0.9396
4,1040,0.9437
4,1041,0.9449
4,1042,0.9466
4,1043,0.9480
4,1044,0.9466
4,1045,0.9471
4,1046,0.9492
4,1047,0.9500
4,1048,0.9483
4,1049,0.9459
4,1050,0.9441
4,1051,0.9426
4,1052,0.9421
4,1053,0.9436
4,1054,0.9458
4,1055,0.9467
4,1056,0.9474
4,1057,0.9490
4,1058,0.9491
4,1059,0.9475
4,1060,0.9491
4,1061,0.9495
4,1062,0.9480
4,1063,0.9491
4,1064,0.9491
4,1065,0.9471
4,1066,0.9453
4,1067,0.9452
4,1068,0.9460
4,1069,0.9454
4,1070,0.9452
4,1071,0.9485
4,1072,0.9490
4,1073,0.9466
4,1074,0.9452
4,1075,0.9423
4,1076,0.9407
4,1077,0.9416
4,1078,0.9426
4,1079,0.9445
4,1080,0.9474
4,1081,0.9486
4,1082,0.9490
4,1083,0.9489
4,1084,0.9492
4,1085,0.9482
4,1086,0.9476
4,1087,0.9491
4,1088,0.9490
4,1089,0.9481
4,1090,0.9484
4,1091,0.9473
4,1092,0.9470
4,1093,0.9476
4,1094,0.9456
4,1095,0.9448
4,1096,0.9457
4,1097,0.9452
4,1098,0.9441
4,1099,0.9446
4,1100,0.9462
4,1101,0.9447
4,1102,0.9444
4,1103,0.9451
4,1104,0.9453
4,1105,0.9468
4,1106,0.9486
4,1107,0.9490
4,1108,0.9491
4,1109,0.9487
4,1110,0.9474
4,1111,0.9472
4,1112,0.9465
4,1113,0.9437
4,1114,0.9432
4,1115,0.9455
4,1116,0.9458
4,1117,0.9455
4,1118,0.9460
4,1119,0.9465
4,1120,0.9451
4,1121,0.9447
4,1122,0.9452
4,1123,0.9453
4,1124,0.9457
4,1125,0.9460
4,1126,0.9469
4,1127,0.9477
4,1128,0.9489
4,1129,0.9493
4,1130,0.9491
4,1131,0.9489
4,1132,0.9483
4,1133,0.9479
4,1134,0.9469
4,1135,0.9481
4,1136,0.9496
4,1137,0.9482
4,1138,0.9483
4,1139,0.9486
4,1140,0.9470
4,1141,0.9466
4,1142,0.9467
4,1143,0.9471
4,1144,0.9473
4,1145,0.9486
4,1146,0.9489
4,1147,0.9485
4,1148,0.9479
4,1149,0.9468
4,1150,0.9462
4,1151,0.9455
4,1152,0.9448
4,1153,0.9445
4,1154,0.9445
4,1155,0.9449
4,1156,0.9444
4,1157,0.9438
4,1158,0.9445
4,1159,0.9445
4,1160,0.9438
4,1161,0.9444
4,1162,0.9455
4,1163,0.9458
4,1164,0.9469
4,1165,0.9469
4,1166,0.9454
4,1167,0.9452
4,1168,0.9453
4,1169,0.9456
4,1170,0.9455
4,1171,0.9469
4,1172,0.9483
4,1173,0.9482
4,1174,0.9487
4,1175,0.9493
4,1176,0.9491
4,1177,0.9480
4,1178,0.9475
4,1179,0.9470
4,1180,0.9465
4,1181,0.9462
4,1182,0.9457
4,1183,0.9449
4,1184,0.9445
4,1185,0.9446
4,1186,0.9439
4,1187,0.9437
4,1188,0.9447
4,1189,0.9452
4,1190,0.9457
4,1191,0.9455
4,1192,0.9456
4,1193,0.9459
4,1194,0.9463
4,1195,0.9467
4,1196,0.9476
4,1197,0.9476
4,1198,0.9470
4,1199,0.9465
4,1200,0.9450
4,1201,0.9446
4,1202,0.9453
4,1203,0.9453
4,1204,0.9457
4,1205,0.9456
4,1206,0.9440
4,1207,0.9431
4,1208,0.9439
4,1209,0.9449
4,1210,0.9451
4,1211,0.9461
4,1212,0.9462
4,1213,0.9446
4,1214,0.9445
4,1215,0.9452
4,1216,0.9454
4,1217,0.9458
4,1218,0.9459
4,1219,0.9455
4,1220,0.9453
4,1221,0.9450
4,1222,0.9446
4,1223,0.9442
4,1224,0.9442
4,1225,0.9434
4,1226,0.9426
4,1227,0.9426
4,1228,0.9419
4,1229,0.9421
4,1230,0.9432
4,1231,0.9437
4,1232,0.9443
4,1233,0.9450
4,1234,0.9459
4,1235,0.9461
4,1236,0.9466
4,1237,0.9463
4,1238,0.9444
4,1239,0.9439
4,1240,0.9441
4,1241,0.9439
4,1242,0.9441
4,1243,0.9442
4,1244,0.9443
4,1245,0.9442
4,1246,0.9438
4,1247,0.9445
4,1248,0.9450
4,1249,0.9455
4,1250,0.9456
4,1251,0.9461
4,1252,0.9460
4,1253,0.9447
4,1254,0.9443
4,1255,0.9444
4,1256,0.9442
4,1257,0.9440
4,1258,0.9440
4,1259,0.9438
4,1260,0.9441
4,1261,0.9451
4,1262,0.9455
4,1263,0.9460
4,1264,0.9458
4,1265,0.9454
4,1266,0.9452
4,1267,0.9445
4,1268,0.9435
4,1269,0.9436
4,1270,0.9437
4,1271,0.9441
4,1272,0.9457
4,1273,0.9460
4,1274,0.9456
4,1275,0.9456
4,1276,0.9454
4,1277,0.9455
4,1278,0.9460
4,1279,0.9460
4,1280,0.9457
4,1281,0.9457
4,1282,0.9454
4,1283,0.9453
4,1284,0.9456
4,1285,0.9458
4,1286,0.9459
4,1287,0.9465
4,1288,0.9456
4,1289,0.9434
4,1290,0.9433
4,1291,0.9429
4,1292,0.9428
4,1293,0.9448
4,1294,0.9455
4,1295,0.9452
4,1296,0.9453
4,1297,0.9460
4,1298,0.9461
4,1299,0.9451
4,1300,0.9454
4,1301,0.9469
4,1302,0.9473
4,1303,0.9480
4,1304,0.9483
4,1305,0.9473
4,1306,0.9467
4,1307,0.9456
4,1308,0.9459
4,1309,0.9460
4,1310,0.9462
4,1311,0.9465
4,1312,0.9475
4,1313,0.9474
4,1314,0.9469
4,1315,0.9462
4,1316,0.9445
4,1317,0.9440
4,1318,0.9437
4,1319,0.9439
4,1320,0.9452
4,1321,0.9457
4,1322,0.9463
4,1323,0.9464
4,1324,0.9461
4,1325,0.9457
4,1326,0.9445
4,1327,0.9441
4,1328,0.9444
4,1329,0.9442
4,1330,0.9440
4,1331,0.9439
4,1332,0.9436
4,1333,0.9424
4,1334,0.9427
4,1335,0.9443
4,1336,0.9445
4,1337,0.9449
4,1338,0.9451
4,1339,0.9444
4,1340,0.9444
4,1341,0.9453
4,1342,0.9455
4,1343,0.9454
4,1344,0.9454
4,1345,0.9453
4,1346,0.9451
4,1347,0.9446
4,1348,0.9444
4,1349,0.9440
4,1350,0.9439
4,1351,0.9445
4,1352,0.9446
4,1353,0.9442
4,1354,0.9442
4,1355,0.9446
4,1356,0.9446
4,1357,0.9446
4,1358,0.9450
4,1359,0.9447
4,1360,0.9434
4,1361,0.9431
4,1362,0.9431
4,1363,0.9428
4,1364,0.9427
4,1365,0.9426
4,1366,0.9424
4,1367,0.9423
4,1368,0.9425
4,1369,0.9427
4,1370,0.9431
4,1371,0.9431
4,1372,0.9432
4,1373,0.9432
4,1374,0.9430
4,1375,0.9426
4,1376,0.9417
4,1377,0.9414
4,1378,0.9408
4,1379,0.9408
4,1380,0.9423
4,1381,0.9427
4,1382,0.9429
4,1383,0.9429
4,1384,0.9426
4,1385,0.9416
4,1386,0.9412
4,1387,0.9410
4,1388,0.9410
4,1389,0.9415
4,1390,0.9414
4,1391,0.9414
4,1392,0.9411
4,1393,0.9400
4,1394,0.9397
4,1395,0.9396
4,1396,0.9397
4,1397,0.9403
4,1398,0.9406
4,1399,0.9409
4,1400,0.9409
4,1401,0.9404
4,1402,0.9404
4,1403,0.9407
4,1404,0.9403
4,1405,0.9394
4,1406,0.9389
4,1407,0.9377
4,1408,0.9374
4,1409,0.9385
4,1410,0.9389
4,1411,0.9394
4,1412,0.9398
4,1413,0.9403
4,1414,0.9404
4,1415,0.9406
4,1416,0.9409
4,1417,0.9407
4,1418,0.9399
4,1419,0.9396
4,1420,0.9391
4,1421,0.9390
4,1422,0.9391
4,1423,0.9395
4,1424,0.9407
4,1425,0.9410
4,1426,0.9413
4,1427,0.9413
4,1428,0.9404
4,1429,0.9403
4,1430,0.9407
4,1431,0.9408
4,1432,0.9411
4,1433,0.9411
4,1434,0.9405
4,1435,0.9407
4,1436,0.9412
4,1437,0.9413
4,1438,0.9416
4,1439,0.9418
4,1440,0.9413
4,1441,0.9413
4,1442,0.9419
4,1443,0.9418
4,1444,0.9408
4,1445,0.9407
4,1446,0.9410
4,1447,0.9409
4,1448,0.9411
4,1449,0.9421
4,1450,0.9419
4,1451,0.9406
4,1452,0.9404
4,1453,0.9402
4,1454,0.9401
4,1455,0.9404
4,1456,0.9402
4,1457,0.9398
4,1458,0.9395
4,1459,0.9391
4,1460,0.9389
4,1461,0.9388
4,1462,0.9389
4,1463,0.9394
4,1464,0.9397
4,1465,0.9403
4,1466,0.9405
4,1467,0.9403
4,1468,0.9406
4,1469,0.9411
4,1470,0.9413
4,1471,0.9416
4,1472,0.9418
4,1473,0.9410
4,1474,0.9413
4,1475,0.9426
4,1476,0.9428
4,1477,0.9425
4,1478,0.9425
4,1479,0.9419
4,1480,0.9414
4,1481,0.9412
4,1482,0.9411
4,1483,0.9406
4,1484,0.9405
4,1485,0.9410
4,1486,0.9415
4,1487,0.9422
4,1488,0.9426
4,1489,0.9428
4,1490,0.9431
4,1491,0.9430
4,1492,0.9426
4,1493,0.9422
4,1494,0.9416
4,1495,0.9417
4,1496,0.9419
4,1497,0.9419
4,1498,0.9424
4,1499,0.9426
4,1500,0.9426
4,1501,0.9426
4,1502,0.9429
4,1503,0.9428
4,1504,0.9421
4,1505,0.9420
4,1506,0.9419
4,1507,0.9422
4,1508,0.9432
4,1509,0.9433
4,1510,0.9433
4,1511,0.9433
4,1512,0.9426
4,1513,0.9424
4,1514,0.9423
4,1515,0.9423
4,1516,0.9425
4,1517,0.9424
4,1518,0.9425
4,1519,0.9425
4,1520,0.9419
4,1521,0.9422
4,1522,0.9437
4,1523,0.9437
4,1524,0.9429
4,1525,0.9429
4,1526,0.9425
4,1527,0.9422
4,1528,0.9431
4,1529,0.9434
4,1530,0.9427
4,1531,0.9426
4,1532,0.9432
4,1533,0.9433
4,1534,0.9435
4,1535,0.9435
4,1536,0.9431
4,1537,0.9428
4,1538,0.9418
4,1539,0.9416
4,1540,0.9422
4,1541,0.9426
4,1542,0.9436
4,1543,0.9446
4,1544,0.9440
4,1545,0.9443
4,1546,0.9443
4,1547,0.9442
4,1548,0.9440
4,1549,0.9438
4,1550,0.9437
4,1551,0.9433
4,1552,0.9430
4,1553,0.9428
4,1554,0.9425
4,1555,0.9416
4,1556,0.9414
4,1557,0.9413
4,1558,0.9417
4,1559,0.9429
4,1560,0.9432
4,1561,0.9435
4,1562,0.9435
4,1563,0.9425
4,1564,0.9428
4,1565,0.9441
4,1566,0.9443
4,1567,0.9447
4,1568,0.9445
4,1569,0.9431
4,1570,0.9426
4,1571,0.9422
4,1572,0.9421
4,1573,0.9427
4,1574,0.9426
4,1575,0.9420
4,1576,0.9421
4,1577,0.9422
4,1578,0.9423
4,1579,0.9433
4,1580,0.9434
4,1581,0.9427
4,1582,0.9424
4,1583,0.9418
4,1584,0.9418
4,1585,0.9422
4,1586,0.9423
4,1587,0.9427
4,1588,0.9430
4,1589,0.9433
4,1590,0.9432
4,1591,0.9426
4,1592,0.9426
4,1593,0.9427
4,1594,0.9428
4,1595,0.9440
4,1596,0.9437
4,1597,0.9418
4,1598,0.9413
4,1599,0.9409
4,1600,0.9409
4,1601,0.9420
4,1602,0.9426
4,1603,0.9432
4,1604,0.9433
4,1605,0.9430
4,1606,0.9429
4,1607,0.9422
4,1608,0.9420
4,1609,0.9422
4,1610,0.9422
4,1611,0.9420
4,1612,0.9420
4,1613,0.9420
4,1614,0.9421
4,1615,0.9421
4,1616,0.9425
4,1617,0.9437
4,1618,0.9440
4,1619,0.9443
4,1620,0.9443
4,1621,0.9426
4,1622,0.9423
4,1623,0.9425
4,1624,0.9427
4,1625,0.9437
4,1626,0.9442
4,1627,0.9451
4,1628,0.9450
4,1629,0.9434
4,1630,0.9432
4,1631,0.9427
4,1632,0.9426
4,1633,0.9446
4,1634,0.9450
4,1635,0.9444
4,1636,0.9440
4,1637,0.9431
4,1638,0.9425
4,1639,0.9420
4,1640,0.9416
4,1641,0.9414
4,1642,0.9412
4,1643,0.9412
4,1644,0.9415
4,1645,0.9422
4,1646,0.9424
4,1647,0.9424
4,1648,0.9426
4,1649,0.9423
4,1650,0.9421
4,1651,0.9417
4,1652,0.9419
4,1653,0.9426
4,1654,0.9426
4,1655,0.9430
4,1656,0.9432
4,1657,0.9427
4,1658,0.9425
4,1659,0.9427
4,1660,0.9430
4,1661,0.9432
4,1662,0.9438
4,1663,0.9458
4,1664,0.9463
4,1665,0.9463
4,1666,0.9461
4,1667,0.9443
4,1668,0.9439
4,1669,0.9443
4,1670,0.9446
4,1671,0.9460
4,1672,0.9467
4,1673,0.9473
4,1674,0.9472
4,1675,0.9459
4,1676,0.9457
4,1677,0.9452
4,1678,0.9451
4,1679,0.9463
4,1680,0.9463
4,1681,0.9454
4,1682,0.9452
4,1683,0.9447
4,1684,0.9446
4,1685,0.9451
4,1686,0.9450
4,1687,0.9447
4,1688,0.9447
4,1689,0.9456
4,1690,0.9451
4,1691,0.9437
4,1692,0.9432
4,1693,0.9417
4,1694,0.9415
4,1695,0.9435
4,1696,0.9440
4,1697,0.9442
4,1698,0.9444
4,1699,0.9436
4,1700,0.9441
4,1701,0.9458
4,1702,0.9462
4,1703,0.9470
4,1704,0.9470
4,1705,0.9457
4,1706,0.9452
4,1707,0.9445
4,1708,0.9446
4,1709,0.9451
4,1710,0.9455
4,1711,0.9475
4,1712,0.9473
4,1713,0.9460
4,1714,0.9452
4,1715,0.9430
4,1716,0.9425
4,1717,0.9432
4,1718,0.9432
4,1719,0.9439
4,1720,0.9445
4,1721,0.9442
4,1722,0.9440
4,1723,0.9442
4,1724,0.9445
4,1725,0.9452
4,1726,0.9468
4,1727,0.9468
4,1728,0.9455
4,1729,0.9451
4,1730,0.9450
4,1731,0.9443
4,1732,0.9440
4,1733,0.9444
4,1734,0.9437
4,1735,0.9440
4,1736,0.9454
4,1737,0.9448
4,1738,0.9437
4,1739,0.9434
4,1740,0.9431
4,1741,0.9441
4,1742,0.9449
4,1743,0.9450
4,1744,0.9447
4,1745,0.9437
4,1746,0.9438
4,1747,0.9433
4,1748,0.9429
4,1749,0.9429
4,1750,0.9419
4,1751,0.9415
4,1752,0.9415
4,1753,0.9414
4,1754,0.9415
4,1755,0.9418
4,1756,0.9420
4,1757,0.9426
4,1758,0.9436
4,1759,0.9438
4,1760,0.9444
4,1761,0.9443
4,1762,0.9430
4,1763,0.9429
4,1764,0.9430
4,1765,0.9429
4,1766,0.9432
4,1767,0.9434
4,1768,0.9433
4,1769,0.9431
4,1770,0.9433
4,1771,0.9434
4,1772,0.9447
4,1773,0.9446
4,1774,0.9435
4,1775,0.9430
4,1776,0.9413
4,1777,0.9416
4,1778,0.9437
4,1779,0.9444
4,1780,0.9445
4,1781,0.9444
4,1782,0.9433
4,1783,0.9417
4,1784,0.9416
4,1785,0.9419
4,1786,0.9415
4,1787,0.9421
4,1788,0.9431
4,1789,0.9429
4,1790,0.9432
4,1791,0.9447
4,1792,0.9449
4,1793,0.9438
4,1794,0.9437
4,1795,0.9431
4,1796,0.9427
4,1797,0.9449
4,1798,0.9454
4,1799,0.9450
4,1800,0.9448
4,1801,0.9437
4,1802,0.9433
4,1803,0.9436
4,1804,0.9441
4,1805,0.9451
4,1806,0.9448
4,1807,0.9441
4,1808,0.9433
4,1809,0.9430
4,1810,0.9429
4,1811,0.9421
4,1812,0.9410
4,1813,0.9393
4,1814,0.9384
4,1815,0.9395
4,1816,0.9416
4,1817,0.9426
4,1818,0.9423
4,1819,0.9423
4,1820,0.9416
4,1821,0.9419
4,1822,0.9434
4,1823,0.9435
4,1824,0.9430
4,1825,0.9415
4,1826,0.9404
4,1827,0.9409
4,1828,0.9421
4,1829,0.9438
4,1830,0.9452
4,1831,0.9396
4,1832,0.9430
4,1833,0.9474
4,1834,0.9493
4,1835,0.9510
4,1836,0.9503
4,1837,0.9493
4,1838,0.9450
4,1839,0.9431
4,1840,0.9458
4,1841,0.9451
4,1842,0.9446
4,1843,0.9452
4,1844,0.9477
4,1845,0.9467
4,1846,0.9453
4,1847,0.9460
4,1848,0.9453
4,1849,0.9429
4,1850,0.9419
4,1851,0.9439
4,1852,0.9445
4,1853,0.9447
4,1854,0.9453
4,1855,0.9469
4,1856,0.9457
4,1857,0.9448
4,1858,0.9441
4,1859,0.9425
4,1860,0.9417
4,1861,0.9416
4,1862,0.9435
4,1863,0.9445
4,1864,0.9478
4,1865,0.9479
4,1866,0.9459
4,1867,0.9431
4,1868,0.9433
4,1869,0.9413
4,1870,0.9408
4,1871,0.9424
4,1872,0.9413
4,1873,0.9371
4,1874,0.9349
4,1875,0.9324
4,1876,0.9304
4,1877,0.9323
4,1878,0.9349
4,1879,0.9382
4,1880,0.9426
4,1881,0.9440
4,1882,0.9412
4,1883,0.9404
4,1884,0.9399
4,1885,0.9393
4,1886,0.9376
4,1887,0.9388
4,1888,0.9386
4,1889,0.9352
4,1890,0.9354
4,1891,0.9370
4,1892,0.9373
4,1893,0.9403
4,1894,0.9397
4,1895,0.9343
4,1896,0.9327
4,1897,0.9325
4,1898,0.9317
4,1899,0.9298
4,1900,0.9312
4,1901,0.9318
4,1902,0.9310
4,1903,0.9315
4,1904,0.9350
4,1905,0.9354
4,1906,0.9345
4,1907,0.9340
4,1908,0.9326
4,1909,0.9314
4,1910,0.9321
4,1911,0.9319
4,1912,0.9320
4,1913,0.9334
4,1914,0.9336
4,1915,0.9332
4,1916,0.9330
4,1917,0.9325
4,1918,0.9320
4,1919,0.9305
4,1920,0.9311
4,1921,0.9297
4,1922,0.9273
4,1923,0.9265
4,1924,0.9255
4,1925,0.9251
4,1926,0.9259
4,1927,0.9268
4,1928,0.9283
4,1929,0.9293
4,1930,0.9313
4,1931,0.9313
4,1932,0.9297
4,1933,0.9295
4,1934,0.9307
4,1935,0.9334
4,1936,0.9344
4,1937,0.9365
4,1938,0.9364
4,1939,0.9329
4,1940,0.9324
4,1941,0.9337
4,1942,0.9341
4,1943,0.9359
4,1944,0.9365
4,1945,0.9366
4,1946,0.9357
4,1947,0.9347
4,1948,0.9317
4,1949,0.9322
4,1950,0.9359
4,1951,0.9359
4,1952,0.9357
4,1953,0.9362
4,1954,0.9354
4,1955,0.9321
4,1956,0.9318
4,1957,0.9346
4,1958,0.9346
4,1959,0.9336
4,1960,0.9333
4,1961,0.9324
4,1962,0.9323
4,1963,0.9329
4,1964,0.9330
4,1965,0.9336
4,1966,0.9331
4,1967,0.9334
4,1968,0.9332
4,1969,0.9346
4,1970,0.9380
4,1971,0.9395
4,1972,0.9415
4,1973,0.9423
4,1974,0.9406
4,1975,0.9405
4,1976,0.9425
4,1977,0.9418
4,1978,0.9393
4,1979,0.9369
4,1980,0.9368
4,1981,0.9367
4,1982,0.9360
4,1983,0.9376
4,1984,0.9377
4,1985,0.9346
4,1986,0.9338
4,1987,0.9350
4,1988,0.9358
4,1989,0.9373
4,1990,0.9378
4,1991,0.9380
4,1992,0.9376
4,1993,0.9383
4,1994,0.9392
4,1995,0.9392
4,1996,0.9397
4,1997,0.9400
4,1998,0.9377
4,1999,0.9381
4,2000,0.9421
4,2001,0.9432
4,2002,0.9432
4,2003,0.9434
4,2004,0.9442
4,2005,0.9438
4,2006,0.9430
4,2007,0.9424
4,2008,0.9426
4,2009,0.9416
4,2010,0.9414
4,2011,0.9437
4,2012,0.9445
4,2013,0.9435
4,2014,0.9436
4,2015,0.9447
4,2016,0.9454
4,2017,0.9456
4,2018,0.9460
4,2019,0.9452
4,2020,0.9418
4,2021,0.9418
4,2022,0.9431
4,2023,0.9436
4,2024,0.9457
4,2025,0.9473
4,2026,0.9476
4,2027,0.9487
4,2028,0.9523
4,2029,0.9534
4,2030,0.9532
4,2031,0.9506
4,2032,0.9508
4,2033,0.9506
4,2034,0.9506
4,2035,0.9527
4,2036,0.9533
4,2037,0.9517
4,2038,0.9516
4,2039,0.9533
4,2040,0.9537
4,2041,0.9544
4,2042,0.9541
4,2043,0.9533
4,2044,0.9513
4,2045,0.9499
4,2046,0.9480
4,2047,0.9469
4,2048,0.9454
4,2049,0.9457
4,2050,0.9488
4,2051,0.9488
4,2052,0.9475
4,2053,0.9478
4,2054,0.9479
4,2055,0.9473
4,2056,0.9470
4,2057,0.9488
4,2058,0.9486
4,2059,0.9460
4,2060,0.9459
4,2061,0.9471
4,2062,0.9477
4,2063,0.9482
4,2064,0.9494
4,2065,0.9517
4,2066,0.9528
4,2067,0.9543
4,2068,0.9552
4,2069,0.9549
4,2070,0.9546
4,2071,0.9543
4,2072,0.9534
4,2073,0.9539
4,2074,0.9550
4,2075,0.9549
4,2076,0.9553
4,2077,0.9555
4,2078,0.9550
4,2079,0.9545
4,2080,0.9544
4,2081,0.9540
4,2082,0.9524
4,2083,0.9514
4,2084,0.9513
4,2085,0.9502
4,2086,0.9505
4,2087,0.9520
4,2088,0.9520
4,2089,0.9530
4,2090,0.9519
4,2091,0.9474
4,2092,0.9459
4,2093,0.9439
4,2094,0.9439
4,2095,0.9474
4,2096,0.9484
4,2097,0.9493
4,2098,0.9495
4,2099,0.9465
4,2100,0.9463
4,2101,0.9473
4,2102,0.9494
4,2103,0.9506
4,2104,0.9532
4,2105,0.9537
4,2106,0.9527
4,2107,0.9517
4,2108,0.9491
4,2109,0.9489
4,2110,0.9493
4,2111,0.9487
4,2112,0.9500
4,2113,0.9501
4,2114,0.9464
4,2115,0.9465
4,2116,0.9489
4,2117,0.9517
4,2118,0.9530
4,2119,0.9558
4,2120,0.9564
4,2121,0.9538
4,2122,0.9539
4,2123,0.9554
4,2124,0.9557
4,2125,0.9563
4,2126,0.9554
4,2127,0.9523
4,2128,0.9511
4,2129,0.9488
4,2130,0.9486
4,2131,0.9521
4,2132,0.9530
4,2133,0.9530
4,2134,0.9540
4,2135,0.9551
4,2136,0.9548
4,2137,0.9563
4,2138,0.9610
4,2139,0.9617
4,2140,0.9595
4,2141,0.9598
4,2142,0.9608
4,2143,0.9594
4,2144,0.9589
4,2145,0.9570
4,2146,0.9494
4,2147,0.9466
4,2148,0.9470
4,2149,0.9467
4,2150,0.9479
4,2151,0.9502
4,2152,0.9512
4,2153,0.9512
4,2154,0.9523
4,2155,0.9542
4,2156,0.9551
4,2157,0.9562
4,2158,0.9567
4,2159,0.9578
4,2160,0.9561
4,2161,0.9507
4,2162,0.9488
4,2163,0.9469
4,2164,0.9454
4,2165,0.9472
4,2166,0.9468
4,2167,0.9422
4,2168,0.9411
4,2169,0.9408
4,2170,0.9439
4,2171,0.9444
4,2172,0.9471
4,2173,0.9458
4,2174,0.9410
4,2175,0.9389
4,2176,0.9356
4,2177,0.9355
4,2178,0.9394
4,2179,0.9397
4,2180,0.9393
4,2181,0.9402
4,2182,0.9401
4,2183,0.9405
4,2184,0.9439
4,2185,0.9444
4,2186,0.9412
4,2187,0.9405
4,2188,0.9412
4,2189,0.9411
4,2190,0.9417
4,2191,0.9419
4,2192,0.9418
4,2193,0.9405
4,2194,0.9402
4,2195,0.9404
4,2196,0.9402
4,2197,0.9396
4,2198,0.9397
4,2199,0.9391
4,2200,0.9412
4,2201,0.9482
4,2202,0.9486
4,2203,0.9472
4,2204,0.9456
4,2205,0.9359
4,2206,0.9334
4,2207,0.9379
4,2208,0.9382
4,2209,0.9389
4,2210,0.9393
4,2211,0.9363
4,2212,0.9354
4,2213,0.9346
4,2214,0.9348
4,2215,0.9355
4,2216,0.9368
4,2217,0.9369
4,2218,0.9379
4,2219,0.9378
4,2220,0.9365
4,2221,0.9350
4,2222,0.9329
4,2223,0.9312
4,2224,0.9271
4,2225,0.9263
4,2226,0.9274
4,2227,0.9289
4,2228,0.9308
4,2229,0.9347
4,2230,0.9450
4,2231,0.9477
4,2232,0.9484
4,2233,0.9482
4,2234,0.9390
4,2235,0.9352
4,2236,0.9337
4,2237,0.9340
4,2238,0.9371
4,2239,0.9458
4,2240,0.9479
4,2241,0.9513
4,2242,0.9504
4,2243,0.9422
4,2244,0.9402
4,2245,0.9391
4,2246,0.9391
4,2247,0.9437
4,2248,0.9433
4,2249,0.9402
4,2250,0.9390
4,2251,0.9363
4,2252,0.9345
4,2253,0.9340
4,2254,0.9341
4,2255,0.9350
4,2256,0.9345
4,2257,0.9332
4,2258,0.9334
4,2259,0.9331
4,2260,0.9334
4,2261,0.9364
4,2262,0.9387
4,2263,0.9397
4,2264,0.9401
4,2265,0.9375
4,2266,0.9315
4,2267,0.9310
4,2268,0.9311
4,2269,0.9300
4,2270,0.9319
4,2271,0.9328
4,2272,0.9291
4,2273,0.9308
4,2274,0.9390
4,2275,0.9418
4,2276,0.9440
4,2277,0.9446
4,2278,0.9426
4,2279,0.9405
4,2280,0.9367
4,2281,0.9345
4,2282,0.9316
4,2283,0.9300
4,2284,0.9312
4,2285,0.9308
4,2286,0.9270
4,2287,0.9286
4,2288,0.9374
4,2289,0.9394
4,2290,0.9386
4,2291,0.9402
4,2292,0.9390
4,2293,0.9364
4,2294,0.9344
4,2295,0.9353
4,2296,0.9389
4,2297,0.9422
4,2298,0.9428
4,2299,0.9487
4,2300,0.9485
4,2301,0.9389
4,2302,0.9377
4,2303,0.9420
4,2304,0.9405
4,2305,0.9376
4,2306,0.9353
4,2307,0.9276
4,2308,0.9285
4,2309,0.9365
4,2310,0.9400
4,2311,0.9461
4,2312,0.9503
4,2313,0.9547
4,2314,0.9532
4,2315,0.9483
4,2316,0.9447
4,2317,0.9318
4,2318,0.9281
4,2319,0.9324
4,2320,0.9341
4,2321,0.9381
4,2322,0.9413
4,2323,0.9459
4,2324,0.9473
4,2325,0.9489
4,2326,0.9474
4,2327,0.9371
4,2328,0.9333
4,2329,0.9320
4,2330,0.9309
4,2331,0.9352
4,2332,0.9366
4,2333,0.9368
4,2334,0.9338
4,2335,0.9358
4,2336,0.9397
4,2337,0.9409
4,2338,0.9433
4,2339,0.9447
4,2340,0.9422
4,2341,0.9445
4,2342,0.9517
4,2343,0.9532
4,2344,0.9548
4,2345,0.9509
4,2346,0.9386
4,2347,0.9363
4,2348,0.9343
4,2349,0.9362
4,2350,0.9485
4,2351,0.9510
4,2352,0.9498
4,2353,0.9495
4,2354,0.9474
4,2355,0.9429
4,2356,0.9346
4,2357,0.9315
4,2358,0.9262
4,2359,0.9263
4,2360,0.9332
4,2361,0.9397
4,2362,0.9551
4,2363,0.9569
4,2364,0.9511
4,2365,0.9482
4,2366,0.9339
4,2367,0.9278
4,2368,0.9337
4,2369,0.9298
4,2370,0.9150
4,2371,0.9127
4,2372,0.9125
4,2373,0.9148
4,2374,0.9347
4,2375,0.9402
4,2376,0.9339
4,2377,0.9335
4,2378,0.9303
4,2379,0.9268
4,2380,0.9226
4,2381,0.9241
4,2382,0.9319
4,2383,0.9316
4,2384,0.9296
4,2385,0.9322
4,2386,0.9289
4,2387,0.9276
4,2388,0.9359
4,2389,0.9410
4,2390,0.9441
4,2391,0.9438
4,2392,0.9344
4,2393,0.9365
4,2394,0.9475
4,2395,0.9508
4,2396,0.9624
4,2397,0.9686
4,2398,0.9631
4,2399,0.9562
4,2400,0.9443
5,400,0.0697
5,401,0.0704
5,402,0.0693
5,403,0.0709
5,404,0.0739
5,405,0.0745
5,406,0.0712
5,407,0.0693
5,408,0.0708
5,409,0.0741
5,410,0.0760
5,411,0.0733
5,412,0.0724
5,413,0.0749
5,414,0.0760
5,415,0.0790
5,416,0.0806
5,417,0.0785
5,418,0.0790
5,419,0.0821
5,420,0.0852
5,421,0.0846
5,422,0.0866
5,423,0.0881
5,424,0.0878
5,425,0.0884
5,426,0.0886
5,427,0.0894
5,428,0.0916
5,429,0.0911
5,430,0.0911
5,431,0.0927
5,432,0.0949
5,433,0.0960
5,434,0.0970
5,435,0.0981
5,436,0.0945
5,437,0.0950
5,438,0.0992
5,439,0.1023
5,440,0.1036
5,441,0.1036
5,442,0.1028
5,443,0.1016
5,444,0.1019
5,445,0.1028
5,446,0.1039
5,447,0.1084
5,448,0.1100
5,449,0.1083
5,450,0.1075
5,451,0.1089
5,452,0.1098
5,453,0.1087
5,454,0.1093
5,455,0.1097
5,456,0.1102
5,457,0.1113
5,458,0.1111
5,459,0.1116
5,460,0.1126
5,461,0.1114
5,462,0.1119
5,463,0.1137
5,464,0.1154
5,465,0.1149
5,466,0.1141
5,467,0.1138
5,468,0.1140
5,469,0.1132
5,470,0.1138
5,471,0.1164
5,472,0.1171
5,473,0.1172
5,474,0.1173
5,475,0.1180
5,476,0.1189
5,477,0.1189
5,478,0.1183
5,479,0.1193
5,480,0.1197
5,481,0.1197
5,482,0.1199
5,483,0.1214
5,484,0.1230
5,485,0.1235
5,486,0.1228
5,487,0.1247
5,488,0.1261
5,489,0.1261
5,490,0.1281
5,491,0.1278
5,492,0.1266
5,493,0.1273
5,494,0.1280
5,495,0.1295
5,496,0.1316
5,497,0.1325
5,498,0.1323
5,499,0.1324
5,500,0.1339
5,501,0.1354
5,502,0.1359
5,503,0.1364
5,504,0.1385
5,505,0.1380
5,506,0.1390
5,507,0.1422
5,508,0.1422
5,509,0.1418
5,510,0.1421
5,511,0.1434
5,512,0.1449
5,513,0.1452
5,514,0.1452
5,515,0.1471
5,516,0.1485
5,517,0.1490
5,518,0.1489
5,519,0.1493
5,520,0.1508
5,521,0.1523
5,522,0.1523
5,523,0.1529
5,524,0.1542
5,525,0.1558
5,526,0.1564
5,527,0.1569
5,528,0.1579
5,529,0.1593
5,530,0.1596
5,531,0.1600
5,532,0.1608
5,533,0.1614
5,534,0.1622
5,535,0.1629
5,536,0.1635
5,537,0.1642
5,538,0.1651
5,539,0.1661
5,540,0.1670
5,541,0.1682
5,542,0.1693
5,543,0.1701
5,544,0.1698
5,545,0.1701
5,546,0.1713
5,547,0.1729
5,548,0.1734
5,549,0.1741
5,550,0.1751
5,551,0.1757
5,552,0.1763
5,553,0.1771
5,554,0.1779
5,555,0.1786
5,556,0.1796
5,557,0.1804
5,558,0.1806
5,559,0.1814
5,560,0.1822
5,561,0.1826
5,562,0.1832
5,563,0.1838
5,564,0.1845
5,565,0.1855
5,566,0.1863
5,567,0.1865
5,568,0.1867
5,569,0.1878
5,570,0.1886
5,571,0.1893
5,572,0.1900
5,573,0.1902
5,574,0.1908
5,575,0.1915
5,576,0.1917
5,577,0.1921
5,578,0.1928
5,579,0.1937
5,580,0.1941
5,581,0.1941
5,582,0.1943
5,583,0.1950
5,584,0.1950
5,585,0.1957
5,586,0.1968
5,587,0.1970
5,588,0.1972
5,589,0.1976
5,590,0.1979
5,591,0.1985
5,592,0.1987
5,593,0.1989
5,594,0.1999
5,595,0.2002
5,596,0.2006
5,597,0.2012
5,598,0.2008
5,599,0.2012
5,600,0.2021
5,601,0.2029
5,602,0.2031
5,603,0.2034
5,604,0.2036
5,605,0.2034
5,606,0.2038
5,607,0.2045
5,608,0.2052
5,609,0.2056
5,610,0.2057
5,611,0.2057
5,612,0.2062
5,613,0.2063
5,614,0.2069
5,615,0.2077
5,616,0.2074
5,617,0.2076
5,618,0.2080
5,619,0.2081
5,620,0.2086
5,621,0.2089
5,622,0.2091
5,623,0.2096
5,624,0.2101
5,625,0.2102
5,626,0.2100
5,627,0.2105
5,628,0.2109
5,629,0.2113
5,630,0.2117
5,631,0.2116
5,632,0.2121
5,633,0.2129
5,634,0.2126
5,635,0.2129
5,636,0.2134
5,637,0.2139
5,638,0.2142
5,639,0.2143
5,640,0.2146
5,641,0.2152
5,642,0.2153
5,643,0.2153
5,644,0.2156
5,645,0.2163
5,646,0.2163
5,647,0.2165
5,648,0.2173
5,649,0.2172
5,650,0.2172
5,651,0.2174
5,652,0.2183
5,653,0.2184
5,654,0.2186
5,655,0.2190
5,656,0.2190
5,657,0.2193
5,658,0.2195
5,659,0.2196
5,660,0.2202
5,661,0.2206
5,662,0.2208
5,663,0.2213
5,664,0.2212
5,665,0.2213
5,666,0.2219
5,667,0.2222
5,668,0.2221
5,669,0.2222
5,670,0.2229
5,671,0.2232
5,672,0.2234
5,673,0.2238
5,674,0.2241
5,675,0.2241
5,676,0.2244
5,677,0.2251
5,678,0.2250
5,679,0.2252
5,680,0.2258
5,681,0.2263
5,682,0.2264
5,683,0.2265
5,684,0.2266
5,685,0.2268
5,686,0.2273
5,687,0.2278
5,688,0.2282
5,689,0.2287
5,690,0.2288
5,691,0.2289
5,692,0.2295
5,693,0.2292
5,694,0.2292
5,695,0.2296
5,696,0.2302
5,697,0.2305
5,698,0.2308
5,699,0.2312
5,700,0.2312
5,701,0.2316
5,702,0.2323
5,703,0.2325
5,704,0.2325
5,705,0.2328
5,706,0.2334
5,707,0.2336
5,708,0.2338
5,709,0.2341
5,710,0.2344
5,711,0.2345
5,712,0.2349
5,713,0.2354
5,714,0.2356
5,715,0.2358
5,716,0.2361
5,717,0.2363
5,718,0.2367
5,719,0.2371
5,720,0.2374
5,721,0.2376
5,722,0.2380
5,723,0.2384
5,724,0.2385
5,725,0.2385
5,726,0.2392
5,727,0.2396
5,728,0.2398
5,729,0.2403
5,730,0.2407
5,731,0.2410
5,732,0.2412
5,733,0.2411
5,734,0.2413
5,735,0.2417
5,736,0.2422
5,737,0.2426
5,738,0.2430
5,739,0.2434
5,740,0.2439
5,741,0.2439
5,742,0.2439
5,743,0.2442
5,744,0.2449
5,745,0.2452
5,746,0.2454
5,747,0.2457
5,748,0.2461
5,749,0.2466
5,750,0.2471
5,751,0.2471
5,752,0.2473
5,753,0.2474
5,754,0.2476
5,755,0.2479
5,756,0.2485
5,757,0.2491
5,758,0.2493
5,759,0.2495
5,760,0.2496
5,761,0.2500
5,762,0.2506
5,763,0.2506
5,764,0.2509
5,765,0.2514
5,766,0.2516
5,767,0.2519
5,768,0.2523
5,769,0.2525
5,770,0.2527
5,771,0.2531
5,772,0.2534
5,773,0.2532
5,774,0.2539
5,775,0.2546
5,776,0.2548
5,777,0.2546
5,778,0.2547
5,779,0.2552
5,780,0.2557
5,781,0.2559
5,782,0.2559
5,783,0.2561
5,784,0.2564
5,785,0.2566
5,786,0.2572
5,787,0.2576
5,788,0.2576
5,789,0.2579
5,790,0.2581
5,791,0.2582
5,792,0.2582
5,793,0.2584
5,794,0.2587
5,795,0.2589
5,796,0.2592
5,797,0.2597
5,798,0.2600
5,799,0.2600
5,800,0.2605
5,801,0.2604
5,802,0.2604
5,803,0.2613
5,804,0.2614
5,805,0.2614
5,806,0.2616
5,807,0.2623
5,808,0.2625
5,809,0.2624
5,810,0.2622
5,811,0.2623
5,812,0.2629
5,813,0.2633
5,814,0.2633
5,815,0.2635
5,816,0.2637
5,817,0.2639
5,818,0.2642
5,819,0.2639
5,820,0.2641
5,821,0.2646
5,822,0.2647
5,823,0.2647
5,824,0.2651
5,825,0.2653
5,826,0.2650
5,827,0.2652
5,828,0.2653
5,829,0.2652
5,830,0.2655
5,831,0.2659
5,832,0.2661
5,833,0.2661
5,834,0.2662
5,835,0.2664
5,836,0.2667
5,837,0.2667
5,838,0.2666
5,839,0.2670
5,840,0.2676
5,841,0.2680
5,842,0.2676
5,843,0.2676
5,844,0.2680
5,845,0.2680
5,846,0.2682
5,847,0.2683
5,848,0.2682
5,849,0.2681
5,850,0.2683
5,851,0.2684
5,852,0.2685
5,853,0.2687
5,854,0.2690
5,855,0.2693
5,856,0.2696
5,857,0.2697
5,858,0.2694
5,859,0.2697
5,860,0.2709
5,861,0.2701
5,862,0.2697
5,863,0.2700
5,864,0.2706
5,865,0.2705
5,866,0.2708
5,867,0.2711
5,868,0.2710
5,869,0.2711
5,870,0.2714
5,871,0.2716
5,872,0.2713
5,873,0.2711
5,874,0.2716
5,875,0.2723
5,876,0.2721
5,877,0.2720
5,878,0.2725
5,879,0.2732
5,880,0.2728
5,881,0.2731
5,882,0.2737
5,883,0.2739
5,884,0.2733
5,885,0.2727
5,886,0.2730
5,887,0.2739
5,888,0.2739
5,889,0.2744
5,890,0.2751
5,891,0.2753
5,892,0.2745
5,893,0.2745
5,894,0.2749
5,895,0.2746
5,896,0.2752
5,897,0.2757
5,898,0.2757
5,899,0.2756
5,900,0.2762
5,901,0.2760
5,902,0.2755
5,903,0.2761
5,904,0.2771
5,905,0.2773
5,906,0.2768
5,907,0.2770
5,908,0.2775
5,909,0.2772
5,910,0.2770
5,911,0.2782
5,912,0.2777
5,913,0.2776
5,914,0.2783
5,915,0.2780
5,916,0.2788
5,917,0.2794
5,918,0.2791
5,919,0.2790
5,920,0.2788
5,921,0.2794
5,922,0.2802
5,923,0.2791
5,924,0.2793
5,925,0.2806
5,926,0.2816
5,927,0.2807
5,928,0.2807
5,929,0.2804
5,930,0.2801
5,931,0.2820
5,932,0.2825
5,933,0.2818
5,934,0.2809
5,935,0.2814
5,936,0.2822
5,937,0.2829
5,938,0.2829
5,939,0.2820
5,940,0.2826
5,941,0.2834
5,942,0.2834
5,943,0.2828
5,944,0.2842
5,945,0.2850
5,946,0.2841
5,947,0.2834
5,948,0.2839
5,949,0.2854
5,950,0.2864
5,951,0.2854
5,952,0.2854
5,953,0.2848
5,954,0.2843
5,955,0.2867
5,956,0.2862
5,957,0.2854
5,958,0.2861
5,959,0.2878
5,960,0.2875
5,961,0.2870
5,962,0.2868
5,963,0.2865
5,964,0.2864
5,965,0.2877
5,966,0.2890
5,967,0.2878
5,968,0.2873
5,969,0.2874
5,970,0.2875
5,971,0.2872
5,972,0.2892
5,973,0.2897
5,974,0.2886
5,975,0.2887
5,976,0.2889
5,977,0.2882
5,978,0.2888
5,979,0.2923
5,980,0.2920
5,981,0.2914
5,982,0.2912
5,983,0.2909
5,984,0.2894
5,985,0.2892
5,986,0.2893
5,987,0.2898
5,988,0.2948
5,989,0.2927
5,990,0.2903
5,991,0.2937
5,992,0.2961
5,993,0.2922
5,994,0.2901
5,995,0.2936
5,996,0.2942
5,997,0.2958
5,998,0.2938
5,999,0.2897
5,1000,0.2917
5,1001,0.2930
5,1002,0.2914
5,1003,0.2906
5,1004,0.2917
5,1005,0.2915
5,1006,0.2923
5,1007,0.2935
5,1008,0.2930
5,1009,0.2920
5,1010,0.2917
5,1011,0.2916
5,1012,0.2922
5,1013,0.2925
5,1014,0.2931
5,1015,0.2940
5,1016,0.2925
5,1017,0.2912
5,1018,0.2913
5,1019,0.2907
5,1020,0.2913
5,1021,0.2930
5,1022,0.2928
5,1023,0.2927
5,1024,0.2929
5,1025,0.2925
5,1026,0.2908
5,1027,0.2903
5,1028,0.2912
5,1029,0.2917
5,1030,0.2925
5,1031,0.2945
5,1032,0.2953
5,1033,0.2953
5,1034,0.2955
5,1035,0.2948
5,1036,0.2944
5,1037,0.2946
5,1038,0.2948
5,1039,0.2952
5,1040,0.2956
5,1041,0.2957
5,1042,0.2960
5,1043,0.2962
5,1044,0.2971
5,1045,0.2975
5,1046,0.2971
5,1047,0.2971
5,1048,0.2963
5,1049,0.2965
5,1050,0.2972
5,1051,0.2970
5,1052,0.2973
5,1053,0.2979
5,1054,0.2975
5,1055,0.2968
5,1056,0.2976
5,1057,0.2976
5,1058,0.2968
5,1059,0.2968
5,1060,0.2962
5,1061,0.2954
5,1062,0.2955
5,1063,0.2963
5,1064,0.2975
5,1065,0.2983
5,1066,0.2983
5,1067,0.2984
5,1068,0.2980
5,1069,0.2974
5,1070,0.2972
5,1071,0.2978
5,1072,0.2990
5,1073,0.2998
5,1074,0.3002
5,1075,0.3005
5,1076,0.2996
5,1077,0.2992
5,1078,0.2997
5,1079,0.2994
5,1080,0.2994
5,1081,0.2992
5,1082,0.2991
5,1083,0.2985
5,1084,0.2984
5,1085,0.2988
5,1086,0.2990
5,1087,0.2989
5,1088,0.2994
5,1089,0.3000
5,1090,0.3002
5,1091,0.3006
5,1092,0.2999
5,1093,0.2995
5,1094,0.2998
5,1095,0.2995
5,1096,0.2999
5,1097,0.3006
5,1098,0.3021
5,1099,0.3024
5,1100,0.3026
5,1101,0.3029
5,1102,0.3022
5,1103,0.3012
5,1104,0.3010
5,1105,0.3010
5,1106,0.3012
5,1107,0.3020
5,1108,0.3023
5,1109,0.3023
5,1110,0.3018
5,1111,0.3015
5,1112,0.3016
5,1113,0.3023
5,1114,0.3027
5,1115,0.3033
5,1116,0.3036
5,1117,0.3038
5,1118,0.3037
5,1119,0.3039
5,1120,0.3041
5,1121,0.3039
5,1122,0.3037
5,1123,0.3034
5,1124,0.3030
5,1125,0.3032
5,1126,0.3032
5,1127,0.3036
5,1128,0.3045
5,1129,0.3051
5,1130,0.3059
5,1131,0.3063
5,1132,0.3065
5,1133,0.3064
5,1134,0.3061
5,1135,0.3058
5,1136,0.3053
5,1137,0.3054
5,1138,0.3057
5,1139,0.3062
5,1140,0.3063
5,1141,0.3060
5,1142,0.3061
5,1143,0.3061
5,1144,0.3062
5,1145,0.3067
5,1146,0.3071
5,1147,0.3069
5,1148,0.3070
5,1149,0.3075
5,1150,0.3077
5,1151,0.3077
5,1152,0.3079
5,1153,0.3085
5,1154,0.3085
5,1155,0.3084
5,1156,0.3082
5,1157,0.3078
5,1158,0.3077
5,1159,0.3077
5,1160,0.3083
5,1161,0.3082
5,1162,0.3077
5,1163,0.3077
5,1164,0.3077
5,1165,0.3079
5,1166,0.3087
5,1167,0.3091
5,1168,0.3094
5,1169,0.3095
5,1170,0.3097
5,1171,0.3097
5,1172,0.3097
5,1173,0.3095
5,1174,0.3092
5,1175,0.3091
5,1176,0.3091
5,1177,0.3094
5,1178,0.3095
5,1179,0.3098
5,1180,0.3099
5,1181,0.3099
5,1182,0.3098
5,1183,0.3094
5,1184,0.3097
5,1185,0.3108
5,1186,0.3110
5,1187,0.3113
5,1188,0.3116
5,1189,0.3113
5,1190,0.3112
5,1191,0.3114
5,1192,0.3116
5,1193,0.3117
5,1194,0.3120
5,1195,0.3120
5,1196,0.3118
5,1197,0.3119
5,1198,0.3117
5,1199,0.3118
5,1200,0.3123
5,1201,0.3125
5,1202,0.3123
5,1203,0.3125
5,1204,0.3130
5,1205,0.3131
5,1206,0.3133
5,1207,0.3137
5,1208,0.3134
5,1209,0.3130
5,1210,0.3132
5,1211,0.3139
5,1212,0.3140
5,1213,0.3145
5,1214,0.3146
5,1215,0.3137
5,1216,0.3135
5,1217,0.3133
5,1218,0.3137
5,1219,0.3150
5,1220,0.3154
5,1221,0.3158
5,1222,0.3160
5,1223,0.3157
5,1224,0.3153
5,1225,0.3154
5,1226,0.3157
5,1227,0.3159
5,1228,0.3157
5,1229,0.3157
5,1230,0.3156
5,1231,0.3156
5,1232,0.3158
5,1233,0.3158
5,1234,0.3155
5,1235,0.3156
5,1236,0.3156
5,1237,0.3158
5,1238,0.3168
5,1239,0.3171
5,1240,0.3175
5,1241,0.3176
5,1242,0.3171
5,1243,0.3165
5,1244,0.3167
5,1245,0.3165
5,1246,0.3165
5,1247,0.3167
5,1248,0.3170
5,1249,0.3173
5,1250,0.3175
5,1251,0.3179
5,1252,0.3181
5,1253,0.3178
5,1254,0.3177
5,1255,0.3175
5,1256,0.3176
5,1257,0.3180
5,1258,0.3182
5,1259,0.3187
5,1260,0.3189
5,1261,0.3188
5,1262,0.3187
5,1263,0.3184
5,1264,0.3182
5,1265,0.3187
5,1266,0.3190
5,1267,0.3192
5,1268,0.3197
5,1269,0.3198
5,1270,0.3193
5,1271,0.3192
5,1272,0.3191
5,1273,0.3191
5,1274,0.3195
5,1275,0.3195
5,1276,0.3193
5,1277,0.3193
5,1278,0.3189
5,1279,0.3187
5,1280,0.3189
5,1281,0.3190
5,1282,0.3190
5,1283,0.3191
5,1284,0.3196
5,1285,0.3200
5,1286,0.3202
5,1287,0.3206
5,1288,0.3208
5,1289,0.3206
5,1290,0.3206
5,1291,0.3205
5,1292,0.3207
5,1293,0.3210
5,1294,0.3213
5,1295,0.3221
5,1296,0.3223
5,1297,0.3221
5,1298,0.3219
5,1299,0.3213
5,1300,0.3212
5,1301,0.3216
5,1302,0.3217
5,1303,0.3218
5,1304,0.3219
5,1305,0.3219
5,1306,0.3219
5,1307,0.3221
5,1308,0.3226
5,1309,0.3226
5,1310,0.3223
5,1311,0.3224
5,1312,0.3225
5,1313,0.3226
5,1314,0.3229
5,1315,0.3228
5,1316,0.3222
5,1317,0.3220
5,1318,0.3218
5,1319,0.3219
5,1320,0.3225
5,1321,0.3226
5,1322,0.3226
5,1323,0.3227
5,1324,0.3226
5,1325,0.3228
5,1326,0.3234
5,1327,0.3235
5,1328,0.3233
5,1329,0.3233
5,1330,0.3235
5,1331,0.3233
5,1332,0.3231
5,1333,0.3229
5,1334,0.3230
5,1335,0.3230
5,1336,0.3231
5,1337,0.3236
5,1338,0.3238
5,1339,0.3236
5,1340,0.3236
5,1341,0.3237
5,1342,0.3237
5,1343,0.3236
5,1344,0.3236
5,1345,0.3237
5,1346,0.3238
5,1347,0.3237
5,1348,0.3237
5,1349,0.3237
5,1350,0.3238
5,1351,0.3240
5,1352,0.3242
5,1353,0.3244
5,1354,0.3244
5,1355,0.3243
5,1356,0.3244
5,1357,0.3244
5,1358,0.3245
5,1359,0.3246
5,1360,0.3249
5,1361,0.3249
5,1362,0.3248
5,1363,0.3248
5,1364,0.3248
5,1365,0.3248
5,1366,0.3251
5,1367,0.3251
5,1368,0.3249
5,1369,0.3249
5,1370,0.3248
5,1371,0.3249
5,1372,0.3254
5,1373,0.3256
5,1374,0.3258
5,1375,0.3256
5,1376,0.3247
5,1377,0.3243
5,1378,0.3237
5,1379,0.3235
5,1380,0.3245
5,1381,0.3246
5,1382,0.3244
5,1383,0.3243
5,1384,0.3242
5,1385,0.3234
5,1386,0.3234
5,1387,0.3238
5,1388,0.3238
5,1389,0.3238
5,1390,0.3235
5,1391,0.3229
5,1392,0.3224
5,1393,0.3215
5,1394,0.3211
5,1395,0.3207
5,1396,0.3205
5,1397,0.3208
5,1398,0.3205
5,1399,0.3201
5,1400,0.3198
5,1401,0.3194
5,1402,0.3189
5,1403,0.3183
5,1404,0.3180
5,1405,0.3179
5,1406,0.3177
5,1407,0.3181
5,1408,0.3180
5,1409,0.3172
5,1410,0.3169
5,1411,0.3162
5,1412,0.3160
5,1413,0.3163
5,1414,0.3166
5,1415,0.3171
5,1416,0.3181
5,1417,0.3185
5,1418,0.3188
5,1419,0.3191
5,1420,0.3192
5,1421,0.3195
5,1422,0.3200
5,1423,0.3203
5,1424,0.3206
5,1425,0.3209
5,1426,0.3213
5,1427,0.3217
5,1428,0.3222
5,1429,0.3224
5,1430,0.3226
5,1431,0.3227
5,1432,0.3229
5,1433,0.3230
5,1434,0.3229
5,1435,0.3231
5,1436,0.3233
5,1437,0.3234
5,1438,0.3236
5,1439,0.3237
5,1440,0.3236
5,1441,0.3237
5,1442,0.3241
5,1443,0.3243
5,1444,0.3243
5,1445,0.3244
5,1446,0.3244
5,1447,0.3245
5,1448,0.3246
5,1449,0.3249
5,1450,0.3250
5,1451,0.3251
5,1452,0.3251
5,1453,0.3249
5,1454,0.3250
5,1455,0.3249
5,1456,0.3250
5,1457,0.3255
5,1458,0.3258
5,1459,0.3263
5,1460,0.3264
5,1461,0.3261
5,1462,0.3261
5,1463,0.3258
5,1464,0.3257
5,1465,0.3260
5,1466,0.3260
5,1467,0.3258
5,1468,0.3258
5,1469,0.3255
5,1470,0.3256
5,1471,0.3263
5,1472,0.3264
5,1473,0.3261
5,1474,0.3262
5,1475,0.3259
5,1476,0.3259
5,1477,0.3263
5,1478,0.3265
5,1479,0.3266
5,1480,0.3266
5,1481,0.3265
5,1482,0.3265
5,1483,0.3265
5,1484,0.3264
5,1485,0.3265
5,1486,0.3265
5,1487,0.3266
5,1488,0.3266
5,1489,0.3267
5,1490,0.3269
5,1491,0.3271
5,1492,0.3273
5,1493,0.3273
5,1494,0.3272
5,1495,0.3273
5,1496,0.3275
5,1497,0.3276
5,1498,0.3280
5,1499,0.3281
5,1500,0.3278
5,1501,0.3277
5,1502,0.3278
5,1503,0.3278
5,1504,0.3278
5,1505,0.3279
5,1506,0.3281
5,1507,0.3282
5,1508,0.3283
5,1509,0.3283
5,1510,0.3279
5,1511,0.3279
5,1512,0.3281
5,1513,0.3282
5,1514,0.3285
5,1515,0.3286
5,1516,0.3286
5,1517,0.3286
5,1518,0.3286
5,1519,0.3286
5,1520,0.3285
5,1521,0.3284
5,1522,0.3282
5,1523,0.3282
5,1524,0.3284
5,1525,0.3284
5,1526,0.3285
5,1527,0.3286
5,1528,0.3286
5,1529,0.3286
5,1530,0.3286
5,1531,0.3287
5,1532,0.3289
5,1533,0.3288
5,1534,0.3286
5,1535,0.3286
5,1536,0.3283
5,1537,0.3282
5,1538,0.3284
5,1539,0.3285
5,1540,0.3284
5,1541,0.3285
5,1542,0.3287
5,1543,0.3287
5,1544,0.3288
5,1545,0.3290
5,1546,0.3291
5,1547,0.3293
5,1548,0.3292
5,1549,0.3291
5,1550,0.3290
5,1551,0.3289
5,1552,0.3290
5,1553,0.3296
5,1554,0.3297
5,1555,0.3298
5,1556,0.3297
5,1557,0.3292
5,1558,0.3290
5,1559,0.3288
5,1560,0.3288
5,1561,0.3291
5,1562,0.3292
5,1563,0.3293
5,1564,0.3294
5,1565,0.3291
5,1566,0.3292
5,1567,0.3296
5,1568,0.3297
5,1569,0.3296
5,1570,0.3297
5,1571,0.3296
5,1572,0.3295
5,1573,0.3296
5,1574,0.3297
5,1575,0.3298
5,1576,0.3300
5,1577,0.3304
5,1578,0.3303
5,1579,0.3296
5,1580,0.3295
5,1581,0.3293
5,1582,0.3293
5,1583,0.3300
5,1584,0.3302
5,1585,0.3301
5,1586,0.3299
5,1587,0.3293
5,1588,0.3293
5,1589,0.3294
5,1590,0.3296
5,1591,0.3302
5,1592,0.3304
5,1593,0.3304
5,1594,0.3304
5,1595,0.3303
5,1596,0.3303
5,1597,0.3304
5,1598,0.3304
5,1599,0.3304
5,1600,0.3305
5,1601,0.3307
5,1602,0.3308
5,1603,0.3309
5,1604,0.3310
5,1605,0.3309
5,1606,0.3309
5,1607,0.3308
5,1608,0.3306
5,1609,0.3301
5,1610,0.3300
5,1611,0.3301
5,1612,0.3301
5,1613,0.3304
5,1614,0.3305
5,1615,0.3304
5,1616,0.3302
5,1617,0.3298
5,1618,0.3297
5,1619,0.3299
5,1620,0.3300
5,1621,0.3302
5,1622,0.3303
5,1623,0.3304
5,1624,0.3305
5,1625,0.3309
5,1626,0.3310
5,1627,0.3311
5,1628,0.3310
5,1629,0.3307
5,1630,0.3307
5,1631,0.3309
5,1632,0.3308
5,1633,0.3309
5,1634,0.3310
5,1635,0.3309
5,1636,0.3308
5,1637,0.3306
5,1638,0.3306
5,1639,0.3308
5,1640,0.3307
5,1641,0.3307
5,1642,0.3307
5,1643,0.3302
5,1644,0.3301
5,1645,0.3305
5,1646,0.3306
5,1647,0.3306
5,1648,0.3307
5,1649,0.3307
5,1650,0.3306
5,1651,0.3304
5,1652,0.3304
5,1653,0.3304
5,1654,0.3303
5,1655,0.3307
5,1656,0.3308
5,1657,0.3303
5,1658,0.3302
5,1659,0.3300
5,1660,0.3299
5,1661,0.3301
5,1662,0.3302
5,1663,0.3303
5,1664,0.3303
5,1665,0.3303
5,1666,0.3304
5,1667,0.3304
5,1668,0.3306
5,1669,0.3310
5,1670,0.3312
5,1671,0.3312
5,1672,0.3312
5,1673,0.3310
5,1674,0.3309
5,1675,0.3309
5,1676,0.3309
5,1677,0.3309
5,1678,0.3310
5,1679,0.3310
5,1680,0.3311
5,1681,0.3318
5,1682,0.3316
5,1683,0.3309
5,1684,0.3306
5,1685,0.3299
5,1686,0.3296
5,1687,0.3303
5,1688,0.3304
5,1689,0.3302
5,1690,0.3303
5,1691,0.3302
5,1692,0.3303
5,1693,0.3308
5,1694,0.3310
5,1695,0.3314
5,1696,0.3316
5,1697,0.3317
5,1698,0.3317
5,1699,0.3315
5,1700,0.3315
5,1701,0.3314
5,1702,0.3313
5,1703,0.3314
5,1704,0.3314
5,1705,0.3311
5,1706,0.3310
5,1707,0.3310
5,1708,0.3311
5,1709,0.3315
5,1710,0.3315
5,1711,0.3316
5,1712,0.3315
5,1713,0.3312
5,1714,0.3309
5,1715,0.3307
5,1716,0.3306
5,1717,0.3306
5,1718,0.3306
5,1719,0.3304
5,1720,0.3303
5,1721,0.3304
5,1722,0.3309
5,1723,0.3309
5,1724,0.3306
5,1725,0.3304
5,1726,0.3303
5,1727,0.3304
5,1728,0.3308
5,1729,0.3314
5,1730,0.3313
5,1731,0.3309
5,1732,0.3306
5,1733,0.3302
5,1734,0.3301
5,1735,0.3304
5,1736,0.3307
5,1737,0.3306
5,1738,0.3307
5,1739,0.3308
5,1740,0.3309
5,1741,0.3310
5,1742,0.3307
5,1743,0.3304
5,1744,0.3301
5,1745,0.3298
5,1746,0.3298
5,1747,0.3295
5,1748,0.3296
5,1749,0.3299
5,1750,0.3301
5,1751,0.3303
5,1752,0.3306
5,1753,0.3306
5,1754,0.3303
5,1755,0.3304
5,1756,0.3303
5,1757,0.3303
5,1758,0.3306
5,1759,0.3305
5,1760,0.3303
5,1761,0.3300
5,1762,0.3293
5,1763,0.3292
5,1764,0.3291
5,1765,0.3290
5,1766,0.3294
5,1767,0.3294
5,1768,0.3289
5,1769,0.3298
5,1770,0.3301
5,1771,0.3303
5,1772,0.3306
5,1773,0.3299
5,1774,0.3298
5,1775,0.3302
5,1776,0.3298
5,1777,0.3301
5,1778,0.3298
5,1779,0.3292
5,1780,0.3294
5,1781,0.3295
5,1782,0.3294
5,1783,0.3297
5,1784,0.3300
5,1785,0.3300
5,1786,0.3304
5,1787,0.3305
5,1788,0.3304
5,1789,0.3309
5,1790,0.3310
5,1791,0.3303
5,1792,0.3302
5,1793,0.3304
5,1794,0.3303
5,1795,0.3305
5,1796,0.3305
5,1797,0.3295
5,1798,0.3295
5,1799,0.3308
5,1800,0.3309
5,1801,0.3304
5,1802,0.3301
5,1803,0.3291
5,1804,0.3288
5,1805,0.3293
5,1806,0.3300
5,1807,0.3304
5,1808,0.3307
5,1809,0.3308
5,1810,0.3307
5,1811,0.3304
5,1812,0.3295
5,1813,0.3289
5,1814,0.3292
5,1815,0.3297
5,1816,0.3304
5,1817,0.3313
5,1818,0.3314
5,1819,0.3306
5,1820,0.3306
5,1821,0.3311
5,1822,0.3310
5,1823,0.3307
5,1824,0.3302
5,1825,0.3291
5,1826,0.3278
5,1827,0.3279
5,1828,0.3284
5,1829,0.3286
5,1830,0.3293
5,1831,0.3282
5,1832,0.3286
5,1833,0.3294
5,1834,0.3300
5,1835,0.3307
5,1836,0.3320
5,1837,0.3316
5,1838,0.3304
5,1839,0.3298
5,1840,0.3286
5,1841,0.3273
5,1842,0.3274
5,1843,0.3272
5,1844,0.3272
5,1845,0.3265
5,1846,0.3271
5,1847,0.3280
5,1848,0.3273
5,1849,0.3273
5,1850,0.3274
5,1851,0.3260
5,1852,0.3254
5,1853,0.3251
5,1854,0.3251
5,1855,0.3255
5,1856,0.3263
5,1857,0.3267
5,1858,0.3270
5,1859,0.3279
5,1860,0.3279
5,1861,0.3284
5,1862,0.3290
5,1863,0.3292
5,1864,0.3293
5,1865,0.3295
5,1866,0.3296
5,1867,0.3292
5,1868,0.3294
5,1869,0.3280
5,1870,0.3279
5,1871,0.3277
5,1872,0.3273
5,1873,0.3274
5,1874,0.3272
5,1875,0.3264
5,1876,0.3261
5,1877,0.3263
5,1878,0.3250
5,1879,0.3238
5,1880,0.3234
5,1881,0.3224
5,1882,0.3222
5,1883,0.3222
5,1884,0.3226
5,1885,0.3226
5,1886,0.3226
5,1887,0.3232
5,1888,0.3224
5,1889,0.3221
5,1890,0.3217
5,1891,0.3203
5,1892,0.3196
5,1893,0.3198
5,1894,0.3188
5,1895,0.3166
5,1896,0.3159
5,1897,0.3150
5,1898,0.3147
5,1899,0.3158
5,1900,0.3172
5,1901,0.3166
5,1902,0.3148
5,1903,0.3136
5,1904,0.3110
5,1905,0.3103
5,1906,0.3112
5,1907,0.3110
5,1908,0.3108
5,1909,0.3109
5,1910,0.3100
5,1911,0.3089
5,1912,0.3091
5,1913,0.3103
5,1914,0.3104
5,1915,0.3109
5,1916,0.3108
5,1917,0.3091
5,1918,0.3085
5,1919,0.3079
5,1920,0.3082
5,1921,0.3087
5,1922,0.3102
5,1923,0.3111
5,1924,0.3127
5,1925,0.3131
5,1926,0.3125
5,1927,0.3120
5,1928,0.3105
5,1929,0.3102
5,1930,0.3104
5,1931,0.3109
5,1932,0.3112
5,1933,0.3118
5,1934,0.3114
5,1935,0.3096
5,1936,0.3095
5,1937,0.3094
5,1938,0.3095
5,1939,0.3112
5,1940,0.3118
5,1941,0.3118
5,1942,0.3122
5,1943,0.3132
5,1944,0.3130
5,1945,0.3131
5,1946,0.3132
5,1947,0.3133
5,1948,0.3130
5,1949,0.3130
5,1950,0.3132
5,1951,0.3135
5,1952,0.3140
5,1953,0.3143
5,1954,0.3144
5,1955,0.3145
5,1956,0.3148
5,1957,0.3153
5,1958,0.3152
5,1959,0.3149
5,1960,0.3151
5,1961,0.3149
5,1962,0.3149
5,1963,0.3156
5,1964,0.3158
5,1965,0.3160
5,1966,0.3151
5,1967,0.3148
5,1968,0.3144
5,1969,0.3145
5,1970,0.3148
5,1971,0.3149
5,1972,0.3157
5,1973,0.3156
5,1974,0.3142
5,1975,0.3140
5,1976,0.3139
5,1977,0.3144
5,1978,0.3162
5,1979,0.3177
5,1980,0.3183
5,1981,0.3185
5,1982,0.3186
5,1983,0.3172
5,1984,0.3173
5,1985,0.3178
5,1986,0.3184
5,1987,0.3196
5,1988,0.3206
5,1989,0.3222
5,1990,0.3225
5,1991,0.3222
5,1992,0.3208
5,1993,0.3205
5,1994,0.3198
5,1995,0.3193
5,1996,0.3201
5,1997,0.3198
5,1998,0.3181
5,1999,0.3177
5,2000,0.3181
5,2001,0.3181
5,2002,0.3185
5,2003,0.3192
5,2004,0.3194
5,2005,0.3191
5,2006,0.3193
5,2007,0.3200
5,2008,0.3202
5,2009,0.3206
5,2010,0.3207
5,2011,0.3206
5,2012,0.3205
5,2013,0.3197
5,2014,0.3198
5,2015,0.3209
5,2016,0.3217
5,2017,0.3215
5,2018,0.3211
5,2019,0.3212
5,2020,0.3205
5,2021,0.3202
5,2022,0.3208
5,2023,0.3210
5,2024,0.3205
5,2025,0.3204
5,2026,0.3216
5,2027,0.3219
5,2028,0.3210
5,2029,0.3212
5,2030,0.3218
5,2031,0.3227
5,2032,0.3232
5,2033,0.3247
5,2034,0.3247
5,2035,0.3230
5,2036,0.3225
5,2037,0.3223
5,2038,0.3214
5,2039,0.3201
5,2040,0.3195
5,2041,0.3185
5,2042,0.3179
5,2043,0.3177
5,2044,0.3185
5,2045,0.3186
5,2046,0.3186
5,2047,0.3186
5,2048,0.3190
5,2049,0.3188
5,2050,0.3177
5,2051,0.3175
5,2052,0.3177
5,2053,0.3176
5,2054,0.3182
5,2055,0.3183
5,2056,0.3181
5,2057,0.3167
5,2058,0.3170
5,2059,0.3178
5,2060,0.3185
5,2061,0.3202
5,2062,0.3211
5,2063,0.3220
5,2064,0.3223
5,2065,0.3225
5,2066,0.3222
5,2067,0.3201
5,2068,0.3196
5,2069,0.3204
5,2070,0.3201
5,2071,0.3198
5,2072,0.3201
5,2073,0.3198
5,2074,0.3177
5,2075,0.3179
5,2076,0.3198
5,2077,0.3204
5,2078,0.3217
5,2079,0.3220
5,2080,0.3211
5,2081,0.3205
5,2082,0.3194
5,2083,0.3189
5,2084,0.3179
5,2085,0.3178
5,2086,0.3183
5,2087,0.3202
5,2088,0.3202
5,2089,0.3202
5,2090,0.3200
5,2091,0.3183
5,2092,0.3181
5,2093,0.3191
5,2094,0.3194
5,2095,0.3203
5,2096,0.3204
5,2097,0.3200
5,2098,0.3198
5,2099,0.3195
5,2100,0.3191
5,2101,0.3179
5,2102,0.3181
5,2103,0.3185
5,2104,0.3189
5,2105,0.3195
5,2106,0.3211
5,2107,0.3218
5,2108,0.3219
5,2109,0.3220
5,2110,0.3216
5,2111,0.3213
5,2112,0.3205
5,2113,0.3203
5,2114,0.3207
5,2115,0.3208
5,2116,0.3216
5,2117,0.3214
5,2118,0.3212
5,2119,0.3206
5,2120,0.3200
5,2121,0.3188
5,2122,0.3184
5,2123,0.3183
5,2124,0.3180
5,2125,0.3179
5,2126,0.3179
5,2127,0.3178
5,2128,0.3180
5,2129,0.3180
5,2130,0.3189
5,2131,0.3211
5,2132,0.3219
5,2133,0.3228
5,2134,0.3238
5,2135,0.3235
5,2136,0.3214
5,2137,0.3206
5,2138,0.3200
5,2139,0.3191
5,2140,0.3180
5,2141,0.3176
5,2142,0.3169
5,2143,0.3170
5,2144,0.3186
5,2145,0.3192
5,2146,0.3203
5,2147,0.3201
5,2148,0.3178
5,2149,0.3169
5,2150,0.3153
5,2151,0.3150
5,2152,0.3146
5,2153,0.3152
5,2154,0.3152
5,2155,0.3149
5,2156,0.3145
5,2157,0.3136
5,2158,0.3144
5,2159,0.3166
5,2160,0.3171
5,2161,0.3185
5,2162,0.3184
5,2163,0.3158
5,2164,0.3146
5,2165,0.3139
5,2166,0.3131
5,2167,0.3125
5,2168,0.3117
5,2169,0.3106
5,2170,0.3094
5,2171,0.3102
5,2172,0.3124
5,2173,0.3126
5,2174,0.3139
5,2175,0.3136
5,2176,0.3102
5,2177,0.3094
5,2178,0.3104
5,2179,0.3094
5,2180,0.3074
5,2181,0.3066
5,2182,0.3053
5,2183,0.3047
5,2184,0.3067
5,2185,0.3061
5,2186,0.3026
5,2187,0.3015
5,2188,0.3009
5,2189,0.3000
5,2190,0.3001
5,2191,0.3014
5,2192,0.3012
5,2193,0.2997
5,2194,0.2988
5,2195,0.2977
5,2196,0.2975
5,2197,0.2977
5,2198,0.2974
5,2199,0.2975
5,2200,0.2978
5,2201,0.2976
5,2202,0.2980
5,2203,0.3007
5,2204,0.3008
5,2205,0.2983
5,2206,0.2976
5,2207,0.2957
5,2208,0.2955
5,2209,0.2979
5,2210,0.2996
5,2211,0.3023
5,2212,0.3039
5,2213,0.3049
5,2214,0.3057
5,2215,0.3054
5,2216,0.3031
5,2217,0.3031
5,2218,0.3035
5,2219,0.3040
5,2220,0.3055
5,2221,0.3067
5,2222,0.3078
5,2223,0.3085
5,2224,0.3094
5,2225,0.3099
5,2226,0.3096
5,2227,0.3095
5,2228,0.3094
5,2229,0.3093
5,2230,0.3093
5,2231,0.3092
5,2232,0.3094
5,2233,0.3095
5,2234,0.3094
5,2235,0.3095
5,2236,0.3097
5,2237,0.3100
5,2238,0.3097
5,2239,0.3091
5,2240,0.3087
5,2241,0.3076
5,2242,0.3076
5,2243,0.3094
5,2244,0.3082
5,2245,0.3050
5,2246,0.3040
5,2247,0.3014
5,2248,0.3011
5,2249,0.3042
5,2250,0.3054
5,2251,0.3065
5,2252,0.3068
5,2253,0.3062
5,2254,0.3061
5,2255,0.3056
5,2256,0.3056
5,2257,0.3071
5,2258,0.3072
5,2259,0.3064
5,2260,0.3059
5,2261,0.3041
5,2262,0.3032
5,2263,0.3038
5,2264,0.3059
5,2265,0.3070
5,2266,0.3096
5,2267,0.3095
5,2268,0.3077
5,2269,0.3067
5,2270,0.3043
5,2271,0.3037
5,2272,0.3044
5,2273,0.3040
5,2274,0.3032
5,2275,0.3034
5,2276,0.3044
5,2277,0.3038
5,2278,0.3024
5,2279,0.3024
5,2280,0.3022
5,2281,0.3016
5,2282,0.3020
5,2283,0.3025
5,2284,0.3022
5,2285,0.3015
5,2286,0.3017
5,2287,0.3013
5,2288,0.2983
5,2289,0.2973
5,2290,0.2972
5,2291,0.2978
5,2292,0.3009
5,2293,0.3021
5,2294,0.3029
5,2295,0.3033
5,2296,0.3043
5,2297,0.3045
5,2298,0.3049
5,2299,0.3064
5,2300,0.3067
5,2301,0.3060
5,2302,0.3049
5,2303,0.3026
5,2304,0.3025
5,2305,0.3032
5,2306,0.3027
5,2307,0.3037
5,2308,0.3035
5,2309,0.3006
5,2310,0.3000
5,2311,0.3017
5,2312,0.3013
5,2313,0.2998
5,2314,0.2992
5,2315,0.2973
5,2316,0.2972
5,2317,0.2992
5,2318,0.3005
5,2319,0.3034
5,2320,0.3041
5,2321,0.3025
5,2322,0.3027
5,2323,0.3044
5,2324,0.3035
5,2325,0.3030
5,2326,0.3011
5,2327,0.2927
5,2328,0.2898
5,2329,0.2920
5,2330,0.2916
5,2331,0.2941
5,2332,0.2938
5,2333,0.2913
5,2334,0.2832
5,2335,0.2832
5,2336,0.2848
5,2337,0.2876
5,2338,0.2956
5,2339,0.2985
5,2340,0.2992
5,2341,0.3010
5,2342,0.3030
5,2343,0.3029
5,2344,0.3012
5,2345,0.3013
5,2346,0.3016
5,2347,0.2996
5,2348,0.2979
5,2349,0.2954
5,2350,0.2879
5,2351,0.2864
5,2352,0.2901
5,2353,0.2896
5,2354,0.2883
5,2355,0.2890
5,2356,0.2893
5,2357,0.2891
5,2358,0.2908
5,2359,0.2916
5,2360,0.2906
5,2361,0.2891
5,2362,0.2878
5,2363,0.2870
5,2364,0.2833
5,2365,0.2828
5,2366,0.2858
5,2367,0.2874
5,2368,0.2903
5,2369,0.2910
5,2370,0.2901
5,2371,0.2895
5,2372,0.2869
5,2373,0.2858
5,2374,0.2846
5,2375,0.2851
5,2376,0.2876
5,2377,0.2893
5,2378,0.2926
5,2379,0.2947
5,2380,0.2957
5,2381,0.2963
5,2382,0.2957
5,2383,0.2960
5,2384,0.2982
5,2385,0.2974
5,2386,0.2939
5,2387,0.2926
5,2388,0.2927
5,2389,0.2890
5,2390,0.2803
5,2391,0.2791
5,2392,0.2807
5,2393,0.2797
5,2394,0.2865
5,2395,0.2889
5,2396,0.2817
5,2397,0.2787
5,2398,0.2755
5,2399,0.2763
5,2400,0.2828
6,400,0.0679
6,401,0.0656
6,402,0.0531
6,403,0.0383
6,404,0.0463
6,405,0.0549
6,406,0.0482
6,407,0.0473
6,408,0.0483
6,409,0.0514
6,410,0.0569
6,411,0.0558
6,412,0.0494
6,413,0.0444
6,414,0.0521
6,415,0.0557
6,416,0.0562
6,417,0.0568
6,418,0.0520
6,419,0.0544
6,420,0.0610
6,421,0.0598
6,422,0.0573
6,423,0.0548
6,424,0.0537
6,425,0.0574
6,426,0.0653
6,427,0.0674
6,428,0.0568
6,429,0.0588
6,430,0.0572
6,431,0.0516
6,432,0.0565
6,433,0.0620
6,434,0.0628
6,435,0.0587
6,436,0.0610
6,437,0.0608
6,438,0.0601
6,439,0.0642
6,440,0.0648
6,441,0.0657
6,442,0.0675
6,443,0.0639
6,444,0.0619
6,445,0.0629
6,446,0.0660
6,447,0.0693
6,448,0.0696
6,449,0.0669
6,450,0.0638
6,451,0.0648
6,452,0.0666
6,453,0.0667
6,454,0.0678
6,455,0.0676
6,456,0.0672
6,457,0.0683
6,458,0.0707
6,459,0.0710
6,460,0.0689
6,461,0.0686
6,462,0.0688
6,463,0.0679
6,464,0.0660
6,465,0.0689
6,466,0.0694
6,467,0.0683
6,468,0.0708
6,469,0.0692
6,470,0.0677
6,471,0.0692
6,472,0.0712
6,473,0.0721
6,474,0.0701
6,475,0.0656
6,476,0.0701
6,477,0.0728
6,478,0.0710
6,479,0.0712
6,480,0.0694
6,481,0.0691
6,482,0.0726
6,483,0.0752
6,484,0.0752
6,485,0.0732
6,486,0.0713
6,487,0.0731
6,488,0.0745
6,489,0.0738
6,490,0.0747
6,491,0.0752
6,492,0.0756
6,493,0.0768
6,494,0.0786
6,495,0.0787
6,496,0.0774
6,497,0.0773
6,498,0.0787
6,499,0.0784
6,500,0.0755
6,501,0.0779
6,502,0.0794
6,503,0.0799
6,504,0.0820
6,505,0.0809
6,506,0.0816
6,507,0.0849
6,508,0.0839
6,509,0.0827
6,510,0.0818
6,511,0.0812
6,512,0.0831
6,513,0.0834
6,514,0.0827
6,515,0.0853
6,516,0.0869
6,517,0.0868
6,518,0.0858
6,519,0.0870
6,520,0.0881
6,521,0.0888
6,522,0.0896
6,523,0.0879
6,524,0.0873
6,525,0.0889
6,526,0.0895
6,527,0.0902
6,528,0.0917
6,529,0.0938
6,530,0.0936
6,531,0.0936
6,532,0.0947
6,533,0.0956
6,534,0.0963
6,535,0.0970
6,536,0.0974
6,537,0.0965
6,538,0.0980
6,539,0.1004
6,540,0.1005
6,541,0.1011
6,542,0.1026
6,543,0.1046
6,544,0.1052
6,545,0.1055
6,546,0.1069
6,547,0.1095
6,548,0.1104
6,549,0.1109
6,550,0.1118
6,551,0.1131
6,552,0.1150
6,553,0.1165
6,554,0.1172
6,555,0.1191
6,556,0.1214
6,557,0.1236
6,558,0.1252
6,559,0.1272
6,560,0.1292
6,561,0.1307
6,562,0.1319
6,563,0.1338
6,564,0.1366
6,565,0.1395
6,566,0.1409
6,567,0.1427
6,568,0.1454
6,569,0.1484
6,570,0.1510
6,571,0.1535
6,572,0.1564
6,573,0.1585
6,574,0.1606
6,575,0.1632
6,576,0.1668
6,577,0.1691
6,578,0.1714
6,579,0.1740
6,580,0.1762
6,581,0.1796
6,582,0.1829
6,583,0.1845
6,584,0.1860
6,585,0.1889
6,586,0.1925
6,587,0.1948
6,588,0.1967
6,589,0.1986
6,590,0.2011
6,591,0.2049
6,592,0.2073
6,593,0.2090
6,594,0.2114
6,595,0.2139
6,596,0.2162
6,597,0.2183
6,598,0.2196
6,599,0.2221
6,600,0.2251
6,601,0.2275
6,602,0.2296
6,603,0.2311
6,604,0.2324
6,605,0.2347
6,606,0.2356
6,607,0.2373
6,608,0.2402
6,609,0.2416
6,610,0.2434
6,611,0.2454
6,612,0.2470
6,613,0.2485
6,614,0.2499
6,615,0.2511
6,616,0.2523
6,617,0.2540
6,618,0.2556
6,619,0.2568
6,620,0.2577
6,621,0.2590
6,622,0.2605
6,623,0.2618
6,624,0.2631
6,625,0.2641
6,626,0.2647
6,627,0.2661
6,628,0.2671
6,629,0.2679
6,630,0.2691
6,631,0.2697
6,632,0.2705
6,633,0.2716
6,634,0.2726
6,635,0.2740
6,636,0.2750
6,637,0.2753
6,638,0.2760
6,639,0.2767
6,640,0.2776
6,641,0.2787
6,642,0.2797
6,643,0.2801
6,644,0.2803
6,645,0.2813
6,646,0.2826
6,647,0.2836
6,648,0.2842
6,649,0.2850
6,650,0.2857
6,651,0.2865
6,652,0.2876
6,653,0.2884
6,654,0.2886
6,655,0.2886
6,656,0.2904
6,657,0.2912
6,658,0.2917
6,659,0.2929
6,660,0.2926
6,661,0.2932
6,662,0.2948
6,663,0.2961
6,664,0.2964
6,665,0.2969
6,666,0.2980
6,667,0.2988
6,668,0.2999
6,669,0.3008
6,670,0.3013
6,671,0.3016
6,672,0.3025
6,673,0.3037
6,674,0.3041
6,675,0.3048
6,676,0.3054
6,677,0.3059
6,678,0.3066
6,679,0.3073
6,680,0.3082
6,681,0.3093
6,682,0.3104
6,683,0.3113
6,684,0.3120
6,685,0.3133
6,686,0.3140
6,687,0.3146
6,688,0.3156
6,689,0.3169
6,690,0.3173
6,691,0.3177
6,692,0.3192
6,693,0.3200
6,694,0.3208
6,695,0.3217
6,696,0.3227
6,697,0.3229
6,698,0.3234
6,699,0.3248
6,700,0.3253
6,701,0.3266
6,702,0.3280
6,703,0.3284
6,704,0.3285
6,705,0.3292
6,706,0.3305
6,707,0.3315
6,708,0.3326
6,709,0.3336
6,710,0.3344
6,711,0.3350
6,712,0.3363
6,713,0.3377
6,714,0.3381
6,715,0.3385
6,716,0.3391
6,717,0.3397
6,718,0.3404
6,719,0.3417
6,720,0.3427
6,721,0.3431
6,722,0.3444
6,723,0.3451
6,724,0.3454
6,725,0.3457
6,726,0.3461
6,727,0.3469
6,728,0.3479
6,729,0.3487
6,730,0.3493
6,731,0.3497
6,732,0.3503
6,733,0.3512
6,734,0.3513
6,735,0.3514
6,736,0.3522
6,737,0.3522
6,738,0.3528
6,739,0.3538
6,740,0.3539
6,741,0.3541
6,742,0.3544
6,743,0.3547
6,744,0.3551
6,745,0.3557
6,746,0.3561
6,747,0.3562
6,748,0.3559
6,749,0.3558
6,750,0.3559
6,751,0.3559
6,752,0.3560
6,753,0.3563
6,754,0.3565
6,755,0.3565
6,756,0.3570
6,757,0.3570
6,758,0.3561
6,759,0.3564
6,760,0.3562
6,761,0.3557
6,762,0.3554
6,763,0.3555
6,764,0.3560
6,765,0.3561
6,766,0.3547
6,767,0.3548
6,768,0.3547
6,769,0.3539
6,770,0.3544
6,771,0.3541
6,772,0.3535
6,773,0.3533
6,774,0.3529
6,775,0.3524
6,776,0.3521
6,777,0.3518
6,778,0.3514
6,779,0.3509
6,780,0.3504
6,781,0.3500
6,782,0.3497
6,783,0.3496
6,784,0.3495
6,785,0.3485
6,786,0.3478
6,787,0.3473
6,788,0.3467
6,789,0.3462
6,790,0.3455
6,791,0.3449
6,792,0.3446
6,793,0.3444
6,794,0.3442
6,795,0.3438
6,796,0.3428
6,797,0.3419
6,798,0.3414
6,799,0.3411
6,800,0.3404
6,801,0.3397
6,802,0.3395
6,803,0.3396
6,804,0.3382
6,805,0.3382
6,806,0.3385
6,807,0.3365
6,808,0.3361
6,809,0.3362
6,810,0.3359
6,811,0.3350
6,812,0.3344
6,813,0.3342
6,814,0.3342
6,815,0.3337
6,816,0.3331
6,817,0.3324
6,818,0.3314
6,819,0.3303
6,820,0.3299
6,821,0.3299
6,822,0.3296
6,823,0.3286
6,824,0.3284
6,825,0.3287
6,826,0.3281
6,827,0.3271
6,828,0.3263
6,829,0.3262
6,830,0.3265
6,831,0.3252
6,832,0.3245
6,833,0.3253
6,834,0.3246
6,835,0.3239
6,836,0.3232
6,837,0.3224
6,838,0.3220
6,839,0.3218
6,840,0.3218
6,841,0.3217
6,842,0.3209
6,843,0.3211
6,844,0.3218
6,845,0.3210
6,846,0.3205
6,847,0.3201
6,848,0.3195
6,849,0.3190
6,850,0.3189
6,851,0.3188
6,852,0.3185
6,853,0.3176
6,854,0.3182
6,855,0.3186
6,856,0.3175
6,857,0.3170
6,858,0.3168
6,859,0.3169
6,860,0.3171
6,861,0.3159
6,862,0.3157
6,863,0.3166
6,864,0.3174
6,865,0.3160
6,866,0.3148
6,867,0.3148
6,868,0.3162
6,869,0.3161
6,870,0.3161
6,871,0.3160
6,872,0.3143
6,873,0.3148
6,874,0.3149
6,875,0.3143
6,876,0.3149
6,877,0.3150
6,878,0.3146
6,879,0.3143
6,880,0.3149
6,881,0.3150
6,882,0.3149
6,883,0.3148
6,884,0.3139
6,885,0.3148
6,886,0.3158
6,887,0.3154
6,888,0.3148
6,889,0.3149
6,890,0.3154
6,891,0.3155
6,892,0.3151
6,893,0.3152
6,894,0.3158
6,895,0.3164
6,896,0.3164
6,897,0.3161
6,898,0.3158
6,899,0.3152
6,900,0.3159
6,901,0.3162
6,902,0.3160
6,903,0.3164
6,904,0.3168
6,905,0.3172
6,906,0.3180
6,907,0.3192
6,908,0.3174
6,909,0.3172
6,910,0.3190
6,911,0.3198
6,912,0.3176
6,913,0.3173
6,914,0.3194
6,915,0.3201
6,916,0.3206
6,917,0.3208
6,918,0.3205
6,919,0.3202
6,920,0.3214
6,921,0.3215
6,922,0.3203
6,923,0.3206
6,924,0.3213
6,925,0.3218
6,926,0.3218
6,927,0.3213
6,928,0.3234
6,929,0.3242
6,930,0.3234
6,931,0.3256
6,932,0.3261
6,933,0.3258
6,934,0.3258
6,935,0.3256
6,936,0.3264
6,937,0.3266
6,938,0.3261
6,939,0.3272
6,940,0.3277
6,941,0.3282
6,942,0.3292
6,943,0.3299
6,944,0.3293
6,945,0.3298
6,946,0.3320
6,947,0.3335
6,948,0.3322
6,949,0.3314
6,950,0.3327
6,951,0.3341
6,952,0.3334
6,953,0.3325
6,954,0.3333
6,955,0.3360
6,956,0.3327
6,957,0.3323
6,958,0.3365
6,959,0.3380
6,960,0.3379
6,961,0.3377
6,962,0.3384
6,963,0.3403
6,964,0.3406
6,965,0.3391
6,966,0.3381
6,967,0.3405
6,968,0.3417
6,969,0.3417
6,970,0.3421
6,971,0.3444
6,972,0.3444
6,973,0.3445
6,974,0.3454
6,975,0.3459
6,976,0.3435
6,977,0.3435
6,978,0.3468
6,979,0.3503
6,980,0.3467
6,981,0.3450
6,982,0.3452
6,983,0.3452
6,984,0.3508
6,985,0.3495
6,986,0.3466
6,987,0.3489
6,988,0.3509
6,989,0.3489
6,990,0.3490
6,991,0.3529
6,992,0.3495
6,993,0.3479
6,994,0.3507
6,995,0.3556
6,996,0.3565
6,997,0.3561
6,998,0.3549
6,999,0.3541
6,1000,0.3549
6,1001,0.3532
6,1002,0.3554
6,1003,0.3561
6,1004,0.3578
6,1005,0.3602
6,1006,0.3579
6,1007,0.3559
6,1008,0.3564
6,1009,0.3551
6,1010,0.3548
6,1011,0.3557
6,1012,0.3586
6,1013,0.3602
6,1014,0.3617
6,1015,0.3631
6,1016,0.3633
6,1017,0.3637
6,1018,0.3640
6,1019,0.3659
6,1020,0.3680
6,1021,0.3669
6,1022,0.3666
6,1023,0.3677
6,1024,0.3699
6,1025,0.3706
6,1026,0.3725
6,1027,0.3735
6,1028,0.3712
6,1029,0.3689
6,1030,0.3697
6,1031,0.3696
6,1032,0.3706
6,1033,0.3720
6,1034,0.3692
6,1035,0.3668
6,1036,0.3659
6,1037,0.3659
6,1038,0.3664
6,1039,0.3687
6,1040,0.3714
6,1041,0.3736
6,1042,0.3727
6,1043,0.3718
6,1044,0.3716
6,1045,0.3700
6,1046,0.3730
6,1047,0.3763
6,1048,0.3778
6,1049,0.3802
6,1050,0.3782
6,1051,0.3766
6,1052,0.3766
6,1053,0.3776
6,1054,0.3777
6,1055,0.3790
6,1056,0.3796
6,1057,0.3779
6,1058,0.3771
6,1059,0.3775
6,1060,0.3767
6,1061,0.3764
6,1062,0.3769
6,1063,0.3771
6,1064,0.3791
6,1065,0.3818
6,1066,0.3831
6,1067,0.3839
6,1068,0.3837
6,1069,0.3832
6,1070,0.3840
6,1071,0.3858
6,1072,0.3869
6,1073,0.3868
6,1074,0.3850
6,1075,0.3825
6,1076,0.3821
6,1077,0.3835
6,1078,0.3855
6,1079,0.3876
6,1080,0.3885
6,1081,0.3876
6,1082,0.3869
6,1083,0.3840
6,1084,0.3840
6,1085,0.3851
6,1086,0.3869
6,1087,0.3899
6,1088,0.3917
6,1089,0.3920
6,1090,0.3920
6,1091,0.3917
6,1092,0.3924
6,1093,0.3927
6,1094,0.3929
6,1095,0.3947
6,1096,0.3950
6,1097,0.3948
6,1098,0.3940
6,1099,0.3947
6,1100,0.3953
6,1101,0.3954
6,1102,0.3964
6,1103,0.3967
6,1104,0.3970
6,1105,0.3974
6,1106,0.3980
6,1107,0.3984
6,1108,0.3973
6,1109,0.3971
6,1110,0.3984
6,1111,0.3992
6,1112,0.3999
6,1113,0.4008
6,1114,0.4009
6,1115,0.4004
6,1116,0.4006
6,1117,0.4006
6,1118,0.4005
6,1119,0.4020
6,1120,0.4024
6,1121,0.4025
6,1122,0.4029
6,1123,0.4028
6,1124,0.4026
6,1125,0.4026
6,1126,0.4033
6,1127,0.4045
6,1128,0.4067
6,1129,0.4077
6,1130,0.4092
6,1131,0.4098
6,1132,0.4085
6,1133,0.4082
6,1134,0.4077
6,1135,0.4079
6,1136,0.4085
6,1137,0.4087
6,1138,0.4104
6,1139,0.4115
6,1140,0.4116
6,1141,0.4129
6,1142,0.4131
6,1143,0.4118
6,1144,0.4118
6,1145,0.4122
6,1146,0.4123
6,1147,0.4131
6,1148,0.4134
6,1149,0.4133
6,1150,0.4134
6,1151,0.4134
6,1152,0.4139
6,1153,0.4138
6,1154,0.4143
6,1155,0.4165
6,1156,0.4177
6,1157,0.4180
6,1158,0.4198
6,1159,0.4202
6,1160,0.4188
6,1161,0.4188
6,1162,0.4192
6,1163,0.4194
6,1164,0.4198
6,1165,0.4202
6,1166,0.4206
6,1167,0.4208
6,1168,0.4207
6,1169,0.4211
6,1170,0.4214
6,1171,0.4224
6,1172,0.4235
6,1173,0.4244
6,1174,0.4254
6,1175,0.4257
6,1176,0.4260
6,1177,0.4262
6,1178,0.4261
6,1179,0.4256
6,1180,0.4253
6,1181,0.4245
6,1182,0.4244
6,1183,0.4246
6,1184,0.4250
6,1185,0.4257
6,1186,0.4271
6,1187,0.4278
6,1188,0.4288
6,1189,0.4296
6,1190,0.4300
6,1191,0.4301
6,1192,0.4300
6,1193,0.4300
6,1194,0.4296
6,1195,0.4295
6,1196,0.4296
6,1197,0.4298
6,1198,0.4302
6,1199,0.4303
6,1200,0.4299
6,1201,0.4303
6,1202,0.4319
6,1203,0.4324
6,1204,0.4327
6,1205,0.4330
6,1206,0.4321
6,1207,0.4309
6,1208,0.4317
6,1209,0.4331
6,1210,0.4336
6,1211,0.4343
6,1212,0.4346
6,1213,0.4338
6,1214,0.4340
6,1215,0.4347
6,1216,0.4351
6,1217,0.4358
6,1218,0.4360
6,1219,0.4358
6,1220,0.4359
6,1221,0.4357
6,1222,0.4359
6,1223,0.4368
6,1224,0.4375
6,1225,0.4376
6,1226,0.4375
6,1227,0.4367
6,1228,0.4356
6,1229,0.4355
6,1230,0.4363
6,1231,0.4363
6,1232,0.4364
6,1233,0.4368
6,1234,0.4369
6,1235,0.4372
6,1236,0.4384
6,1237,0.4388
6,1238,0.4390
6,1239,0.4391
6,1240,0.4384
6,1241,0.4384
6,1242,0.4387
6,1243,0.4383
6,1244,0.4386
6,1245,0.4392
6,1246,0.4395
6,1247,0.4394
6,1248,0.4395
6,1249,0.4398
6,1250,0.4399
6,1251,0.4399
6,1252,0.4400
6,1253,0.4400
6,1254,0.4399
6,1255,0.4394
6,1256,0.4393
6,1257,0.4394
6,1258,0.4391
6,1259,0.4386
6,1260,0.4385
6,1261,0.4380
6,1262,0.4379
6,1263,0.4382
6,1264,0.4391
6,1265,0.4396
6,1266,0.4394
6,1267,0.4391
6,1268,0.4380
6,1269,0.4381
6,1270,0.4386
6,1271,0.4385
6,1272,0.4388
6,1273,0.4385
6,1274,0.4369
6,1275,0.4368
6,1276,0.4378
6,1277,0.4381
6,1278,0.4390
6,1279,0.4392
6,1280,0.4383
6,1281,0.4381
6,1282,0.4379
6,1283,0.4379
6,1284,0.4387
6,1285,0.4388
6,1286,0.4385
6,1287,0.4386
6,1288,0.4381
6,1289,0.4366
6,1290,0.4367
6,1291,0.4372
6,1292,0.4378
6,1293,0.4397
6,1294,0.4403
6,1295,0.4403
6,1296,0.4404
6,1297,0.4402
6,1298,0.4399
6,1299,0.4391
6,1300,0.4389
6,1301,0.4391
6,1302,0.4387
6,1303,0.4378
6,1304,0.4376
6,1305,0.4374
6,1306,0.4369
6,1307,0.4364
6,1308,0.4363
6,1309,0.4370
6,1310,0.4377
6,1311,0.4381
6,1312,0.4396
6,1313,0.4397
6,1314,0.4383
6,1315,0.4378
6,1316,0.4372
6,1317,0.4371
6,1318,0.4373
6,1319,0.4375
6,1320,0.4385
6,1321,0.4388
6,1322,0.4384
6,1323,0.4384
6,1324,0.4384
6,1325,0.4387
6,1326,0.4394
6,1327,0.4397
6,1328,0.4402
6,1329,0.4401
6,1330,0.4391
6,1331,0.4386
6,1332,0.4382
6,1333,0.4371
6,1334,0.4375
6,1335,0.4392
6,1336,0.4393
6,1337,0.4398
6,1338,0.4394
6,1339,0.4376
6,1340,0.4369
6,1341,0.4364
6,1342,0.4364
6,1343,0.4369
6,1344,0.4375
6,1345,0.4390
6,1346,0.4395
6,1347,0.4394
6,1348,0.4396
6,1349,0.4393
6,1350,0.4392
6,1351,0.4392
6,1352,0.4393
6,1353,0.4393
6,1354,0.4393
6,1355,0.4399
6,1356,0.4399
6,1357,0.4398
6,1358,0.4394
6,1359,0.4390
6,1360,0.4382
6,1361,0.4379
6,1362,0.4379
6,1363,0.4376
6,1364,0.4373
6,1365,0.4369
6,1366,0.4362
6,1367,0.4360
6,1368,0.4363
6,1369,0.4360
6,1370,0.4357
6,1371,0.4350
6,1372,0.4335
6,1373,0.4328
6,1374,0.4327
6,1375,0.4321
6,1376,0.4317
6,1377,0.4312
6,1378,0.4302
6,1379,0.4296
6,1380,0.4297
6,1381,0.4290
6,1382,0.4277
6,1383,0.4267
6,1384,0.4258
6,1385,0.4246
6,1386,0.4233
6,1387,0.4225
6,1388,0.4209
6,1389,0.4188
6,1390,0.4165
6,1391,0.4144
6,1392,0.4114
6,1393,0.4072
6,1394,0.4044
6,1395,0.4016
6,1396,0.3993
6,1397,0.3975
6,1398,0.3965
6,1399,0.3957
6,1400,0.3956
6,1401,0.3971
6,1402,0.3975
6,1403,0.3978
6,1404,0.3977
6,1405,0.3974
6,1406,0.3965
6,1407,0.3953
6,1408,0.3935
6,1409,0.3907
6,1410,0.3880
6,1411,0.3844
6,1412,0.3816
6,1413,0.3793
6,1414,0.3770
6,1415,0.3750
6,1416,0.3734
6,1417,0.3722
6,1418,0.3709
6,1419,0.3710
6,1420,0.3723
6,1421,0.3736
6,1422,0.3761
6,1423,0.3777
6,1424,0.3795
6,1425,0.3803
6,1426,0.3809
6,1427,0.3804
6,1428,0.3788
6,1429,0.3772
6,1430,0.3747
6,1431,0.3727
6,1432,0.3709
6,1433,0.3688
6,1434,0.3663
6,1435,0.3647
6,1436,0.3631
6,1437,0.3621
6,1438,0.3625
6,1439,0.3623
6,1440,0.3625
6,1441,0.3620
6,1442,0.3613
6,1443,0.3601
6,1444,0.3581
6,1445,0.3566
6,1446,0.3546
6,1447,0.3535
6,1448,0.3529
6,1449,0.3529
6,1450,0.3530
6,1451,0.3537
6,1452,0.3545
6,1453,0.3557
6,1454,0.3567
6,1455,0.3581
6,1456,0.3588
6,1457,0.3591
6,1458,0.3594
6,1459,0.3588
6,1460,0.3597
6,1461,0.3609
6,1462,0.3629
6,1463,0.3661
6,1464,0.3693
6,1465,0.3733
6,1466,0.3769
6,1467,0.3812
6,1468,0.3847
6,1469,0.3878
6,1470,0.3905
6,1471,0.3925
6,1472,0.3944
6,1473,0.3955
6,1474,0.3969
6,1475,0.3985
6,1476,0.3997
6,1477,0.4004
6,1478,0.4014
6,1479,0.4020
6,1480,0.4026
6,1481,0.4032
6,1482,0.4039
6,1483,0.4046
6,1484,0.4052
6,1485,0.4067
6,1486,0.4072
6,1487,0.4065
6,1488,0.4063
6,1489,0.4061
6,1490,0.4052
6,1491,0.4053
6,1492,0.4062
6,1493,0.4062
6,1494,0.4060
6,1495,0.4058
6,1496,0.4053
6,1497,0.4047
6,1498,0.4041
6,1499,0.4035
6,1500,0.4024
6,1501,0.4018
6,1502,0.4016
6,1503,0.4008
6,1504,0.3996
6,1505,0.3986
6,1506,0.3972
6,1507,0.3964
6,1508,0.3964
6,1509,0.3954
6,1510,0.3941
6,1511,0.3929
6,1512,0.3910
6,1513,0.3898
6,1514,0.3890
6,1515,0.3882
6,1516,0.3874
6,1517,0.3870
6,1518,0.3866
6,1519,0.3866
6,1520,0.3871
6,1521,0.3876
6,1522,0.3887
6,1523,0.3894
6,1524,0.3899
6,1525,0.3903
6,1526,0.3905
6,1527,0.3907
6,1528,0.3909
6,1529,0.3910
6,1530,0.3910
6,1531,0.3908
6,1532,0.3904
6,1533,0.3900
6,1534,0.3897
6,1535,0.3892
6,1536,0.3887
6,1537,0.3881
6,1538,0.3870
6,1539,0.3862
6,1540,0.3855
6,1541,0.3849
6,1542,0.3847
6,1543,0.3845
6,1544,0.3835
6,1545,0.3829
6,1546,0.3822
6,1547,0.3813
6,1548,0.3808
6,1549,0.3804
6,1550,0.3808
6,1551,0.3814
6,1552,0.3822
6,1553,0.3838
6,1554,0.3847
6,1555,0.3851
6,1556,0.3861
6,1557,0.3872
6,1558,0.3884
6,1559,0.3900
6,1560,0.3912
6,1561,0.3922
6,1562,0.3932
6,1563,0.3945
6,1564,0.3952
6,1565,0.3956
6,1566,0.3964
6,1567,0.3969
6,1568,0.3977
6,1569,0.3990
6,1570,0.3996
6,1571,0.3996
6,1572,0.4000
6,1573,0.4004
6,1574,0.4008
6,1575,0.4016
6,1576,0.4021
6,1577,0.4023
6,1578,0.4024
6,1579,0.4023
6,1580,0.4023
6,1581,0.4019
6,1582,0.4019
6,1583,0.4018
6,1584,0.4022
6,1585,0.4030
6,1586,0.4036
6,1587,0.4046
6,1588,0.4049
6,1589,0.4044
6,1590,0.4044
6,1591,0.4042
6,1592,0.4043
6,1593,0.4053
6,1594,0.4054
6,1595,0.4050
6,1596,0.4052
6,1597,0.4053
6,1598,0.4055
6,1599,0.4066
6,1600,0.4070
6,1601,0.4071
6,1602,0.4073
6,1603,0.4072
6,1604,0.4076
6,1605,0.4083
6,1606,0.4086
6,1607,0.4089
6,1608,0.4090
6,1609,0.4086
6,1610,0.4087
6,1611,0.4087
6,1612,0.4091
6,1613,0.4098
6,1614,0.4104
6,1615,0.4116
6,1616,0.4119
6,1617,0.4118
6,1618,0.4117
6,1619,0.4111
6,1620,0.4107
6,1621,0.4100
6,1622,0.4101
6,1623,0.4111
6,1624,0.4114
6,1625,0.4120
6,1626,0.4122
6,1627,0.4115
6,1628,0.4112
6,1629,0.4112
6,1630,0.4110
6,1631,0.4107
6,1632,0.4107
6,1633,0.4109
6,1634,0.4109
6,1635,0.4110
6,1636,0.4110
6,1637,0.4110
6,1638,0.4110
6,1639,0.4113
6,1640,0.4112
6,1641,0.4104
6,1642,0.4102
6,1643,0.4102
6,1644,0.4105
6,1645,0.4119
6,1646,0.4121
6,1647,0.4115
6,1648,0.4112
6,1649,0.4098
6,1650,0.4097
6,1651,0.4114
6,1652,0.4117
6,1653,0.4121
6,1654,0.4122
6,1655,0.4110
6,1656,0.4105
6,1657,0.4106
6,1658,0.4103
6,1659,0.4099
6,1660,0.4098
6,1661,0.4095
6,1662,0.4095
6,1663,0.4100
6,1664,0.4103
6,1665,0.4111
6,1666,0.4111
6,1667,0.4100
6,1668,0.4098
6,1669,0.4093
6,1670,0.4093
6,1671,0.4102
6,1672,0.4107
6,1673,0.4107
6,1674,0.4110
6,1675,0.4118
6,1676,0.4120
6,1677,0.4117
6,1678,0.4118
6,1679,0.4120
6,1680,0.4118
6,1681,0.4120
6,1682,0.4119
6,1683,0.4112
6,1684,0.4110
6,1685,0.4109
6,1686,0.4109
6,1687,0.4109
6,1688,0.4112
6,1689,0.4122
6,1690,0.4123
6,1691,0.4121
6,1692,0.4120
6,1693,0.4113
6,1694,0.4112
6,1695,0.4118
6,1696,0.4117
6,1697,0.4113
6,1698,0.4113
6,1699,0.4111
6,1700,0.4113
6,1701,0.4120
6,1702,0.4124
6,1703,0.4130
6,1704,0.4130
6,1705,0.4125
6,1706,0.4125
6,1707,0.4122
6,1708,0.4123
6,1709,0.4131
6,1710,0.4133
6,1711,0.4135
6,1712,0.4132
6,1713,0.4120
6,1714,0.4119
6,1715,0.4120
6,1716,0.4121
6,1717,0.4131
6,1718,0.4127
6,1719,0.4123
6,1720,0.4123
6,1721,0.4120
6,1722,0.4119
6,1723,0.4117
6,1724,0.4108
6,1725,0.4109
6,1726,0.4110
6,1727,0.4107
6,1728,0.4111
6,1729,0.4120
6,1730,0.4127
6,1731,0.4130
6,1732,0.4129
6,1733,0.4120
6,1734,0.4116
6,1735,0.4118
6,1736,0.4115
6,1737,0.4110
6,1738,0.4100
6,1739,0.4092
6,1740,0.4103
6,1741,0.4111
6,1742,0.4110
6,1743,0.4118
6,1744,0.4114
6,1745,0.4103
6,1746,0.4106
6,1747,0.4104
6,1748,0.4096
6,1749,0.4098
6,1750,0.4097
6,1751,0.4096
6,1752,0.4099
6,1753,0.4099
6,1754,0.4095
6,1755,0.4096
6,1756,0.4097
6,1757,0.4099
6,1758,0.4108
6,1759,0.4108
6,1760,0.4104
6,1761,0.4100
6,1762,0.4088
6,1763,0.4081
6,1764,0.4068
6,1765,0.4065
6,1766,0.4071
6,1767,0.4069
6,1768,0.4068
6,1769,0.4072
6,1770,0.4067
6,1771,0.4071
6,1772,0.4068
6,1773,0.4049
6,1774,0.4044
6,1775,0.4040
6,1776,0.4044
6,1777,0.4047
6,1778,0.4044
6,1779,0.4048
6,1780,0.4047
6,1781,0.4053
6,1782,0.4057
6,1783,0.4044
6,1784,0.4040
6,1785,0.4042
6,1786,0.4041
6,1787,0.4048
6,1788,0.4052
6,1789,0.4045
6,1790,0.4043
6,1791,0.4043
6,1792,0.4029
6,1793,0.4023
6,1794,0.4024
6,1795,0.4019
6,1796,0.4026
6,1797,0.4030
6,1798,0.4028
6,1799,0.4028
6,1800,0.4024
6,1801,0.4013
6,1802,0.4013
6,1803,0.4019
6,1804,0.4023
6,1805,0.4034
6,1806,0.4033
6,1807,0.4025
6,1808,0.4023
6,1809,0.4020
6,1810,0.4007
6,1811,0.3992
6,1812,0.3982
6,1813,0.3976
6,1814,0.3974
6,1815,0.3983
6,1816,0.3985
6,1817,0.3982
6,1818,0.3978
6,1819,0.3972
6,1820,0.3970
6,1821,0.3970
6,1822,0.3969
6,1823,0.3961
6,1824,0.3963
6,1825,0.3964
6,1826,0.3959
6,1827,0.3969
6,1828,0.3967
6,1829,0.3958
6,1830,0.3956
6,1831,0.3967
6,1832,0.3951
6,1833,0.3954
6,1834,0.3963
6,1835,0.3994
6,1836,0.4012
6,1837,0.4010
6,1838,0.3996
6,1839,0.3972
6,1840,0.3980
6,1841,0.3993
6,1842,0.3991
6,1843,0.3992
6,1844,0.3993
6,1845,0.3978
6,1846,0.3975
6,1847,0.3980
6,1848,0.3968
6,1849,0.3960
6,1850,0.3962
6,1851,0.3972
6,1852,0.3967
6,1853,0.3957
6,1854,0.3954
6,1855,0.3944
6,1856,0.3930
6,1857,0.3941
6,1858,0.3950
6,1859,0.3939
6,1860,0.3951
6,1861,0.3948
6,1862,0.3947
6,1863,0.3954
6,1864,0.3975
6,1865,0.3971
6,1866,0.3959
6,1867,0.3956
6,1868,0.3940
6,1869,0.3927
6,1870,0.3915
6,1871,0.3896
6,1872,0.3885
6,1873,0.3870
6,1874,0.3861
6,1875,0.3850
6,1876,0.3866
6,1877,0.3887
6,1878,0.3890
6,1879,0.3893
6,1880,0.3898
6,1881,0.3900
6,1882,0.3896
6,1883,0.3893
6,1884,0.3901
6,1885,0.3896
6,1886,0.3875
6,1887,0.3869
6,1888,0.3852
6,1889,0.3842
6,1890,0.3852
6,1891,0.3857
6,1892,0.3858
6,1893,0.3870
6,1894,0.3870
6,1895,0.3846
6,1896,0.3843
6,1897,0.3853
6,1898,0.3858
6,1899,0.3853
6,1900,0.3854
6,1901,0.3839
6,1902,0.3822
6,1903,0.3812
6,1904,0.3809
6,1905,0.3803
6,1906,0.3796
6,1907,0.3798
6,1908,0.3817
6,1909,0.3814
6,1910,0.3809
6,1911,0.3792
6,1912,0.3785
6,1913,0.3768
6,1914,0.3764
6,1915,0.3780
6,1916,0.3782
6,1917,0.3773
6,1918,0.3767
6,1919,0.3762
6,1920,0.3752
6,1921,0.3741
6,1922,0.3748
6,1923,0.3749
6,1924,0.3759
6,1925,0.3757
6,1926,0.3745
6,1927,0.3743
6,1928,0.3745
6,1929,0.3738
6,1930,0.3730
6,1931,0.3723
6,1932,0.3714
6,1933,0.3707
6,1934,0.3707
6,1935,0.3723
6,1936,0.3726
6,1937,0.3724
6,1938,0.3720
6,1939,0.3707
6,1940,0.3704
6,1941,0.3705
6,1942,0.3704
6,1943,0.3717
6,1944,0.3714
6,1945,0.3711
6,1946,0.3705
6,1947,0.3696
6,1948,0.3673
6,1949,0.3673
6,1950,0.3685
6,1951,0.3688
6,1952,0.3702
6,1953,0.3712
6,1954,0.3722
6,1955,0.3711
6,1956,0.3713
6,1957,0.3720
6,1958,0.3725
6,1959,0.3739
6,1960,0.3733
6,1961,0.3719
6,1962,0.3705
6,1963,0.3659
6,1964,0.3649
6,1965,0.3665
6,1966,0.3677
6,1967,0.3684
6,1968,0.3705
6,1969,0.3708
6,1970,0.3688
6,1971,0.3690
6,1972,0.3703
6,1973,0.3707
6,1974,0.3717
6,1975,0.3717
6,1976,0.3707
6,1977,0.3701
6,1978,0.3691
6,1979,0.3679
6,1980,0.3679
6,1981,0.3684
6,1982,0.3690
6,1983,0.3709
6,1984,0.3717
6,1985,0.3719
6,1986,0.3725
6,1987,0.3742
6,1988,0.3740
6,1989,0.3716
6,1990,0.3708
6,1991,0.3700
6,1992,0.3679
6,1993,0.3676
6,1994,0.3696
6,1995,0.3699
6,1996,0.3701
6,1997,0.3696
6,1998,0.3685
6,1999,0.3676
6,2000,0.3651
6,2001,0.3648
6,2002,0.3659
6,2003,0.3680
6,2004,0.3692
6,2005,0.3715
6,2006,0.3726
6,2007,0.3727
6,2008,0.3728
6,2009,0.3728
6,2010,0.3726
6,2011,0.3710
6,2012,0.3709
6,2013,0.3724
6,2014,0.3728
6,2015,0.3733
6,2016,0.3737
6,2017,0.3736
6,2018,0.3730
6,2019,0.3719
6,2020,0.3699
6,2021,0.3691
6,2022,0.3677
6,2023,0.3671
6,2024,0.3684
6,2025,0.3686
6,2026,0.3681
6,2027,0.3681
6,2028,0.3687
6,2029,0.3684
6,2030,0.3679
6,2031,0.3668
6,2032,0.3666
6,2033,0.3660
6,2034,0.3659
6,2035,0.3671
6,2036,0.3671
6,2037,0.3654
6,2038,0.3657
6,2039,0.3672
6,2040,0.3682
6,2041,0.3710
6,2042,0.3723
6,2043,0.3729
6,2044,0.3722
6,2045,0.3720
6,2046,0.3717
6,2047,0.3707
6,2048,0.3693
6,2049,0.3679
6,2050,0.3658
6,2051,0.3639
6,2052,0.3618
6,2053,0.3606
6,2054,0.3592
6,2055,0.3590
6,2056,0.3596
6,2057,0.3620
6,2058,0.3627
6,2059,0.3638
6,2060,0.3641
6,2061,0.3625
6,2062,0.3632
6,2063,0.3659
6,2064,0.3665
6,2065,0.3669
6,2066,0.3677
6,2067,0.3685
6,2068,0.3679
6,2069,0.3673
6,2070,0.3666
6,2071,0.3652
6,2072,0.3608
6,2073,0.3610
6,2074,0.3644
6,2075,0.3645
6,2076,0.3650
6,2077,0.3650
6,2078,0.3626
6,2079,0.3620
6,2080,0.3633
6,2081,0.3633
6,2082,0.3619
6,2083,0.3617
6,2084,0.3630
6,2085,0.3622
6,2086,0.3622
6,2087,0.3630
6,2088,0.3634
6,2089,0.3630
6,2090,0.3637
6,2091,0.3660
6,2092,0.3660
6,2093,0.3649
6,2094,0.3647
6,2095,0.3639
6,2096,0.3629
6,2097,0.3628
6,2098,0.3623
6,2099,0.3605
6,2100,0.3593
6,2101,0.3580
6,2102,0.3582
6,2103,0.3577
6,2104,0.3568
6,2105,0.3565
6,2106,0.3564
6,2107,0.3567
6,2108,0.3576
6,2109,0.3584
6,2110,0.3606
6,2111,0.3606
6,2112,0.3586
6,2113,0.3585
6,2114,0.3578
6,2115,0.3578
6,2116,0.3599
6,2117,0.3628
6,2118,0.3619
6,2119,0.3588
6,2120,0.3574
6,2121,0.3542
6,2122,0.3523
6,2123,0.3513
6,2124,0.3514
6,2125,0.3526
6,2126,0.3525
6,2127,0.3546
6,2128,0.3544
6,2129,0.3502
6,2130,0.3489
6,2131,0.3494
6,2132,0.3482
6,2133,0.3467
6,2134,0.3459
6,2135,0.3458
6,2136,0.3447
6,2137,0.3455
6,2138,0.3495
6,2139,0.3505
6,2140,0.3505
6,2141,0.3506
6,2142,0.3505
6,2143,0.3495
6,2144,0.3484
6,2145,0.3467
6,2146,0.3415
6,2147,0.3400
6,2148,0.3407
6,2149,0.3403
6,2150,0.3408
6,2151,0.3426
6,2152,0.3408
6,2153,0.3365
6,2154,0.3332
6,2155,0.3280
6,2156,0.3253
6,2157,0.3227
6,2158,0.3221
6,2159,0.3251
6,2160,0.3246
6,2161,0.3232
6,2162,0.3222
6,2163,0.3193
6,2164,0.3175
6,2165,0.3179
6,2166,0.3162
6,2167,0.3113
6,2168,0.3091
6,2169,0.3073
6,2170,0.3074
6,2171,0.3050
6,2172,0.3037
6,2173,0.3009
6,2174,0.2948
6,2175,0.2919
6,2176,0.2906
6,2177,0.2890
6,2178,0.2884
6,2179,0.2868
6,2180,0.2845
6,2181,0.2831
6,2182,0.2808
6,2183,0.2803
6,2184,0.2821
6,2185,0.2827
6,2186,0.2839
6,2187,0.2845
6,2188,0.2842
6,2189,0.2841
6,2190,0.2839
6,2191,0.2835
6,2192,0.2834
6,2193,0.2833
6,2194,0.2831
6,2195,0.2842
6,2196,0.2824
6,2197,0.2785
6,2198,0.2760
6,2199,0.2718
6,2200,0.2695
6,2201,0.2694
6,2202,0.2682
6,2203,0.2682
6,2204,0.2657
6,2205,0.2607
6,2206,0.2574
6,2207,0.2510
6,2208,0.2490
6,2209,0.2535
6,2210,0.2536
6,2211,0.2530
6,2212,0.2526
6,2213,0.2527
6,2214,0.2500
6,2215,0.2499
6,2216,0.2532
6,2217,0.2537
6,2218,0.2530
6,2219,0.2520
6,2220,0.2495
6,2221,0.2499
6,2222,0.2519
6,2223,0.2518
6,2224,0.2532
6,2225,0.2528
6,2226,0.2484
6,2227,0.2469
6,2228,0.2476
6,2229,0.2467
6,2230,0.2458
6,2231,0.2446
6,2232,0.2425
6,2233,0.2405
6,2234,0.2387
6,2235,0.2366
6,2236,0.2342
6,2237,0.2301
6,2238,0.2302
6,2239,0.2329
6,2240,0.2322
6,2241,0.2333
6,2242,0.2309
6,2243,0.2237
6,2244,0.2196
6,2245,0.2157
6,2246,0.2128
6,2247,0.2115
6,2248,0.2082
6,2249,0.2033
6,2250,0.2010
6,2251,0.1995
6,2252,0.1971
6,2253,0.1952
6,2254,0.1948
6,2255,0.1952
6,2256,0.1938
6,2257,0.1937
6,2258,0.1928
6,2259,0.1886
6,2260,0.1856
6,2261,0.1832
6,2262,0.1825
6,2263,0.1799
6,2264,0.1761
6,2265,0.1744
6,2266,0.1734
6,2267,0.1721
6,2268,0.1718
6,2269,0.1710
6,2270,0.1688
6,2271,0.1695
6,2272,0.1716
6,2273,0.1741
6,2274,0.1796
6,2275,0.1819
6,2276,0.1835
6,2277,0.1847
6,2278,0.1837
6,2279,0.1842
6,2280,0.1853
6,2281,0.1868
6,2282,0.1877
6,2283,0.1910
6,2284,0.1986
6,2285,0.2018
6,2286,0.2046
6,2287,0.2065
6,2288,0.2024
6,2289,0.2029
6,2290,0.2087
6,2291,0.2106
6,2292,0.2120
6,2293,0.2133
6,2294,0.2136
6,2295,0.2113
6,2296,0.2097
6,2297,0.2083
6,2298,0.2076
6,2299,0.2055
6,2300,0.2053
6,2301,0.2084
6,2302,0.2075
6,2303,0.2042
6,2304,0.2033
6,2305,0.2009
6,2306,0.2018
6,2307,0.2068
6,2308,0.2089
6,2309,0.2122
6,2310,0.2128
6,2311,0.2109
6,2312,0.2091
6,2313,0.2048
6,2314,0.2029
6,2315,0.2008
6,2316,0.2004
6,2317,0.2025
6,2318,0.2039
6,2319,0.2080
6,2320,0.2084
6,2321,0.2044
6,2322,0.2042
6,2323,0.2033
6,2324,0.2039
6,2325,0.2108
6,2326,0.2131
6,2327,0.2118
6,2328,0.2117
6,2329,0.2086
6,2330,0.2084
6,2331,0.2120
6,2332,0.2136
6,2333,0.2149
6,2334,0.2174
6,2335,0.2166
6,2336,0.2133
6,2337,0.2106
6,2338,0.2050
6,2339,0.2053
6,2340,0.2086
6,2341,0.2092
6,2342,0.2127
6,2343,0.2131
6,2344,0.2108
6,2345,0.2071
6,2346,0.2015
6,2347,0.1989
6,2348,0.1948
6,2349,0.1925
6,2350,0.1929
6,2351,0.1946
6,2352,0.1976
6,2353,0.1985
6,2354,0.2038
6,2355,0.2025
6,2356,0.1927
6,2357,0.1893
6,2358,0.1860
6,2359,0.1840
6,2360,0.1834
6,2361,0.1860
6,2362,0.1908
6,2363,0.1959
6,2364,0.2100
6,2365,0.2125
6,2366,0.2040
6,2367,0.2038
6,2368,0.2018
6,2369,0.2005
6,2370,0.2056
6,2371,0.2081
6,2372,0.2064
6,2373,0.2066
6,2374,0.2115
6,2375,0.2123
6,2376,0.2088
6,2377,0.2071
6,2378,0.2040
6,2379,0.2017
6,2380,0.2014
6,2381,0.1992
6,2382,0.1947
6,2383,0.1924
6,2384,0.1880
6,2385,0.1884
6,2386,0.1970
6,2387,0.1999
6,2388,0.2029
6,2389,0.2047
6,2390,0.1975
6,2391,0.1977
6,2392,0.2083
6,2393,0.2105
6,2394,0.2113
6,2395,0.2118
6,2396,0.2060
6,2397,0.1994
6,2398,0.1899
6,2399,0.1865
6,2400,0.1874
7,400,0.0703
7,401,0.0735
7,402,0.0659
7,403,0.0638
7,404,0.0594
7,405,0.0619
7,406,0.0731
7,407,0.0689
7,408,0.0661
7,409,0.0695
7,410,0.0766
7,411,0.0752
7,412,0.0697
7,413,0.0673
7,414,0.0769
7,415,0.0753
7,416,0.0693
7,417,0.0692
7,418,0.0711
7,419,0.0752
7,420,0.0798
7,421,0.0821
7,422,0.0804
7,423,0.0789
7,424,0.0796
7,425,0.0790
7,426,0.0803
7,427,0.0805
7,428,0.0772
7,429,0.0816
7,430,0.0823
7,431,0.0796
7,432,0.0848
7,433,0.0865
7,434,0.0855
7,435,0.0842
7,436,0.0826
7,437,0.0849
7,438,0.0889
7,439,0.0899
7,440,0.0902
7,441,0.0906
7,442,0.0912
7,443,0.0906
7,444,0.0915
7,445,0.0915
7,446,0.0894
7,447,0.0914
7,448,0.0937
7,449,0.0948
7,450,0.0950
7,451,0.0942
7,452,0.0949
7,453,0.0971
7,454,0.0944
7,455,0.0930
7,456,0.0941
7,457,0.0964
7,458,0.0979
7,459,0.0967
7,460,0.0947
7,461,0.0978
7,462,0.0982
7,463,0.0962
7,464,0.0947
7,465,0.0974
7,466,0.0988
7,467,0.0986
7,468,0.0998
7,469,0.0981
7,470,0.0978
7,471,0.1004
7,472,0.0992
7,473,0.0994
7,474,0.1013
7,475,0.1031
7,476,0.1035
7,477,0.1027
7,478,0.1018
7,479,0.1022
7,480,0.1029
7,481,0.1031
7,482,0.1031
7,483,0.1049
7,484,0.1057
7,485,0.1047
7,486,0.1030
7,487,0.1057
7,488,0.1077
7,489,0.1068
7,490,0.1076
7,491,0.1083
7,492,0.1088
7,493,0.1094
7,494,0.1098
7,495,0.1104
7,496,0.1110
7,497,0.1107
7,498,0.1110
7,499,0.1123
7,500,0.1141
7,501,0.1131
7,502,0.1119
7,503,0.1121
7,504,0.1140
7,505,0.1144
7,506,0.1150
7,507,0.1167
7,508,0.1174
7,509,0.1172
7,510,0.1171
7,511,0.1181
7,512,0.1182
7,513,0.1191
7,514,0.1203
7,515,0.1201
7,516,0.1208
7,517,0.1213
7,518,0.1209
7,519,0.1218
7,520,0.1229
7,521,0.1237
7,522,0.1238
7,523,0.1242
7,524,0.1250
7,525,0.1258
7,526,0.1262
7,527,0.1266
7,528,0.1275
7,529,0.1287
7,530,0.1283
7,531,0.1287
7,532,0.1300
7,533,0.1305
7,534,0.1310
7,535,0.1312
7,536,0.1312
7,537,0.1330
7,538,0.1336
7,539,0.1336
7,540,0.1345
7,541,0.1353
7,542,0.1357
7,543,0.1361
7,544,0.1369
7,545,0.1373
7,546,0.1377
7,547,0.1385
7,548,0.1393
7,549,0.1397
7,550,0.1401
7,551,0.1413
7,552,0.1416
7,553,0.1418
7,554,0.1425
7,555,0.1430
7,556,0.1440
7,557,0.1448
7,558,0.1447
7,559,0.1453
7,560,0.1462
7,561,0.1469
7,562,0.1470
7,563,0.1474
7,564,0.1481
7,565,0.1487
7,566,0.1497
7,567,0.1504
7,568,0.1507
7,569,0.1510
7,570,0.1517
7,571,0.1525
7,572,0.1531
7,573,0.1534
7,574,0.1541
7,575,0.1549
7,576,0.1550
7,577,0.1555
7,578,0.1557
7,579,0.1558
7,580,0.1570
7,581,0.1577
7,582,0.1579
7,583,0.1579
7,584,0.1586
7,585,0.1592
7,586,0.1594
7,587,0.1598
7,588,0.1602
7,589,0.1607
7,590,0.1612
7,591,0.1614
7,592,0.1617
7,593,0.1622
7,594,0.1631
7,595,0.1633
7,596,0.1636
7,597,0.1643
7,598,0.1645
7,599,0.1650
7,600,0.1654
7,601,0.1656
7,602,0.1659
7,603,0.1662
7,604,0.1663
7,605,0.1665
7,606,0.1671
7,607,0.1676
7,608,0.1678
7,609,0.1682
7,610,0.1685
7,611,0.1687
7,612,0.1691
7,613,0.1700
7,614,0.1705
7,615,0.1705
7,616,0.1708
7,617,0.1710
7,618,0.1710
7,619,0.1710
7,620,0.1717
7,621,0.1719
7,622,0.1719
7,623,0.1725
7,624,0.1727
7,625,0.1729
7,626,0.1734
7,627,0.1742
7,628,0.1743
7,629,0.1743
7,630,0.1749
7,631,0.1750
7,632,0.1751
7,633,0.1755
7,634,0.1760
7,635,0.1768
7,636,0.1769
7,637,0.1763
7,638,0.1771
7,639,0.1776
7,640,0.1780
7,641,0.1791
7,642,0.1790
7,643,0.1790
7,644,0.1795
7,645,0.1800
7,646,0.1801
7,647,0.1803
7,648,0.1811
7,649,0.1815
7,650,0.1816
7,651,0.1819
7,652,0.1826
7,653,0.1829
7,654,0.1833
7,655,0.1838
7,656,0.1839
7,657,0.1842
7,658,0.1846
7,659,0.1849
7,660,0.1852
7,661,0.1855
7,662,0.1860
7,663,0.1865
7,664,0.1871
7,665,0.1876
7,666,0.1876
7,667,0.1875
7,668,0.1876
7,669,0.1882
7,670,0.1893
7,671,0.1895
7,672,0.1899
7,673,0.1905
7,674,0.1905
7,675,0.1908
7,676,0.1915
7,677,0.1920
7,678,0.1918
7,679,0.1921
7,680,0.1929
7,681,0.1938
7,682,0.1939
7,683,0.1940
7,684,0.1943
7,685,0.1947
7,686,0.1952
7,687,0.1958
7,688,0.1964
7,689,0.1964
7,690,0.1966
7,691,0.1971
7,692,0.1975
7,693,0.1977
7,694,0.1980
7,695,0.1984
7,696,0.1991
7,697,0.1997
7,698,0.2000
7,699,0.1999
7,700,0.2004
7,701,0.2011
7,702,0.2016
7,703,0.2017
7,704,0.2021
7,705,0.2024
7,706,0.2028
7,707,0.2035
7,708,0.2039
7,709,0.2041
7,710,0.2043
7,711,0.2047
7,712,0.2050
7,713,0.2054
7,714,0.2058
7,715,0.2059
7,716,0.2063
7,717,0.2070
7,718,0.2075
7,719,0.2077
7,720,0.2079
7,721,0.2083
7,722,0.2088
7,723,0.2092
7,724,0.2094
7,725,0.2095
7,726,0.2100
7,727,0.2105
7,728,0.2108
7,729,0.2112
7,730,0.2115
7,731,0.2119
7,732,0.2123
7,733,0.2123
7,734,0.2127
7,735,0.2132
7,736,0.2133
7,737,0.2138
7,738,0.2145
7,739,0.2151
7,740,0.2151
7,741,0.2153
7,742,0.2157
7,743,0.2162
7,744,0.2168
7,745,0.2170
7,746,0.2171
7,747,0.2173
7,748,0.2181
7,749,0.2183
7,750,0.2183
7,751,0.2188
7,752,0.2190
7,753,0.2192
7,754,0.2196
7,755,0.2200
7,756,0.2203
7,757,0.2205
7,758,0.2208
7,759,0.2212
7,760,0.2216
7,761,0.2219
7,762,0.2222
7,763,0.2223
7,764,0.2229
7,765,0.2235
7,766,0.2233
7,767,0.2239
7,768,0.2243
7,769,0.2241
7,770,0.2245
7,771,0.2248
7,772,0.2251
7,773,0.2256
7,774,0.2264
7,775,0.2264
7,776,0.2262
7,777,0.2266
7,778,0.2269
7,779,0.2269
7,780,0.2271
7,781,0.2278
7,782,0.2280
7,783,0.2282
7,784,0.2286
7,785,0.2287
7,786,0.2289
7,787,0.2291
7,788,0.2295
7,789,0.2298
7,790,0.2303
7,791,0.2306
7,792,0.2303
7,793,0.2305
7,794,0.2307
7,795,0.2310
7,796,0.2315
7,797,0.2320
7,798,0.2321
7,799,0.2320
7,800,0.2323
7,801,0.2327
7,802,0.2329
7,803,0.2329
7,804,0.2332
7,805,0.2336
7,806,0.2339
7,807,0.2340
7,808,0.2345
7,809,0.2349
7,810,0.2350
7,811,0.2349
7,812,0.2352
7,813,0.2355
7,814,0.2356
7,815,0.2364
7,816,0.2364
7,817,0.2362
7,818,0.2365
7,819,0.2369
7,820,0.2369
7,821,0.2371
7,822,0.2380
7,823,0.2379
7,824,0.2381
7,825,0.2385
7,826,0.2380
7,827,0.2380
7,828,0.2384
7,829,0.2389
7,830,0.2390
7,831,0.2391
7,832,0.2393
7,833,0.2395
7,834,0.2396
7,835,0.2399
7,836,0.2402
7,837,0.2402
7,838,0.2402
7,839,0.2407
7,840,0.2411
7,841,0.2411
7,842,0.2414
7,843,0.2419
7,844,0.2424
7,845,0.2423
7,846,0.2428
7,847,0.2428
7,848,0.2423
7,849,0.2429
7,850,0.2432
7,851,0.2432
7,852,0.2433
7,853,0.2434
7,854,0.2434
7,855,0.2438
7,856,0.2445
7,857,0.2448
7,858,0.2441
7,859,0.2439
7,860,0.2449
7,861,0.2451
7,862,0.2453
7,863,0.2455
7,864,0.2456
7,865,0.2459
7,866,0.2460
7,867,0.2460
7,868,0.2464
7,869,0.2470
7,870,0.2474
7,871,0.2473
7,872,0.2469
7,873,0.2474
7,874,0.2475
7,875,0.2474
7,876,0.2483
7,877,0.2488
7,878,0.2488
7,879,0.2486
7,880,0.2489
7,881,0.2491
7,882,0.2494
7,883,0.2497
7,884,0.2499
7,885,0.2495
7,886,0.2497
7,887,0.2509
7,888,0.2506
7,889,0.2501
7,890,0.2502
7,891,0.2511
7,892,0.2506
7,893,0.2511
7,894,0.2518
7,895,0.2516
7,896,0.2516
7,897,0.2520
7,898,0.2525
7,899,0.2526
7,900,0.2533
7,901,0.2536
7,902,0.2534
7,903,0.2532
7,904,0.2537
7,905,0.2543
7,906,0.2547
7,907,0.2545
7,908,0.2538
7,909,0.2543
7,910,0.2555
7,911,0.2553
7,912,0.2546
7,913,0.2549
7,914,0.2560
7,915,0.2560
7,916,0.2562
7,917,0.2566
7,918,0.2569
7,919,0.2567
7,920,0.2569
7,921,0.2566
7,922,0.2566
7,923,0.2583
7,924,0.2580
7,925,0.2580
7,926,0.2586
7,927,0.2571
7,928,0.2583
7,929,0.2589
7,930,0.2581
7,931,0.2590
7,932,0.2584
7,933,0.2585
7,934,0.2598
7,935,0.2595
7,936,0.2596
7,937,0.2600
7,938,0.2606
7,939,0.2615
7,940,0.2598
7,941,0.2594
7,942,0.2615
7,943,0.2630
7,944,0.2623
7,945,0.2621
7,946,0.2632
7,947,0.2632
7,948,0.2615
7,949,0.2618
7,950,0.2641
7,951,0.2632
7,952,0.2624
7,953,0.2628
7,954,0.2638
7,955,0.2643
7,956,0.2643
7,957,0.2646
7,958,0.2655
7,959,0.2663
7,960,0.2657
7,961,0.2650
7,962,0.2646
7,963,0.2635
7,964,0.2657
7,965,0.2668
7,966,0.2657
7,967,0.2652
7,968,0.2663
7,969,0.2667
7,970,0.2664
7,971,0.2675
7,972,0.2669
7,973,0.2677
7,974,0.2695
7,975,0.2697
7,976,0.2664
7,977,0.2672
7,978,0.2701
7,979,0.2698
7,980,0.2684
7,981,0.2696
7,982,0.2705
7,983,0.2682
7,984,0.2677
7,985,0.2688
7,986,0.2710
7,987,0.2729
7,988,0.2724
7,989,0.2706
7,990,0.2693
7,991,0.2697
7,992,0.2718
7,993,0.2701
7,994,0.2696
7,995,0.2718
7,996,0.2706
7,997,0.2725
7,998,0.2723
7,999,0.2703
7,1000,0.2741
7,1001,0.2740
7,1002,0.2743
7,1003,0.2740
7,1004,0.2734
7,1005,0.2721
7,1006,0.2724
7,1007,0.2732
7,1008,0.2724
7,1009,0.2720
7,1010,0.2725
7,1011,0.2734
7,1012,0.2737
7,1013,0.2750
7,1014,0.2760
7,1015,0.2758
7,1016,0.2756
7,1017,0.2754
7,1018,0.2763
7,1019,0.2768
7,1020,0.2763
7,1021,0.2766
7,1022,0.2759
7,1023,0.2754
7,1024,0.2748
7,1025,0.2752
7,1026,0.2759
7,1027,0.2770
7,1028,0.2788
7,1029,0.2795
7,1030,0.2800
7,1031,0.2797
7,1032,0.2792
7,1033,0.2788
7,1034,0.2772
7,1035,0.2772
7,1036,0.2781
7,1037,0.2784
7,1038,0.2789
7,1039,0.2802
7,1040,0.2805
7,1041,0.2801
7,1042,0.2801
7,1043,0.2806
7,1044,0.2813
7,1045,0.2804
7,1046,0.2798
7,1047,0.2795
7,1048,0.2791
7,1049,0.2795
7,1050,0.2798
7,1051,0.2800
7,1052,0.2804
7,1053,0.2806
7,1054,0.2813
7,1055,0.2825
7,1056,0.2832
7,1057,0.2831
7,1058,0.2824
7,1059,0.2812
7,1060,0.2802
7,1061,0.2799
7,1062,0.2804
7,1063,0.2816
7,1064,0.2830
7,1065,0.2836
7,1066,0.2834
7,1067,0.2837
7,1068,0.2838
7,1069,0.2840
7,1070,0.2847
7,1071,0.2858
7,1072,0.2863
7,1073,0.2857
7,1074,0.2850
7,1075,0.2850
7,1076,0.2852
7,1077,0.2856
7,1078,0.2862
7,1079,0.2863
7,1080,0.2863
7,1081,0.2868
7,1082,0.2867
7,1083,0.2863
7,1084,0.2862
7,1085,0.2860
7,1086,0.2858
7,1087,0.2863
7,1088,0.2869
7,1089,0.2875
7,1090,0.2875
7,1091,0.2875
7,1092,0.2879
7,1093,0.2877
7,1094,0.2877
7,1095,0.2880
7,1096,0.2877
7,1097,0.2877
7,1098,0.2880
7,1099,0.2884
7,1100,0.2887
7,1101,0.2892
7,1102,0.2907
7,1103,0.2909
7,1104,0.2907
7,1105,0.2915
7,1106,0.2912
7,1107,0.2913
7,1108,0.2922
7,1109,0.2927
7,1110,0.2933
7,1111,0.2927
7,1112,0.2925
7,1113,0.2917
7,1114,0.2917
7,1115,0.2926
7,1116,0.2929
7,1117,0.2933
7,1118,0.2931
7,1119,0.2928
7,1120,0.2928
7,1121,0.2930
7,1122,0.2936
7,1123,0.2942
7,1124,0.2943
7,1125,0.2952
7,1126,0.2954
7,1127,0.2954
7,1128,0.2950
7,1129,0.2952
7,1130,0.2953
7,1131,0.2956
7,1132,0.2965
7,1133,0.2969
7,1134,0.2968
7,1135,0.2969
7,1136,0.2968
7,1137,0.2966
7,1138,0.2969
7,1139,0.2967
7,1140,0.2969
7,1141,0.2973
7,1142,0.2974
7,1143,0.2975
7,1144,0.2977
7,1145,0.2979
7,1146,0.2979
7,1147,0.2977
7,1148,0.2978
7,1149,0.2983
7,1150,0.2982
7,1151,0.2979
7,1152,0.2981
7,1153,0.2978
7,1154,0.2973
7,1155,0.2975
7,1156,0.2979
7,1157,0.2983
7,1158,0.2986
7,1159,0.2988
7,1160,0.2991
7,1161,0.2990
7,1162,0.2984
7,1163,0.2985
7,1164,0.2990
7,1165,0.2994
7,1166,0.3004
7,1167,0.3007
7,1168,0.3007
7,1169,0.3006
7,1170,0.3005
7,1171,0.3005
7,1172,0.3006
7,1173,0.3009
7,1174,0.3008
7,1175,0.3006
7,1176,0.3008
7,1177,0.3012
7,1178,0.3013
7,1179,0.3015
7,1180,0.3019
7,1181,0.3023
7,1182,0.3024
7,1183,0.3026
7,1184,0.3027
7,1185,0.3024
7,1186,0.3021
7,1187,0.3019
7,1188,0.3023
7,1189,0.3029
7,1190,0.3032
7,1191,0.3036
7,1192,0.3042
7,1193,0.3043
7,1194,0.3037
7,1195,0.3039
7,1196,0.3043
7,1197,0.3045
7,1198,0.3052
7,1199,0.3054
7,1200,0.3050
7,1201,0.3049
7,1202,0.3049
7,1203,0.3048
7,1204,0.3048
7,1205,0.3046
7,1206,0.3047
7,1207,0.3051
7,1208,0.3052
7,1209,0.3053
7,1210,0.3055
7,1211,0.3055
7,1212,0.3057
7,1213,0.3062
7,1214,0.3065
7,1215,0.3066
7,1216,0.3067
7,1217,0.3072
7,1218,0.3072
7,1219,0.3068
7,1220,0.3067
7,1221,0.3063
7,1222,0.3063
7,1223,0.3068
7,1224,0.3073
7,1225,0.3077
7,1226,0.3081
7,1227,0.3078
7,1228,0.3074
7,1229,0.3073
7,1230,0.3070
7,1231,0.3072
7,1232,0.3078
7,1233,0.3081
7,1234,0.3085
7,1235,0.3087
7,1236,0.3087
7,1237,0.3088
7,1238,0.3086
7,1239,0.3086
7,1240,0.3089
7,1241,0.3091
7,1242,0.3095
7,1243,0.3097
7,1244,0.3096
7,1245,0.3101
7,1246,0.3104
7,1247,0.3105
7,1248,0.3105
7,1249,0.3104
7,1250,0.3104
7,1251,0.3104
7,1252,0.3105
7,1253,0.3108
7,1254,0.3109
7,1255,0.3108
7,1256,0.3109
7,1257,0.3112
7,1258,0.3114
7,1259,0.3120
7,1260,0.3122
7,1261,0.3125
7,1262,0.3124
7,1263,0.3119
7,1264,0.3113
7,1265,0.3113
7,1266,0.3115
7,1267,0.3117
7,1268,0.3126
7,1269,0.3127
7,1270,0.3123
7,1271,0.3125
7,1272,0.3129
7,1273,0.3130
7,1274,0.3135
7,1275,0.3137
7,1276,0.3136
7,1277,0.3134
7,1278,0.3129
7,1279,0.3128
7,1280,0.3128
7,1281,0.3131
7,1282,0.3142
7,1283,0.3147
7,1284,0.3152
7,1285,0.3152
7,1286,0.3147
7,1287,0.3145
7,1288,0.3145
7,1289,0.3148
7,1290,0.3148
7,1291,0.3151
7,1292,0.3150
7,1293,0.3143
7,1294,0.3144
7,1295,0.3151
7,1296,0.3153
7,1297,0.3158
7,1298,0.3160
7,1299,0.3155
7,1300,0.3156
7,1301,0.3160
7,1302,0.3162
7,1303,0.3167
7,1304,0.3168
7,1305,0.3165
7,1306,0.3162
7,1307,0.3156
7,1308,0.3153
7,1309,0.3152
7,1310,0.3151
7,1311,0.3154
7,1312,0.3163
7,1313,0.3165
7,1314,0.3165
7,1315,0.3166
7,1316,0.3165
7,1317,0.3165
7,1318,0.3167
7,1319,0.3170
7,1320,0.3173
7,1321,0.3174
7,1322,0.3176
7,1323,0.3178
7,1324,0.3177
7,1325,0.3177
7,1326,0.3179
7,1327,0.3179
7,1328,0.3177
7,1329,0.3177
7,1330,0.3178
7,1331,0.3179
7,1332,0.3181
7,1333,0.3183
7,1334,0.3184
7,1335,0.3184
7,1336,0.3183
7,1337,0.3179
7,1338,0.3178
7,1339,0.3176
7,1340,0.3176
7,1341,0.3179
7,1342,0.3181
7,1343,0.3184
7,1344,0.3187
7,1345,0.3193
7,1346,0.3195
7,1347,0.3195
7,1348,0.3194
7,1349,0.3189
7,1350,0.3186
7,1351,0.3180
7,1352,0.3178
7,1353,0.3180
7,1354,0.3180
7,1355,0.3185
7,1356,0.3188
7,1357,0.3190
7,1358,0.3191
7,1359,0.3192
7,1360,0.3194
7,1361,0.3194
7,1362,0.3192
7,1363,0.3193
7,1364,0.3192
7,1365,0.3193
7,1366,0.3197
7,1367,0.3197
7,1368,0.3195
7,1369,0.3195
7,1370,0.3191
7,1371,0.3190
7,1372,0.3192
7,1373,0.3191
7,1374,0.3189
7,1375,0.3187
7,1376,0.3186
7,1377,0.3184
7,1378,0.3184
7,1379,0.3184
7,1380,0.3183
7,1381,0.3181
7,1382,0.3176
7,1383,0.3172
7,1384,0.3167
7,1385,0.3162
7,1386,0.3158
7,1387,0.3156
7,1388,0.3153
7,1389,0.3152
7,1390,0.3148
7,1391,0.3143
7,1392,0.3139
7,1393,0.3133
7,1394,0.3128
7,1395,0.3123
7,1396,0.3120
7,1397,0.3118
7,1398,0.3113
7,1399,0.3111
7,1400,0.3105
7,1401,0.3094
7,1402,0.3087
7,1403,0.3080
7,1404,0.3075
7,1405,0.3072
7,1406,0.3068
7,1407,0.3066
7,1408,0.3061
7,1409,0.3054
7,1410,0.3050
7,1411,0.3045
7,1412,0.3042
7,1413,0.3042
7,1414,0.3043
7,1415,0.3046
7,1416,0.3050
7,1417,0.3052
7,1418,0.3054
7,1419,0.3056
7,1420,0.3057
7,1421,0.3060
7,1422,0.3064
7,1423,0.3069
7,1424,0.3076
7,1425,0.3080
7,1426,0.3082
7,1427,0.3085
7,1428,0.3085
7,1429,0.3088
7,1430,0.3095
7,1431,0.3099
7,1432,0.3103
7,1433,0.3105
7,1434,0.3105
7,1435,0.3108
7,1436,0.3114
7,1437,0.3119
7,1438,0.3127
7,1439,0.3131
7,1440,0.3133
7,1441,0.3135
7,1442,0.3137
7,1443,0.3139
7,1444,0.3140
7,1445,0.3142
7,1446,0.3146
7,1447,0.3147
7,1448,0.3149
7,1449,0.3150
7,1450,0.3153
7,1451,0.3155
7,1452,0.3158
7,1453,0.3163
7,1454,0.3165
7,1455,0.3163
7,1456,0.3164
7,1457,0.3163
7,1458,0.3164
7,1459,0.3166
7,1460,0.3167
7,1461,0.3167
7,1462,0.3168
7,1463,0.3169
7,1464,0.3171
7,1465,0.3177
7,1466,0.3179
7,1467,0.3180
7,1468,0.3180
7,1469,0.3176
7,1470,0.3176
7,1471,0.3177
7,1472,0.3180
7,1473,0.3189
7,1474,0.3192
7,1475,0.3192
7,1476,0.3193
7,1477,0.3193
7,1478,0.3193
7,1479,0.3195
7,1480,0.3197
7,1481,0.3199
7,1482,0.3200
7,1483,0.3204
7,1484,0.3205
7,1485,0.3204
7,1486,0.3205
7,1487,0.3205
7,1488,0.3207
7,1489,0.3210
7,1490,0.3215
7,1491,0.3218
7,1492,0.3222
7,1493,0.3224
7,1494,0.3226
7,1495,0.3226
7,1496,0.3223
7,1497,0.3224
7,1498,0.3225
7,1499,0.3225
7,1500,0.3226
7,1501,0.3228
7,1502,0.3228
7,1503,0.3229
7,1504,0.3233
7,1505,0.3235
7,1506,0.3235
7,1507,0.3236
7,1508,0.3240
7,1509,0.3242
7,1510,0.3244
7,1511,0.3245
7,1512,0.3244
7,1513,0.3246
7,1514,0.3250
7,1515,0.3251
7,1516,0.3250
7,1517,0.3250
7,1518,0.3246
7,1519,0.3246
7,1520,0.3247
7,1521,0.3249
7,1522,0.3251
7,1523,0.3253
7,1524,0.3259
7,1525,0.3261
7,1526,0.3260
7,1527,0.3261
7,1528,0.3260
7,1529,0.3260
7,1530,0.3265
7,1531,0.3267
7,1532,0.3270
7,1533,0.3269
7,1534,0.3264
7,1535,0.3262
7,1536,0.3259
7,1537,0.3258
7,1538,0.3261
7,1539,0.3264
7,1540,0.3270
7,1541,0.3273
7,1542,0.3276
7,1543,0.3279
7,1544,0.3281
7,1545,0.3281
7,1546,0.3282
7,1547,0.3285
7,1548,0.3288
7,1549,0.3291
7,1550,0.3290
7,1551,0.3285
7,1552,0.3285
7,1553,0.3283
7,1554,0.3283
7,1555,0.3289
7,1556,0.3292
7,1557,0.3291
7,1558,0.3291
7,1559,0.3291
7,1560,0.3291
7,1561,0.3288
7,1562,0.3289
7,1563,0.3292
7,1564,0.3293
7,1565,0.3296
7,1566,0.3295
7,1567,0.3290
7,1568,0.3291
7,1569,0.3291
7,1570,0.3292
7,1571,0.3298
7,1572,0.3301
7,1573,0.3304
7,1574,0.3304
7,1575,0.3303
7,1576,0.3302
7,1577,0.3298
7,1578,0.3297
7,1579,0.3298
7,1580,0.3299
7,1581,0.3303
7,1582,0.3305
7,1583,0.3308
7,1584,0.3310
7,1585,0.3311
7,1586,0.3312
7,1587,0.3314
7,1588,0.3314
7,1589,0.3311
7,1590,0.3312
7,1591,0.3316
7,1592,0.3317
7,1593,0.3320
7,1594,0.3320
7,1595,0.3316
7,1596,0.3315
7,1597,0.3317
7,1598,0.3318
7,1599,0.3320
7,1600,0.3322
7,1601,0.3323
7,1602,0.3323
7,1603,0.3323
7,1604,0.3323
7,1605,0.3323
7,1606,0.3323
7,1607,0.3325
7,1608,0.3325
7,1609,0.3325
7,1610,0.3325
7,1611,0.3325
7,1612,0.3326
7,1613,0.3330
7,1614,0.3332
7,1615,0.3335
7,1616,0.3336
7,1617,0.3334
7,1618,0.3334
7,1619,0.3336
7,1620,0.3337
7,1621,0.3339
7,1622,0.3340
7,1623,0.3338
7,1624,0.3338
7,1625,0.3340
7,1626,0.3341
7,1627,0.3340
7,1628,0.3340
7,1629,0.3338
7,1630,0.3338
7,1631,0.3342
7,1632,0.3342
7,1633,0.3339
7,1634,0.3340
7,1635,0.3339
7,1636,0.3341
7,1637,0.3351
7,1638,0.3354
7,1639,0.3353
7,1640,0.3353
7,1641,0.3346
7,1642,0.3344
7,1643,0.3345
7,1644,0.3345
7,1645,0.3348
7,1646,0.3349
7,1647,0.3346
7,1648,0.3346
7,1649,0.3346
7,1650,0.3345
7,1651,0.3347
7,1652,0.3348
7,1653,0.3348
7,1654,0.3347
7,1655,0.3345
7,1656,0.3346
7,1657,0.3348
7,1658,0.3349
7,1659,0.3351
7,1660,0.3354
7,1661,0.3354
7,1662,0.3355
7,1663,0.3359
7,1664,0.3361
7,1665,0.3362
7,1666,0.3362
7,1667,0.3361
7,1668,0.3359
7,1669,0.3354
7,1670,0.3352
7,1671,0.3348
7,1672,0.3347
7,1673,0.3347
7,1674,0.3349
7,1675,0.3355
7,1676,0.3359
7,1677,0.3366
7,1678,0.3367
7,1679,0.3360
7,1680,0.3359
7,1681,0.3357
7,1682,0.3357
7,1683,0.3361
7,1684,0.3363
7,1685,0.3362
7,1686,0.3363
7,1687,0.3367
7,1688,0.3368
7,1689,0.3369
7,1690,0.3368
7,1691,0.3362
7,1692,0.3359
7,1693,0.3355
7,1694,0.3355
7,1695,0.3359
7,1696,0.3362
7,1697,0.3368
7,1698,0.3369
7,1699,0.3367
7,1700,0.3367
7,1701,0.3367
7,1702,0.3368
7,1703,0.3371
7,1704,0.3371
7,1705,0.3371
7,1706,0.3372
7,1707,0.3374
7,1708,0.3373
7,1709,0.3368
7,1710,0.3366
7,1711,0.3363
7,1712,0.3363
7,1713,0.3368
7,1714,0.3367
7,1715,0.3363
7,1716,0.3360
7,1717,0.3353
7,1718,0.3356
7,1719,0.3357
7,1720,0.3356
7,1721,0.3357
7,1722,0.3358
7,1723,0.3358
7,1724,0.3359
7,1725,0.3362
7,1726,0.3367
7,1727,0.3365
7,1728,0.3364
7,1729,0.3362
7,1730,0.3353
7,1731,0.3350
7,1732,0.3350
7,1733,0.3350
7,1734,0.3351
7,1735,0.3352
7,1736,0.3359
7,1737,0.3364
7,1738,0.3363
7,1739,0.3364
7,1740,0.3360
7,1741,0.3353
7,1742,0.3356
7,1743,0.3357
7,1744,0.3355
7,1745,0.3356
7,1746,0.3353
7,1747,0.3353
7,1748,0.3357
7,1749,0.3356
7,1750,0.3358
7,1751,0.3358
7,1752,0.3355
7,1753,0.3354
7,1754,0.3357
7,1755,0.3355
7,1756,0.3353
7,1757,0.3352
7,1758,0.3347
7,1759,0.3348
7,1760,0.3354
7,1761,0.3354
7,1762,0.3352
7,1763,0.3352
7,1764,0.3346
7,1765,0.3349
7,1766,0.3357
7,1767,0.3361
7,1768,0.3368
7,1769,0.3370
7,1770,0.3374
7,1771,0.3379
7,1772,0.3377
7,1773,0.3372
7,1774,0.3370
7,1775,0.3369
7,1776,0.3366
7,1777,0.3370
7,1778,0.3368
7,1779,0.3365
7,1780,0.3370
7,1781,0.3367
7,1782,0.3366
7,1783,0.3368
7,1784,0.3360
7,1785,0.3355
7,1786,0.3357
7,1787,0.3359
7,1788,0.3367
7,1789,0.3378
7,1790,0.3381
7,1791,0.3377
7,1792,0.3370
7,1793,0.3359
7,1794,0.3353
7,1795,0.3357
7,1796,0.3362
7,1797,0.3375
7,1798,0.3381
7,1799,0.3379
7,1800,0.3378
7,1801,0.3378
7,1802,0.3373
7,1803,0.3361
7,1804,0.3358
7,1805,0.3354
7,1806,0.3360
7,1807,0.3362
7,1808,0.3358
7,1809,0.3361
7,1810,0.3366
7,1811,0.3372
7,1812,0.3381
7,1813,0.3377
7,1814,0.3368
7,1815,0.3360
7,1816,0.3357
7,1817,0.3365
7,1818,0.3374
7,1819,0.3374
7,1820,0.3371
7,1821,0.3365
7,1822,0.3369
7,1823,0.3377
7,1824,0.3377
7,1825,0.3382
7,1826,0.3381
7,1827,0.3379
7,1828,0.3384
7,1829,0.3378
7,1830,0.3372
7,1831,0.3392
7,1832,0.3374
7,1833,0.3367
7,1834,0.3362
7,1835,0.3354
7,1836,0.3336
7,1837,0.3337
7,1838,0.3345
7,1839,0.3351
7,1840,0.3355
7,1841,0.3362
7,1842,0.3365
7,1843,0.3370
7,1844,0.3374
7,1845,0.3383
7,1846,0.3378
7,1847,0.3373
7,1848,0.3366
7,1849,0.3354
7,1850,0.3356
7,1851,0.3365
7,1852,0.3369
7,1853,0.3374
7,1854,0.3374
7,1855,0.3366
7,1856,0.3369
7,1857,0.3368
7,1858,0.3370
7,1859,0.3372
7,1860,0.3364
7,1861,0.3355
7,1862,0.3352
7,1863,0.3348
7,1864,0.3352
7,1865,0.3347
7,1866,0.3334
7,1867,0.3323
7,1868,0.3327
7,1869,0.3329
7,1870,0.3342
7,1871,0.3355
7,1872,0.3352
7,1873,0.3331
7,1874,0.3325
7,1875,0.3318
7,1876,0.3307
7,1877,0.3310
7,1878,0.3296
7,1879,0.3274
7,1880,0.3263
7,1881,0.3257
7,1882,0.3251
7,1883,0.3240
7,1884,0.3232
7,1885,0.3224
7,1886,0.3214
7,1887,0.3195
7,1888,0.3187
7,1889,0.3170
7,1890,0.3139
7,1891,0.3124
7,1892,0.3105
7,1893,0.3086
7,1894,0.3067
7,1895,0.3048
7,1896,0.3030
7,1897,0.3015
7,1898,0.2992
7,1899,0.2967
7,1900,0.2942
7,1901,0.2902
7,1902,0.2871
7,1903,0.2854
7,1904,0.2853
7,1905,0.2842
7,1906,0.2840
7,1907,0.2836
7,1908,0.2830
7,1909,0.2820
7,1910,0.2817
7,1911,0.2804
7,1912,0.2794
7,1913,0.2776
7,1914,0.2770
7,1915,0.2778
7,1916,0.2781
7,1917,0.2787
7,1918,0.2787
7,1919,0.2786
7,1920,0.2777
7,1921,0.2767
7,1922,0.2773
7,1923,0.2780
7,1924,0.2796
7,1925,0.2809
7,1926,0.2827
7,1927,0.2838
7,1928,0.2844
7,1929,0.2851
7,1930,0.2853
7,1931,0.2858
7,1932,0.2860
7,1933,0.2864
7,1934,0.2870
7,1935,0.2875
7,1936,0.2883
7,1937,0.2893
7,1938,0.2904
7,1939,0.2921
7,1940,0.2931
7,1941,0.2940
7,1942,0.2947
7,1943,0.2952
7,1944,0.2952
7,1945,0.2952
7,1946,0.2949
7,1947,0.2951
7,1948,0.2950
7,1949,0.2952
7,1950,0.2959
7,1951,0.2962
7,1952,0.2962
7,1953,0.2964
7,1954,0.2969
7,1955,0.2972
7,1956,0.2974
7,1957,0.2976
7,1958,0.2978
7,1959,0.2979
7,1960,0.2981
7,1961,0.2984
7,1962,0.2988
7,1963,0.2989
7,1964,0.2996
7,1965,0.3006
7,1966,0.3023
7,1967,0.3032
7,1968,0.3047
7,1969,0.3048
7,1970,0.3035
7,1971,0.3036
7,1972,0.3038
7,1973,0.3038
7,1974,0.3043
7,1975,0.3047
7,1976,0.3040
7,1977,0.3044
7,1978,0.3060
7,1979,0.3081
7,1980,0.3085
7,1981,0.3084
7,1982,0.3084
7,1983,0.3069
7,1984,0.3066
7,1985,0.3074
7,1986,0.3078
7,1987,0.3082
7,1988,0.3088
7,1989,0.3102
7,1990,0.3108
7,1991,0.3111
7,1992,0.3113
7,1993,0.3114
7,1994,0.3105
7,1995,0.3110
7,1996,0.3128
7,1997,0.3135
7,1998,0.3140
7,1999,0.3147
7,2000,0.3144
7,2001,0.3148
7,2002,0.3161
7,2003,0.3173
7,2004,0.3176
7,2005,0.3174
7,2006,0.3175
7,2007,0.3171
7,2008,0.3170
7,2009,0.3175
7,2010,0.3177
7,2011,0.3174
7,2012,0.3177
7,2013,0.3189
7,2014,0.3192
7,2015,0.3187
7,2016,0.3192
7,2017,0.3192
7,2018,0.3182
7,2019,0.3185
7,2020,0.3200
7,2021,0.3202
7,2022,0.3198
7,2023,0.3202
7,2024,0.3207
7,2025,0.3210
7,2026,0.3223
7,2027,0.3231
7,2028,0.3232
7,2029,0.3234
7,2030,0.3236
7,2031,0.3242
7,2032,0.3241
7,2033,0.3233
7,2034,0.3229
7,2035,0.3216
7,2036,0.3213
7,2037,0.3217
7,2038,0.3218
7,2039,0.3226
7,2040,0.3227
7,2041,0.3217
7,2042,0.3215
7,2043,0.3216
7,2044,0.3219
7,2045,0.3217
7,2046,0.3217
7,2047,0.3218
7,2048,0.3212
7,2049,0.3214
7,2050,0.3228
7,2051,0.3234
7,2052,0.3239
7,2053,0.3244
7,2054,0.3252
7,2055,0.3256
7,2056,0.3259
7,2057,0.3264
7,2058,0.3264
7,2059,0.3259
7,2060,0.3257
7,2061,0.3258
7,2062,0.3252
7,2063,0.3236
7,2064,0.3234
7,2065,0.3245
7,2066,0.3240
7,2067,0.3232
7,2068,0.3229
7,2069,0.3208
7,2070,0.3199
7,2071,0.3200
7,2072,0.3222
7,2073,0.3224
7,2074,0.3226
7,2075,0.3223
7,2076,0.3209
7,2077,0.3205
7,2078,0.3197
7,2079,0.3204
7,2080,0.3235
7,2081,0.3243
7,2082,0.3240
7,2083,0.3246
7,2084,0.3247
7,2085,0.3242
7,2086,0.3241
7,2087,0.3253
7,2088,0.3260
7,2089,0.3263
7,2090,0.3266
7,2091,0.3278
7,2092,0.3280
7,2093,0.3269
7,2094,0.3262
7,2095,0.3251
7,2096,0.3247
7,2097,0.3249
7,2098,0.3246
7,2099,0.3245
7,2100,0.3245
7,2101,0.3239
7,2102,0.3232
7,2103,0.3233
7,2104,0.3240
7,2105,0.3246
7,2106,0.3254
7,2107,0.3264
7,2108,0.3284
7,2109,0.3288
7,2110,0.3288
7,2111,0.3286
7,2112,0.3270
7,2113,0.3264
7,2114,0.3267
7,2115,0.3264
7,2116,0.3255
7,2117,0.3255
7,2118,0.3255
7,2119,0.3255
7,2120,0.3256
7,2121,0.3267
7,2122,0.3264
7,2123,0.3245
7,2124,0.3245
7,2125,0.3248
7,2126,0.3249
7,2127,0.3266
7,2128,0.3269
7,2129,0.3255
7,2130,0.3251
7,2131,0.3244
7,2132,0.3241
7,2133,0.3244
7,2134,0.3253
7,2135,0.3255
7,2136,0.3257
7,2137,0.3262
7,2138,0.3269
7,2139,0.3268
7,2140,0.3267
7,2141,0.3264
7,2142,0.3257
7,2143,0.3246
7,2144,0.3234
7,2145,0.3227
7,2146,0.3206
7,2147,0.3201
7,2148,0.3213
7,2149,0.3219
7,2150,0.3229
7,2151,0.3243
7,2152,0.3241
7,2153,0.3227
7,2154,0.3224
7,2155,0.3212
7,2156,0.3217
7,2157,0.3241
7,2158,0.3248
7,2159,0.3258
7,2160,0.3256
7,2161,0.3237
7,2162,0.3227
7,2163,0.3212
7,2164,0.3207
7,2165,0.3218
7,2166,0.3218
7,2167,0.3221
7,2168,0.3216
7,2169,0.3200
7,2170,0.3179
7,2171,0.3175
7,2172,0.3175
7,2173,0.3176
7,2174,0.3198
7,2175,0.3192
7,2176,0.3171
7,2177,0.3157
7,2178,0.3129
7,2179,0.3118
7,2180,0.3120
7,2181,0.3119
7,2182,0.3129
7,2183,0.3128
7,2184,0.3118
7,2185,0.3114
7,2186,0.3097
7,2187,0.3096
7,2188,0.3120
7,2189,0.3125
7,2190,0.3130
7,2191,0.3130
7,2192,0.3119
7,2193,0.3087
7,2194,0.3074
7,2195,0.3062
7,2196,0.3056
7,2197,0.3056
7,2198,0.3056
7,2199,0.3064
7,2200,0.3063
7,2201,0.3057
7,2202,0.3056
7,2203,0.3051
7,2204,0.3049
7,2205,0.3059
7,2206,0.3057
7,2207,0.3039
7,2208,0.3035
7,2209,0.3028
7,2210,0.3027
7,2211,0.3026
7,2212,0.3054
7,2213,0.3061
7,2214,0.3063
7,2215,0.3072
7,2216,0.3084
7,2217,0.3083
7,2218,0.3081
7,2219,0.3071
7,2220,0.3039
7,2221,0.3032
7,2222,0.3035
7,2223,0.3037
7,2224,0.3047
7,2225,0.3057
7,2226,0.3067
7,2227,0.3077
7,2228,0.3099
7,2229,0.3107
7,2230,0.3106
7,2231,0.3105
7,2232,0.3099
7,2233,0.3093
7,2234,0.3075
7,2235,0.3075
7,2236,0.3081
7,2237,0.3101
7,2238,0.3090
7,2239,0.3074
7,2240,0.3068
7,2241,0.3035
7,2242,0.3033
7,2243,0.3067
7,2244,0.3077
7,2245,0.3085
7,2246,0.3084
7,2247,0.3071
7,2248,0.3071
7,2249,0.3068
7,2250,0.3067
7,2251,0.3075
7,2252,0.3081
7,2253,0.3089
7,2254,0.3086
7,2255,0.3077
7,2256,0.3074
7,2257,0.3062
7,2258,0.3055
7,2259,0.3064
7,2260,0.3065
7,2261,0.3064
7,2262,0.3048
7,2263,0.3049
7,2264,0.3051
7,2265,0.3058
7,2266,0.3086
7,2267,0.3075
7,2268,0.3045
7,2269,0.3027
7,2270,0.2986
7,2271,0.2976
7,2272,0.2989
7,2273,0.2996
7,2274,0.3010
7,2275,0.3022
7,2276,0.3042
7,2277,0.3050
7,2278,0.3049
7,2279,0.3053
7,2280,0.3060
7,2281,0.3057
7,2282,0.3058
7,2283,0.3046
7,2284,0.2997
7,2285,0.2984
7,2286,0.2989
7,2287,0.2990
7,2288,0.3024
7,2289,0.3037
7,2290,0.3027
7,2291,0.3025
7,2292,0.3030
7,2293,0.3020
7,2294,0.3004
7,2295,0.2977
7,2296,0.2982
7,2297,0.2997
7,2298,0.2991
7,2299,0.2999
7,2300,0.3002
7,2301,0.2977
7,2302,0.2973
7,2303,0.2994
7,2304,0.3004
7,2305,0.3005
7,2306,0.3008
7,2307,0.3021
7,2308,0.3024
7,2309,0.3021
7,2310,0.3008
7,2311,0.2990
7,2312,0.2972
7,2313,0.2928
7,2314,0.2915
7,2315,0.2925
7,2316,0.2927
7,2317,0.2948
7,2318,0.2952
7,2319,0.2942
7,2320,0.2937
7,2321,0.2920
7,2322,0.2915
7,2323,0.2912
7,2324,0.2919
7,2325,0.2962
7,2326,0.2969
7,2327,0.2957
7,2328,0.2950
7,2329,0.2905
7,2330,0.2888
7,2331,0.2897
7,2332,0.2905
7,2333,0.2920
7,2334,0.2953
7,2335,0.2962
7,2336,0.2966
7,2337,0.2967
7,2338,0.2949
7,2339,0.2952
7,2340,0.2970
7,2341,0.2970
7,2342,0.2974
7,2343,0.2962
7,2344,0.2922
7,2345,0.2910
7,2346,0.2905
7,2347,0.2896
7,2348,0.2902
7,2349,0.2886
7,2350,0.2836
7,2351,0.2835
7,2352,0.2847
7,2353,0.2870
7,2354,0.2959
7,2355,0.2966
7,2356,0.2911
7,2357,0.2912
7,2358,0.2896
7,2359,0.2902
7,2360,0.2985
7,2361,0.2992
7,2362,0.2927
7,2363,0.2923
7,2364,0.2918
7,2365,0.2926
7,2366,0.3004
7,2367,0.3015
7,2368,0.2976
7,2369,0.2962
7,2370,0.2947
7,2371,0.2908
7,2372,0.2862
7,2373,0.2821
7,2374,0.2725
7,2375,0.2692
7,2376,0.2718
7,2377,0.2729
7,2378,0.2764
7,2379,0.2790
7,2380,0.2810
7,2381,0.2830
7,2382,0.2889
7,2383,0.2885
7,2384,0.2818
7,2385,0.2784
7,2386,0.2688
7,2387,0.2659
7,2388,0.2726
7,2389,0.2749
7,2390,0.2761
7,2391,0.2800
7,2392,0.2875
7,2393,0.2887
7,2394,0.2893
7,2395,0.2881
7,2396,0.2759
7,2397,0.2695
7,2398,0.2679
7,2399,0.2648
7,2400,0.2633
8,400,0.0551
8,401,0.0650
8,402,0.0598
8,403,0.0398
8,404,0.0462
8,405,0.0611
8,406,0.0632
8,407,0.0491
8,408,0.0489
8,409,0.0595
8,410,0.0642
8,411,0.0637
8,412,0.0628
8,413,0.0631
8,414,0.0614
8,415,0.0625
8,416,0.0654
8,417,0.0680
8,418,0.0669
8,419,0.0669
8,420,0.0686
8,421,0.0700
8,422,0.0691
8,423,0.0693
8,424,0.0716
8,425,0.0716
8,426,0.0741
8,427,0.0736
8,428,0.0666
8,429,0.0753
8,430,0.0789
8,431,0.0742
8,432,0.0748
8,433,0.0770
8,434,0.0780
8,435,0.0761
8,436,0.0704
8,437,0.0758
8,438,0.0854
8,439,0.0844
8,440,0.0830
8,441,0.0821
8,442,0.0828
8,443,0.0866
8,444,0.0885
8,445,0.0871
8,446,0.0843
8,447,0.0872
8,448,0.0907
8,449,0.0914
8,450,0.0885
8,451,0.0904
8,452,0.0937
8,453,0.0946
8,454,0.0928
8,455,0.0919
8,456,0.0924
8,457,0.0937
8,458,0.0962
8,459,0.0974
8,460,0.0966
8,461,0.0958
8,462,0.0977
8,463,0.0987
8,464,0.0970
8,465,0.1008
8,466,0.1021
8,467,0.1010
8,468,0.1025
8,469,0.1015
8,470,0.1014
8,471,0.1043
8,472,0.1074
8,473,0.1068
8,474,0.1046
8,475,0.1048
8,476,0.1062
8,477,0.1077
8,478,0.1086
8,479,0.1085
8,480,0.1073
8,481,0.1083
8,482,0.1125
8,483,0.1129
8,484,0.1143
8,485,0.1157
8,486,0.1142
8,487,0.1138
8,488,0.1137
8,489,0.1138
8,490,0.1155
8,491,0.1180
8,492,0.1191
8,493,0.1175
8,494,0.1192
8,495,0.1210
8,496,0.1220
8,497,0.1241
8,498,0.1248
8,499,0.1254
8,500,0.1267
8,501,0.1274
8,502,0.1268
8,503,0.1267
8,504,0.1294
8,505,0.1312
8,506,0.1326
8,507,0.1339
8,508,0.1354
8,509,0.1345
8,510,0.1338
8,511,0.1365
8,512,0.1402
8,513,0.1432
8,514,0.1441
8,515,0.1426
8,516,0.1441
8,517,0.1464
8,518,0.1474
8,519,0.1491
8,520,0.1504
8,521,0.1513
8,522,0.1526
8,523,0.1528
8,524,0.1537
8,525,0.1562
8,526,0.1589
8,527,0.1604
8,528,0.1615
8,529,0.1634
8,530,0.1642
8,531,0.1653
8,532,0.1675
8,533,0.1704
8,534,0.1715
8,535,0.1721
8,536,0.1734
8,537,0.1745
8,538,0.1763
8,539,0.1785
8,540,0.1806
8,541,0.1820
8,542,0.1834
8,543,0.1852
8,544,0.1865
8,545,0.1873
8,546,0.1883
8,547,0.1902
8,548,0.1934
8,549,0.1952
8,550,0.1958
8,551,0.1975
8,552,0.1988
8,553,0.2004
8,554,0.2026
8,555,0.2044
8,556,0.2063
8,557,0.2080
8,558,0.2094
8,559,0.2109
8,560,0.2127
8,561,0.2148
8,562,0.2167
8,563,0.2186
8,564,0.2204
8,565,0.2219
8,566,0.2236
8,567,0.2243
8,568,0.2252
8,569,0.2281
8,570,0.2306
8,571,0.2320
8,572,0.2327
8,573,0.2351
8,574,0.2365
8,575,0.2375
8,576,0.2397
8,577,0.2421
8,578,0.2434
8,579,0.2438
8,580,0.2451
8,581,0.2473
8,582,0.2493
8,583,0.2502
8,584,0.2513
8,585,0.2536
8,586,0.2558
8,587,0.2563
8,588,0.2590
8,589,0.2611
8,590,0.2612
8,591,0.2627
8,592,0.2653
8,593,0.2673
8,594,0.2672
8,595,0.2695
8,596,0.2717
8,597,0.2727
8,598,0.2737
8,599,0.2756
8,600,0.2775
8,601,0.2785
8,602,0.2802
8,603,0.2817
8,604,0.2832
8,605,0.2849
8,606,0.2859
8,607,0.2871
8,608,0.2889
8,609,0.2903
8,610,0.2917
8,611,0.2935
8,612,0.2957
8,613,0.2964
8,614,0.2978
8,615,0.2998
8,616,0.3001
8,617,0.3010
8,618,0.3028
8,619,0.3049
8,620,0.3056
8,621,0.3068
8,622,0.3084
8,623,0.3099
8,624,0.3105
8,625,0.3118
8,626,0.3142
8,627,0.3156
8,628,0.3167
8,629,0.3181
8,630,0.3196
8,631,0.3203
8,632,0.3212
8,633,0.3227
8,634,0.3243
8,635,0.3260
8,636,0.3272
8,637,0.3280
8,638,0.3292
8,639,0.3302
8,640,0.3313
8,641,0.3330
8,642,0.3344
8,643,0.3361
8,644,0.3376
8,645,0.3380
8,646,0.3389
8,647,0.3403
8,648,0.3421
8,649,0.3430
8,650,0.3444
8,651,0.3458
8,652,0.3463
8,653,0.3473
8,654,0.3486
8,655,0.3502
8,656,0.3517
8,657,0.3521
8,658,0.3525
8,659,0.3540
8,660,0.3553
8,661,0.3561
8,662,0.3568
8,663,0.3581
8,664,0.3588
8,665,0.3595
8,666,0.3605
8,667,0.3623
8,668,0.3635
8,669,0.3640
8,670,0.3646
8,671,0.3659
8,672,0.3667
8,673,0.3670
8,674,0.3678
8,675,0.3697
8,676,0.3706
8,677,0.3703
8,678,0.3714
8,679,0.3724
8,680,0.3733
8,681,0.3743
8,682,0.3755
8,683,0.3766
8,684,0.3774
8,685,0.3778
8,686,0.3784
8,687,0.3789
8,688,0.3795
8,689,0.3805
8,690,0.3817
8,691,0.3827
8,692,0.3834
8,693,0.3838
8,694,0.3847
8,695,0.3857
8,696,0.3862
8,697,0.3869
8,698,0.3879
8,699,0.3888
8,700,0.3888
8,701,0.3895
8,702,0.3906
8,703,0.3915
8,704,0.3927
8,705,0.3938
8,706,0.3945
8,707,0.3951
8,708,0.3954
8,709,0.3958
8,710,0.3967
8,711,0.3979
8,712,0.3990
8,713,0.3999
8,714,0.4007
8,715,0.4009
8,716,0.4013
8,717,0.4020
8,718,0.4026
8,719,0.4038
8,720,0.4051
8,721,0.4062
8,722,0.4067
8,723,0.4075
8,724,0.4083
8,725,0.4085
8,726,0.4094
8,727,0.4105
8,728,0.4114
8,729,0.4120
8,730,0.4130
8,731,0.4140
8,732,0.4149
8,733,0.4155
8,734,0.4161
8,735,0.4170
8,736,0.4181
8,737,0.4189
8,738,0.4196
8,739,0.4205
8,740,0.4217
8,741,0.4219
8,742,0.4222
8,743,0.4233
8,744,0.4242
8,745,0.4248
8,746,0.4253
8,747,0.4261
8,748,0.4273
8,749,0.4285
8,750,0.4292
8,751,0.4296
8,752,0.4304
8,753,0.4308
8,754,0.4309
8,755,0.4320
8,756,0.4332
8,757,0.4340
8,758,0.4346
8,759,0.4353
8,760,0.4358
8,761,0.4365
8,762,0.4374
8,763,0.4382
8,764,0.4389
8,765,0.4395
8,766,0.4396
8,767,0.4406
8,768,0.4416
8,769,0.4422
8,770,0.4426
8,771,0.4432
8,772,0.4439
8,773,0.4446
8,774,0.4448
8,775,0.4453
8,776,0.4463
8,777,0.4472
8,778,0.4477
8,779,0.4478
8,780,0.4479
8,781,0.4485
8,782,0.4491
8,783,0.4495
8,784,0.4498
8,785,0.4506
8,786,0.4510
8,787,0.4515
8,788,0.4524
8,789,0.4532
8,790,0.4532
8,791,0.4530
8,792,0.4536
8,793,0.4542
8,794,0.4548
8,795,0.4553
8,796,0.4558
8,797,0.4561
8,798,0.4563
8,799,0.4567
8,800,0.4574
8,801,0.4572
8,802,0.4572
8,803,0.4583
8,804,0.4586
8,805,0.4590
8,806,0.4595
8,807,0.4598
8,808,0.4600
8,809,0.4603
8,810,0.4605
8,811,0.4604
8,812,0.4613
8,813,0.4620
8,814,0.4621
8,815,0.4625
8,816,0.4630
8,817,0.4636
8,818,0.4642
8,819,0.4630
8,820,0.4632
8,821,0.4645
8,822,0.4652
8,823,0.4645
8,824,0.4643
8,825,0.4648
8,826,0.4655
8,827,0.4656
8,828,0.4657
8,829,0.4660
8,830,0.4655
8,831,0.4657
8,832,0.4663
8,833,0.4671
8,834,0.4673
8,835,0.4672
8,836,0.4672
8,837,0.4678
8,838,0.4685
8,839,0.4681
8,840,0.4678
8,841,0.4690
8,842,0.4696
8,843,0.4700
8,844,0.4703
8,845,0.4706
8,846,0.4713
8,847,0.4713
8,848,0.4706
8,849,0.4705
8,850,0.4716
8,851,0.4720
8,852,0.4715
8,853,0.4712
8,854,0.4716
8,855,0.4722
8,856,0.4724
8,857,0.4720
8,858,0.4723
8,859,0.4732
8,860,0.4738
8,861,0.4734
8,862,0.4734
8,863,0.4741
8,864,0.4750
8,865,0.4746
8,866,0.4741
8,867,0.4742
8,868,0.4752
8,869,0.4756
8,870,0.4756
8,871,0.4753
8,872,0.4748
8,873,0.4760
8,874,0.4768
8,875,0.4765
8,876,0.4765
8,877,0.4758
8,878,0.4763
8,879,0.4777
8,880,0.4773
8,881,0.4776
8,882,0.4783
8,883,0.4783
8,884,0.4771
8,885,0.4768
8,886,0.4782
8,887,0.4801
8,888,0.4784
8,889,0.4784
8,890,0.4791
8,891,0.4790
8,892,0.4792
8,893,0.4799
8,894,0.4810
8,895,0.4817
8,896,0.4806
8,897,0.4806
8,898,0.4813
8,899,0.4809
8,900,0.4811
8,901,0.4821
8,902,0.4828
8,903,0.4815
8,904,0.4821
8,905,0.4830
8,906,0.4833
8,907,0.4831
8,908,0.4818
8,909,0.4826
8,910,0.4843
8,911,0.4831
8,912,0.4837
8,913,0.4845
8,914,0.4849
8,915,0.4854
8,916,0.4858
8,917,0.4846
8,918,0.4833
8,919,0.4851
8,920,0.4878
8,921,0.4879
8,922,0.4855
8,923,0.4843
8,924,0.4859
8,925,0.4878
8,926,0.4883
8,927,0.4872
8,928,0.4878
8,929,0.4888
8,930,0.4894
8,931,0.4900
8,932,0.4880
8,933,0.4879
8,934,0.4904
8,935,0.4908
8,936,0.4905
8,937,0.4897
8,938,0.4892
8,939,0.4900
8,940,0.4906
8,941,0.4914
8,942,0.4925
8,943,0.4937
8,944,0.4942
8,945,0.4932
8,946,0.4922
8,947,0.4949
8,948,0.4937
8,949,0.4935
8,950,0.4956
8,951,0.4959
8,952,0.4951
8,953,0.4953
8,954,0.4967
8,955,0.4972
8,956,0.4944
8,957,0.4934
8,958,0.4959
8,959,0.4990
8,960,0.5005
8,961,0.4986
8,962,0.4956
8,963,0.4967
8,964,0.4983
8,965,0.4995
8,966,0.4983
8,967,0.4935
8,968,0.4977
8,969,0.5008
8,970,0.5003
8,971,0.4999
8,972,0.4977
8,973,0.4993
8,974,0.5029
8,975,0.5029
8,976,0.5001
8,977,0.4980
8,978,0.4990
8,979,0.5031
8,980,0.5039
8,981,0.5048
8,982,0.5040
8,983,0.5004
8,984,0.5039
8,985,0.5070
8,986,0.5049
8,987,0.4997
8,988,0.5058
8,989,0.5080
8,990,0.5065
8,991,0.5056
8,992,0.5088
8,993,0.5071
8,994,0.5064
8,995,0.5089
8,996,0.5071
8,997,0.5070
8,998,0.5079
8,999,0.5074
8,1000,0.5042
8,1001,0.5044
8,1002,0.5039
8,1003,0.5042
8,1004,0.5033
8,1005,0.5041
8,1006,0.5052
8,1007,0.5053
8,1008,0.5055
8,1009,0.5033
8,1010,0.5029
8,1011,0.5021
8,1012,0.5026
8,1013,0.5027
8,1014,0.5052
8,1015,0.5047
8,1016,0.5022
8,1017,0.5025
8,1018,0.5010
8,1019,0.5037
8,1020,0.5080
8,1021,0.5071
8,1022,0.5086
8,1023,0.5096
8,1024,0.5079
8,1025,0.5079
8,1026,0.5098
8,1027,0.5106
8,1028,0.5120
8,1029,0.5129
8,1030,0.5129
8,1031,0.5131
8,1032,0.5134
8,1033,0.5145
8,1034,0.5158
8,1035,0.5164
8,1036,0.5158
8,1037,0.5147
8,1038,0.5143
8,1039,0.5141
8,1040,0.5151
8,1041,0.5159
8,1042,0.5161
8,1043,0.5155
8,1044,0.5149
8,1045,0.5157
8,1046,0.5161
8,1047,0.5165
8,1048,0.5175
8,1049,0.5165
8,1050,0.5155
8,1051,0.5164
8,1052,0.5175
8,1053,0.5194
8,1054,0.5216
8,1055,0.5223
8,1056,0.5202
8,1057,0.5184
8,1058,0.5171
8,1059,0.5161
8,1060,0.5179
8,1061,0.5188
8,1062,0.5188
8,1063,0.5201
8,1064,0.5214
8,1065,0.5221
8,1066,0.5211
8,1067,0.5216
8,1068,0.5228
8,1069,0.5228
8,1070,0.5218
8,1071,0.5243
8,1072,0.5258
8,1073,0.5263
8,1074,0.5264
8,1075,0.5250
8,1076,0.5247
8,1077,0.5241
8,1078,0.5247
8,1079,0.5265
8,1080,0.5269
8,1081,0.5274
8,1082,0.5275
8,1083,0.5281
8,1084,0.5282
8,1085,0.5279
8,1086,0.5265
8,1087,0.5276
8,1088,0.5297
8,1089,0.5318
8,1090,0.5346
8,1091,0.5355
8,1092,0.5357
8,1093,0.5356
8,1094,0.5335
8,1095,0.5332
8,1096,0.5336
8,1097,0.5335
8,1098,0.5340
8,1099,0.5347
8,1100,0.5355
8,1101,0.5354
8,1102,0.5356
8,1103,0.5357
8,1104,0.5366
8,1105,0.5366
8,1106,0.5364
8,1107,0.5372
8,1108,0.5361
8,1109,0.5359
8,1110,0.5383
8,1111,0.5395
8,1112,0.5396
8,1113,0.5387
8,1114,0.5390
8,1115,0.5390
8,1116,0.5390
8,1117,0.5396
8,1118,0.5417
8,1119,0.5418
8,1120,0.5399
8,1121,0.5402
8,1122,0.5405
8,1123,0.5413
8,1124,0.5427
8,1125,0.5427
8,1126,0.5431
8,1127,0.5433
8,1128,0.5422
8,1129,0.5425
8,1130,0.5437
8,1131,0.5440
8,1132,0.5446
8,1133,0.5448
8,1134,0.5441
8,1135,0.5437
8,1136,0.5445
8,1137,0.5444
8,1138,0.5452
8,1139,0.5462
8,1140,0.5463
8,1141,0.5469
8,1142,0.5474
8,1143,0.5476
8,1144,0.5478
8,1145,0.5481
8,1146,0.5485
8,1147,0.5490
8,1148,0.5495
8,1149,0.5504
8,1150,0.5510
8,1151,0.5512
8,1152,0.5516
8,1153,0.5520
8,1154,0.5526
8,1155,0.5534
8,1156,0.5532
8,1157,0.5529
8,1158,0.5532
8,1159,0.5534
8,1160,0.5534
8,1161,0.5537
8,1162,0.5544
8,1163,0.5547
8,1164,0.5548
8,1165,0.5550
8,1166,0.5549
8,1167,0.5550
8,1168,0.5555
8,1169,0.5551
8,1170,0.5552
8,1171,0.5559
8,1172,0.5554
8,1173,0.5557
8,1174,0.5565
8,1175,0.5569
8,1176,0.5576
8,1177,0.5594
8,1178,0.5596
8,1179,0.5588
8,1180,0.5587
8,1181,0.5577
8,1182,0.5578
8,1183,0.5593
8,1184,0.5600
8,1185,0.5608
8,1186,0.5611
8,1187,0.5609
8,1188,0.5612
8,1189,0.5613
8,1190,0.5610
8,1191,0.5614
8,1192,0.5616
8,1193,0.5622
8,1194,0.5636
8,1195,0.5642
8,1196,0.5643
8,1197,0.5647
8,1198,0.5652
8,1199,0.5655
8,1200,0.5660
8,1201,0.5666
8,1202,0.5675
8,1203,0.5678
8,1204,0.5680
8,1205,0.5683
8,1206,0.5679
8,1207,0.5673
8,1208,0.5679
8,1209,0.5683
8,1210,0.5686
8,1211,0.5690
8,1212,0.5694
8,1213,0.5694
8,1214,0.5696
8,1215,0.5700
8,1216,0.5704
8,1217,0.5707
8,1218,0.5711
8,1219,0.5718
8,1220,0.5723
8,1221,0.5728
8,1222,0.5732
8,1223,0.5736
8,1224,0.5742
8,1225,0.5740
8,1226,0.5736
8,1227,0.5734
8,1228,0.5726
8,1229,0.5727
8,1230,0.5732
8,1231,0.5737
8,1232,0.5744
8,1233,0.5752
8,1234,0.5763
8,1235,0.5770
8,1236,0.5778
8,1237,0.5784
8,1238,0.5787
8,1239,0.5787
8,1240,0.5782
8,1241,0.5781
8,1242,0.5776
8,1243,0.5774
8,1244,0.5778
8,1245,0.5779
8,1246,0.5784
8,1247,0.5791
8,1248,0.5798
8,1249,0.5813
8,1250,0.5817
8,1251,0.5815
8,1252,0.5815
8,1253,0.5807
8,1254,0.5807
8,1255,0.5812
8,1256,0.5814
8,1257,0.5819
8,1258,0.5822
8,1259,0.5820
8,1260,0.5823
8,1261,0.5834
8,1262,0.5838
8,1263,0.5844
8,1264,0.5846
8,1265,0.5843
8,1266,0.5842
8,1267,0.5844
8,1268,0.5850
8,1269,0.5853
8,1270,0.5854
8,1271,0.5857
8,1272,0.5859
8,1273,0.5862
8,1274,0.5872
8,1275,0.5876
8,1276,0.5876
8,1277,0.5880
8,1278,0.5886
8,1279,0.5886
8,1280,0.5878
8,1281,0.5878
8,1282,0.5878
8,1283,0.5879
8,1284,0.5890
8,1285,0.5898
8,1286,0.5897
8,1287,0.5893
8,1288,0.5890
8,1289,0.5881
8,1290,0.5886
8,1291,0.5901
8,1292,0.5906
8,1293,0.5916
8,1294,0.5922
8,1295,0.5921
8,1296,0.5923
8,1297,0.5929
8,1298,0.5931
8,1299,0.5926
8,1300,0.5929
8,1301,0.5945
8,1302,0.5947
8,1303,0.5940
8,1304,0.5940
8,1305,0.5930
8,1306,0.5929
8,1307,0.5942
8,1308,0.5958
8,1309,0.5962
8,1310,0.5964
8,1311,0.5967
8,1312,0.5962
8,1313,0.5963
8,1314,0.5972
8,1315,0.5966
8,1316,0.5947
8,1317,0.5948
8,1318,0.5953
8,1319,0.5957
8,1320,0.5979
8,1321,0.5985
8,1322,0.5970
8,1323,0.5970
8,1324,0.5977
8,1325,0.5978
8,1326,0.5978
8,1327,0.5980
8,1328,0.5980
8,1329,0.5978
8,1330,0.5978
8,1331,0.5978
8,1332,0.5976
8,1333,0.5965
8,1334,0.5969
8,1335,0.5982
8,1336,0.5988
8,1337,0.5999
8,1338,0.6002
8,1339,0.5996
8,1340,0.5999
8,1341,0.6008
8,1342,0.6009
8,1343,0.6010
8,1344,0.6010
8,1345,0.6004
8,1346,0.6001
8,1347,0.5999
8,1348,0.6000
8,1349,0.6004
8,1350,0.6006
8,1351,0.6010
8,1352,0.6014
8,1353,0.6013
8,1354,0.6016
8,1355,0.6028
8,1356,0.6033
8,1357,0.6034
8,1358,0.6036
8,1359,0.6032
8,1360,0.6019
8,1361,0.6017
8,1362,0.6016
8,1363,0.6019
8,1364,0.6029
8,1365,0.6034
8,1366,0.6038
8,1367,0.6040
8,1368,0.6038
8,1369,0.6038
8,1370,0.6038
8,1371,0.6036
8,1372,0.6030
8,1373,0.6031
8,1374,0.6037
8,1375,0.6035
8,1376,0.6033
8,1377,0.6030
8,1378,0.6016
8,1379,0.6013
8,1380,0.6023
8,1381,0.6024
8,1382,0.6023
8,1383,0.6024
8,1384,0.6024
8,1385,0.6019
8,1386,0.6019
8,1387,0.6022
8,1388,0.6022
8,1389,0.6018
8,1390,0.6017
8,1391,0.6016
8,1392,0.6015
8,1393,0.6014
8,1394,0.6013
8,1395,0.6009
8,1396,0.6011
8,1397,0.6018
8,1398,0.6019
8,1399,0.6021
8,1400,0.6021
8,1401,0.6013
8,1402,0.6011
8,1403,0.6015
8,1404,0.6012
8,1405,0.6006
8,1406,0.6001
8,1407,0.5988
8,1408,0.5983
8,1409,0.5983
8,1410,0.5982
8,1411,0.5983
8,1412,0.5984
8,1413,0.5986
8,1414,0.5985
8,1415,0.5983
8,1416,0.5980
8,1417,0.5978
8,1418,0.5973
8,1419,0.5970
8,1420,0.5970
8,1421,0.5967
8,1422,0.5962
8,1423,0.5962
8,1424,0.5966
8,1425,0.5968
8,1426,0.5975
8,1427,0.5975
8,1428,0.5969
8,1429,0.5967
8,1430,0.5963
8,1431,0.5961
8,1432,0.5962
8,1433,0.5962
8,1434,0.5961
8,1435,0.5960
8,1436,0.5962
8,1437,0.5962
8,1438,0.5962
8,1439,0.5960
8,1440,0.5954
8,1441,0.5953
8,1442,0.5957
8,1443,0.5957
8,1444,0.5960
8,1445,0.5963
8,1446,0.5961
8,1447,0.5964
8,1448,0.5968
8,1449,0.5978
8,1450,0.5981
8,1451,0.5984
8,1452,0.5982
8,1453,0.5974
8,1454,0.5974
8,1455,0.5977
8,1456,0.5978
8,1457,0.5982
8,1458,0.5985
8,1459,0.5986
8,1460,0.5987
8,1461,0.5990
8,1462,0.5994
8,1463,0.5996
8,1464,0.6001
8,1465,0.6014
8,1466,0.6019
8,1467,0.6023
8,1468,0.6026
8,1469,0.6028
8,1470,0.6030
8,1471,0.6031
8,1472,0.6034
8,1473,0.6037
8,1474,0.6040
8,1475,0.6046
8,1476,0.6049
8,1477,0.6048
8,1478,0.6048
8,1479,0.6048
8,1480,0.6048
8,1481,0.6046
8,1482,0.6047
8,1483,0.6050
8,1484,0.6052
8,1485,0.6057
8,1486,0.6059
8,1487,0.6057
8,1488,0.6059
8,1489,0.6063
8,1490,0.6068
8,1491,0.6074
8,1492,0.6085
8,1493,0.6088
8,1494,0.6086
8,1495,0.6084
8,1496,0.6075
8,1497,0.6075
8,1498,0.6076
8,1499,0.6081
8,1500,0.6095
8,1501,0.6098
8,1502,0.6096
8,1503,0.6098
8,1504,0.6095
8,1505,0.6097
8,1506,0.6105
8,1507,0.6112
8,1508,0.6119
8,1509,0.6122
8,1510,0.6124
8,1511,0.6125
8,1512,0.6119
8,1513,0.6120
8,1514,0.6130
8,1515,0.6132
8,1516,0.6134
8,1517,0.6136
8,1518,0.6132
8,1519,0.6131
8,1520,0.6133
8,1521,0.6135
8,1522,0.6139
8,1523,0.6142
8,1524,0.6147
8,1525,0.6150
8,1526,0.6146
8,1527,0.6148
8,1528,0.6155
8,1529,0.6158
8,1530,0.6162
8,1531,0.6165
8,1532,0.6167
8,1533,0.6166
8,1534,0.6164
8,1535,0.6161
8,1536,0.6151
8,1537,0.6148
8,1538,0.6150
8,1539,0.6153
8,1540,0.6163
8,1541,0.6170
8,1542,0.6177
8,1543,0.6187
8,1544,0.6184
8,1545,0.6186
8,1546,0.6189
8,1547,0.6191
8,1548,0.6191
8,1549,0.6194
8,1550,0.6194
8,1551,0.6186
8,1552,0.6186
8,1553,0.6189
8,1554,0.6191
8,1555,0.6195
8,1556,0.6197
8,1557,0.6200
8,1558,0.6202
8,1559,0.6204
8,1560,0.6205
8,1561,0.6206
8,1562,0.6207
8,1563,0.6206
8,1564,0.6210
8,1565,0.6218
8,1566,0.6219
8,1567,0.6219
8,1568,0.6219
8,1569,0.6213
8,1570,0.6214
8,1571,0.6222
8,1572,0.6224
8,1573,0.6226
8,1574,0.6227
8,1575,0.6223
8,1576,0.6224
8,1577,0.6229
8,1578,0.6229
8,1579,0.6231
8,1580,0.6230
8,1581,0.6220
8,1582,0.6222
8,1583,0.6232
8,1584,0.6238
8,1585,0.6253
8,1586,0.6258
8,1587,0.6256
8,1588,0.6256
8,1589,0.6253
8,1590,0.6254
8,1591,0.6257
8,1592,0.6259
8,1593,0.6263
8,1594,0.6265
8,1595,0.6266
8,1596,0.6266
8,1597,0.6261
8,1598,0.6260
8,1599,0.6260
8,1600,0.6258
8,1601,0.6258
8,1602,0.6258
8,1603,0.6259
8,1604,0.6259
8,1605,0.6260
8,1606,0.6262
8,1607,0.6263
8,1608,0.6265
8,1609,0.6273
8,1610,0.6273
8,1611,0.6263
8,1612,0.6261
8,1613,0.6256
8,1614,0.6256
8,1615,0.6263
8,1616,0.6269
8,1617,0.6278
8,1618,0.6281
8,1619,0.6283
8,1620,0.6283
8,1621,0.6271
8,1622,0.6272
8,1623,0.6283
8,1624,0.6289
8,1625,0.6307
8,1626,0.6311
8,1627,0.6301
8,1628,0.6298
8,1629,0.6289
8,1630,0.6286
8,1631,0.6288
8,1632,0.6290
8,1633,0.6295
8,1634,0.6297
8,1635,0.6296
8,1636,0.6296
8,1637,0.6294
8,1638,0.6292
8,1639,0.6289
8,1640,0.6287
8,1641,0.6281
8,1642,0.6280
8,1643,0.6279
8,1644,0.6283
8,1645,0.6295
8,1646,0.6300
8,1647,0.6302
8,1648,0.6307
8,1649,0.6312
8,1650,0.6313
8,1651,0.6316
8,1652,0.6317
8,1653,0.6309
8,1654,0.6308
8,1655,0.6313
8,1656,0.6316
8,1657,0.6324
8,1658,0.6323
8,1659,0.6311
8,1660,0.6306
8,1661,0.6293
8,1662,0.6295
8,1663,0.6317
8,1664,0.6325
8,1665,0.6338
8,1666,0.6341
8,1667,0.6326
8,1668,0.6323
8,1669,0.6322
8,1670,0.6322
8,1671,0.6335
8,1672,0.6337
8,1673,0.6329
8,1674,0.6329
8,1675,0.6323
8,1676,0.6324
8,1677,0.6337
8,1678,0.6341
8,1679,0.6349
8,1680,0.6346
8,1681,0.6332
8,1682,0.6324
8,1683,0.6310
8,1684,0.6304
8,1685,0.6302
8,1686,0.6305
8,1687,0.6317
8,1688,0.6322
8,1689,0.6332
8,1690,0.6335
8,1691,0.6327
8,1692,0.6326
8,1693,0.6329
8,1694,0.6328
8,1695,0.6328
8,1696,0.6331
8,1697,0.6334
8,1698,0.6332
8,1699,0.6325
8,1700,0.6327
8,1701,0.6329
8,1702,0.6330
8,1703,0.6341
8,1704,0.6343
8,1705,0.6332
8,1706,0.6330
8,1707,0.6332
8,1708,0.6334
8,1709,0.6339
8,1710,0.6343
8,1711,0.6355
8,1712,0.6353
8,1713,0.6344
8,1714,0.6340
8,1715,0.6322
8,1716,0.6322
8,1717,0.6337
8,1718,0.6338
8,1719,0.6339
8,1720,0.6333
8,1721,0.6315
8,1722,0.6317
8,1723,0.6323
8,1724,0.6322
8,1725,0.6332
8,1726,0.6329
8,1727,0.6322
8,1728,0.6322
8,1729,0.6316
8,1730,0.6315
8,1731,0.6309
8,1732,0.6298
8,1733,0.6301
8,1734,0.6310
8,1735,0.6315
8,1736,0.6329
8,1737,0.6327
8,1738,0.6307
8,1739,0.6303
8,1740,0.6305
8,1741,0.6311
8,1742,0.6325
8,1743,0.6325
8,1744,0.6315
8,1745,0.6309
8,1746,0.6313
8,1747,0.6313
8,1748,0.6320
8,1749,0.6325
8,1750,0.6317
8,1751,0.6316
8,1752,0.6311
8,1753,0.6310
8,1754,0.6320
8,1755,0.6317
8,1756,0.6305
8,1757,0.6300
8,1758,0.6293
8,1759,0.6288
8,1760,0.6288
8,1761,0.6290
8,1762,0.6295
8,1763,0.6297
8,1764,0.6303
8,1765,0.6308
8,1766,0.6303
8,1767,0.6304
8,1768,0.6309
8,1769,0.6303
8,1770,0.6308
8,1771,0.6314
8,1772,0.6328
8,1773,0.6336
8,1774,0.6332
8,1775,0.6325
8,1776,0.6316
8,1777,0.6316
8,1778,0.6323
8,1779,0.6328
8,1780,0.6336
8,1781,0.6336
8,1782,0.6328
8,1783,0.6324
8,1784,0.6320
8,1785,0.6318
8,1786,0.6326
8,1787,0.6335
8,1788,0.6339
8,1789,0.6346
8,1790,0.6351
8,1791,0.6355
8,1792,0.6353
8,1793,0.6342
8,1794,0.6337
8,1795,0.6325
8,1796,0.6317
8,1797,0.6329
8,1798,0.6330
8,1799,0.6339
8,1800,0.6339
8,1801,0.6326
8,1802,0.6328
8,1803,0.6336
8,1804,0.6346
8,1805,0.6369
8,1806,0.6360
8,1807,0.6352
8,1808,0.6337
8,1809,0.6331
8,1810,0.6342
8,1811,0.6347
8,1812,0.6347
8,1813,0.6349
8,1814,0.6342
8,1815,0.6333
8,1816,0.6341
8,1817,0.6340
8,1818,0.6326
8,1819,0.6333
8,1820,0.6333
8,1821,0.6325
8,1822,0.6332
8,1823,0.6332
8,1824,0.6327
8,1825,0.6327
8,1826,0.6337
8,1827,0.6345
8,1828,0.6350
8,1829,0.6355
8,1830,0.6358
8,1831,0.6359
8,1832,0.6357
8,1833,0.6339
8,1834,0.6331
8,1835,0.6327
8,1836,0.6338
8,1837,0.6344
8,1838,0.6338
8,1839,0.6321
8,1840,0.6331
8,1841,0.6346
8,1842,0.6325
8,1843,0.6315
8,1844,0.6313
8,1845,0.6300
8,1846,0.6267
8,1847,0.6285
8,1848,0.6302
8,1849,0.6299
8,1850,0.6323
8,1851,0.6332
8,1852,0.6330
8,1853,0.6315
8,1854,0.6316
8,1855,0.6322
8,1856,0.6312
8,1857,0.6306
8,1858,0.6306
8,1859,0.6294
8,1860,0.6287
8,1861,0.6302
8,1862,0.6314
8,1863,0.6319
8,1864,0.6333
8,1865,0.6333
8,1866,0.6318
8,1867,0.6302
8,1868,0.6295
8,1869,0.6267
8,1870,0.6261
8,1871,0.6244
8,1872,0.6212
8,1873,0.6160
8,1874,0.6125
8,1875,0.6071
8,1876,0.6057
8,1877,0.6069
8,1878,0.6079
8,1879,0.6093
8,1880,0.6098
8,1881,0.6091
8,1882,0.6079
8,1883,0.6073
8,1884,0.6068
8,1885,0.6065
8,1886,0.6064
8,1887,0.6067
8,1888,0.6049
8,1889,0.6041
8,1890,0.6033
8,1891,0.6017
8,1892,0.6003
8,1893,0.5997
8,1894,0.5984
8,1895,0.5962
8,1896,0.5943
8,1897,0.5927
8,1898,0.5908
8,1899,0.5897
8,1900,0.5885
8,1901,0.5867
8,1902,0.5860
8,1903,0.5849
8,1904,0.5833
8,1905,0.5818
8,1906,0.5816
8,1907,0.5798
8,1908,0.5764
8,1909,0.5742
8,1910,0.5725
8,1911,0.5700
8,1912,0.5686
8,1913,0.5686
8,1914,0.5674
8,1915,0.5667
8,1916,0.5653
8,1917,0.5633
8,1918,0.5612
8,1919,0.5581
8,1920,0.5559
8,1921,0.5539
8,1922,0.5509
8,1923,0.5499
8,1924,0.5509
8,1925,0.5493
8,1926,0.5470
8,1927,0.5461
8,1928,0.5450
8,1929,0.5434
8,1930,0.5430
8,1931,0.5411
8,1932,0.5388
8,1933,0.5367
8,1934,0.5361
8,1935,0.5385
8,1936,0.5379
8,1937,0.5357
8,1938,0.5345
8,1939,0.5319
8,1940,0.5309
8,1941,0.5325
8,1942,0.5326
8,1943,0.5314
8,1944,0.5312
8,1945,0.5323
8,1946,0.5337
8,1947,0.5348
8,1948,0.5375
8,1949,0.5395
8,1950,0.5410
8,1951,0.5420
8,1952,0.5432
8,1953,0.5444
8,1954,0.5456
8,1955,0.5454
8,1956,0.5457
8,1957,0.5457
8,1958,0.5468
8,1959,0.5484
8,1960,0.5493
8,1961,0.5516
8,1962,0.5526
8,1963,0.5517
8,1964,0.5517
8,1965,0.5520
8,1966,0.5519
8,1967,0.5522
8,1968,0.5523
8,1969,0.5530
8,1970,0.5543
8,1971,0.5553
8,1972,0.5567
8,1973,0.5578
8,1974,0.5588
8,1975,0.5593
8,1976,0.5591
8,1977,0.5593
8,1978,0.5586
8,1979,0.5590
8,1980,0.5595
8,1981,0.5608
8,1982,0.5611
8,1983,0.5602
8,1984,0.5614
8,1985,0.5637
8,1986,0.5648
8,1987,0.5662
8,1988,0.5681
8,1989,0.5700
8,1990,0.5707
8,1991,0.5710
8,1992,0.5720
8,1993,0.5722
8,1994,0.5699
8,1995,0.5701
8,1996,0.5724
8,1997,0.5734
8,1998,0.5743
8,1999,0.5751
8,2000,0.5749
8,2001,0.5759
8,2002,0.5766
8,2003,0.5791
8,2004,0.5812
8,2005,0.5844
8,2006,0.5857
8,2007,0.5861
8,2008,0.5871
8,2009,0.5876
8,2010,0.5883
8,2011,0.5898
8,2012,0.5907
8,2013,0.5919
8,2014,0.5919
8,2015,0.5915
8,2016,0.5897
8,2017,0.5902
8,2018,0.5910
8,2019,0.5908
8,2020,0.5913
8,2021,0.5921
8,2022,0.5916
8,2023,0.5917
8,2024,0.5932
8,2025,0.5945
8,2026,0.5952
8,2027,0.5961
8,2028,0.5985
8,2029,0.5998
8,2030,0.6005
8,2031,0.6001
8,2032,0.5999
8,2033,0.5983
8,2034,0.5988
8,2035,0.6005
8,2036,0.6009
8,2037,0.6023
8,2038,0.6025
8,2039,0.6009
8,2040,0.6005
8,2041,0.6007
8,2042,0.6010
8,2043,0.6017
8,2044,0.6035
8,2045,0.6027
8,2046,0.6005
8,2047,0.5999
8,2048,0.5976
8,2049,0.5979
8,2050,0.6031
8,2051,0.6034
8,2052,0.6012
8,2053,0.6006
8,2054,0.5977
8,2055,0.5966
8,2056,0.5966
8,2057,0.5997
8,2058,0.6000
8,2059,0.6000
8,2060,0.5998
8,2061,0.5977
8,2062,0.5986
8,2063,0.6019
8,2064,0.6027
8,2065,0.6044
8,2066,0.6048
8,2067,0.6018
8,2068,0.6008
8,2069,0.6004
8,2070,0.6002
8,2071,0.6004
8,2072,0.6011
8,2073,0.6018
8,2074,0.6024
8,2075,0.6037
8,2076,0.6059
8,2077,0.6071
8,2078,0.6089
8,2079,0.6100
8,2080,0.6104
8,2081,0.6103
8,2082,0.6082
8,2083,0.6086
8,2084,0.6102
8,2085,0.6116
8,2086,0.6130
8,2087,0.6176
8,2088,0.6176
8,2089,0.6144
8,2090,0.6138
8,2091,0.6127
8,2092,0.6119
8,2093,0.6127
8,2094,0.6120
8,2095,0.6099
8,2096,0.6083
8,2097,0.6060
8,2098,0.6048
8,2099,0.6036
8,2100,0.6035
8,2101,0.6044
8,2102,0.6059
8,2103,0.6083
8,2104,0.6132
8,2105,0.6138
8,2106,0.6129
8,2107,0.6128
8,2108,0.6095
8,2109,0.6096
8,2110,0.6137
8,2111,0.6139
8,2112,0.6126
8,2113,0.6127
8,2114,0.6121
8,2115,0.6114
8,2116,0.6121
8,2117,0.6112
8,2118,0.6111
8,2119,0.6100
8,2120,0.6099
8,2121,0.6108
8,2122,0.6116
8,2123,0.6125
8,2124,0.6130
8,2125,0.6133
8,2126,0.6142
8,2127,0.6160
8,2128,0.6158
8,2129,0.6139
8,2130,0.6142
8,2131,0.6142
8,2132,0.6141
8,2133,0.6169
8,2134,0.6187
8,2135,0.6189
8,2136,0.6167
8,2137,0.6167
8,2138,0.6170
8,2139,0.6168
8,2140,0.6168
8,2141,0.6167
8,2142,0.6161
8,2143,0.6156
8,2144,0.6156
8,2145,0.6153
8,2146,0.6139
8,2147,0.6137
8,2148,0.6146
8,2149,0.6150
8,2150,0.6165
8,2151,0.6167
8,2152,0.6171
8,2153,0.6176
8,2154,0.6165
8,2155,0.6141
8,2156,0.6131
8,2157,0.6113
8,2158,0.6107
8,2159,0.6126
8,2160,0.6122
8,2161,0.6100
8,2162,0.6089
8,2163,0.6079
8,2164,0.6066
8,2165,0.6051
8,2166,0.6046
8,2167,0.6040
8,2168,0.6037
8,2169,0.6030
8,2170,0.6063
8,2171,0.6074
8,2172,0.6088
8,2173,0.6082
8,2174,0.6068
8,2175,0.6054
8,2176,0.6007
8,2177,0.6014
8,2178,0.6079
8,2179,0.6075
8,2180,0.6045
8,2181,0.6044
8,2182,0.6007
8,2183,0.5996
8,2184,0.6044
8,2185,0.6058
8,2186,0.6039
8,2187,0.6036
8,2188,0.6042
8,2189,0.6043
8,2190,0.6047
8,2191,0.6045
8,2192,0.6037
8,2193,0.6018
8,2194,0.6016
8,2195,0.6017
8,2196,0.6018
8,2197,0.6041
8,2198,0.6039
8,2199,0.6010
8,2200,0.6010
8,2201,0.6019
8,2202,0.6017
8,2203,0.6023
8,2204,0.6028
8,2205,0.6013
8,2206,0.6011
8,2207,0.6035
8,2208,0.6036
8,2209,0.6022
8,2210,0.6013
8,2211,0.5970
8,2212,0.5972
8,2213,0.5977
8,2214,0.6001
8,2215,0.6005
8,2216,0.6021
8,2217,0.6017
8,2218,0.5994
8,2219,0.5978
8,2220,0.5952
8,2221,0.5945
8,2222,0.5949
8,2223,0.5938
8,2224,0.5935
8,2225,0.5920
8,2226,0.5867
8,2227,0.5853
8,2228,0.5849
8,2229,0.5862
8,2230,0.5925
8,2231,0.5955
8,2232,0.5994
8,2233,0.6008
8,2234,0.5981
8,2235,0.5972
8,2236,0.5962
8,2237,0.5935
8,2238,0.5936
8,2239,0.5960
8,2240,0.5964
8,2241,0.5980
8,2242,0.5971
8,2243,0.5947
8,2244,0.5918
8,2245,0.5854
8,2246,0.5840
8,2247,0.5847
8,2248,0.5844
8,2249,0.5875
8,2250,0.5877
8,2251,0.5844
8,2252,0.5837
8,2253,0.5827
8,2254,0.5839
8,2255,0.5904
8,2256,0.5916
8,2257,0.5899
8,2258,0.5899
8,2259,0.5882
8,2260,0.5856
8,2261,0.5837
8,2262,0.5818
8,2263,0.5809
8,2264,0.5783
8,2265,0.5771
8,2266,0.5786
8,2267,0.5793
8,2268,0.5780
8,2269,0.5795
8,2270,0.5853
8,2271,0.5862
8,2272,0.5860
8,2273,0.5842
8,2274,0.5773
8,2275,0.5758
8,2276,0.5763
8,2277,0.5755
8,2278,0.5768
8,2279,0.5768
8,2280,0.5756
8,2281,0.5736
8,2282,0.5705
8,2283,0.5692
8,2284,0.5674
8,2285,0.5662
8,2286,0.5667
8,2287,0.5676
8,2288,0.5689
8,2289,0.5698
8,2290,0.5719
8,2291,0.5731
8,2292,0.5737
8,2293,0.5731
8,2294,0.5718
8,2295,0.5701
8,2296,0.5689
8,2297,0.5670
8,2298,0.5644
8,2299,0.5617
8,2300,0.5602
8,2301,0.5577
8,2302,0.5567
8,2303,0.5576
8,2304,0.5581
8,2305,0.5583
8,2306,0.5596
8,2307,0.5610
8,2308,0.5651
8,2309,0.5734
8,2310,0.5761
8,2311,0.5780
8,2312,0.5794
8,2313,0.5769
8,2314,0.5749
8,2315,0.5758
8,2316,0.5726
8,2317,0.5618
8,2318,0.5578
8,2319,0.5566
8,2320,0.5539
8,2321,0.5518
8,2322,0.5524
8,2323,0.5554
8,2324,0.5553
8,2325,0.5571
8,2326,0.5583
8,2327,0.5553
8,2328,0.5531
8,2329,0.5536
8,2330,0.5526
8,2331,0.5499
8,2332,0.5464
8,2333,0.5424
8,2334,0.5374
8,2335,0.5339
8,2336,0.5291
8,2337,0.5280
8,2338,0.5290
8,2339,0.5320
8,2340,0.5385
8,2341,0.5423
8,2342,0.5481
8,2343,0.5504
8,2344,0.5518
8,2345,0.5474
8,2346,0.5355
8,2347,0.5332
8,2348,0.5291
8,2349,0.5305
8,2350,0.5450
8,2351,0.5474
8,2352,0.5434
8,2353,0.5435
8,2354,0.5407
8,2355,0.5404
8,2356,0.5448
8,2357,0.5448
8,2358,0.5406
8,2359,0.5409
8,2360,0.5416
8,2361,0.5431
8,2362,0.5497
8,2363,0.5524
8,2364,0.5551
8,2365,0.5531
8,2366,0.5418
8,2367,0.5408
8,2368,0.5433
8,2369,0.5433
8,2370,0.5502
8,2371,0.5535
8,2372,0.5476
8,2373,0.5487
8,2374,0.5594
8,2375,0.5620
8,2376,0.5626
8,2377,0.5620
8,2378,0.5540
8,2379,0.5492
8,2380,0.5450
8,2381,0.5425
8,2382,0.5412
8,2383,0.5414
8,2384,0.5466
8,2385,0.5477
8,2386,0.5449
8,2387,0.5458
8,2388,0.5471
8,2389,0.5480
8,2390,0.5520
8,2391,0.5551
8,2392,0.5556
8,2393,0.5569
8,2394,0.5651
8,2395,0.5643
8,2396,0.5528
8,2397,0.5470
8,2398,0.5324
8,2399,0.5276
8,2400,0.5391
9,400,0.0616
9,401,0.0639
9,402,0.0643
9,403,0.0487
9,404,0.0485
9,405,0.0587
9,406,0.0665
9,407,0.0570
9,408,0.0480
9,409,0.0464
9,410,0.0519
9,411,0.0543
9,412,0.0576
9,413,0.0605
9,414,0.0541
9,415,0.0585
9,416,0.0663
9,417,0.0665
9,418,0.0582
9,419,0.0594
9,420,0.0645
9,421,0.0565
9,422,0.0594
9,423,0.0639
9,424,0.0636
9,425,0.0641
9,426,0.0653
9,427,0.0654
9,428,0.0635
9,429,0.0643
9,430,0.0664
9,431,0.0666
9,432,0.0616
9,433,0.0666
9,434,0.0731
9,435,0.0731
9,436,0.0701
9,437,0.0702
9,438,0.0714
9,439,0.0690
9,440,0.0709
9,441,0.0717
9,442,0.0696
9,443,0.0688
9,444,0.0731
9,445,0.0761
9,446,0.0730
9,447,0.0759
9,448,0.0770
9,449,0.0747
9,450,0.0733
9,451,0.0762
9,452,0.0779
9,453,0.0757
9,454,0.0764
9,455,0.0781
9,456,0.0796
9,457,0.0797
9,458,0.0775
9,459,0.0764
9,460,0.0776
9,461,0.0791
9,462,0.0810
9,463,0.0815
9,464,0.0797
9,465,0.0784
9,466,0.0789
9,467,0.0812
9,468,0.0839
9,469,0.0830
9,470,0.0813
9,471,0.0807
9,472,0.0799
9,473,0.0817
9,474,0.0837
9,475,0.0826
9,476,0.0839
9,477,0.0853
9,478,0.0854
9,479,0.0838
9,480,0.0841
9,481,0.0854
9,482,0.0862
9,483,0.0871
9,484,0.0877
9,485,0.0881
9,486,0.0884
9,487,0.0886
9,488,0.0882
9,489,0.0874
9,490,0.0874
9,491,0.0895
9,492,0.0916
9,493,0.0918
9,494,0.0938
9,495,0.0932
9,496,0.0913
9,497,0.0947
9,498,0.0932
9,499,0.0923
9,500,0.0961
9,501,0.0971
9,502,0.0958
9,503,0.0942
9,504,0.0951
9,505,0.0966
9,506,0.0982
9,507,0.0994
9,508,0.1004
9,509,0.0995
9,510,0.0983
9,511,0.0991
9,512,0.1018
9,513,0.1028
9,514,0.1019
9,515,0.1016
9,516,0.1019
9,517,0.1028
9,518,0.1041
9,519,0.1049
9,520,0.1049
9,521,0.1046
9,522,0.1044
9,523,0.1052
9,524,0.1066
9,525,0.1079
9,526,0.1085
9,527,0.1096
9,528,0.1105
9,529,0.1104
9,530,0.1101
9,531,0.1110
9,532,0.1126
9,533,0.1126
9,534,0.1132
9,535,0.1136
9,536,0.1134
9,537,0.1152
9,538,0.1160
9,539,0.1158
9,540,0.1165
9,541,0.1162
9,542,0.1172
9,543,0.1195
9,544,0.1195
9,545,0.1196
9,546,0.1200
9,547,0.1206
9,548,0.1212
9,549,0.1219
9,550,0.1226
9,551,0.1232
9,552,0.1244
9,553,0.1248
9,554,0.1242
9,555,0.1254
9,556,0.1265
9,557,0.1272
9,558,0.1276
9,559,0.1270
9,560,0.1276
9,561,0.1294
9,562,0.1296
9,563,0.1296
9,564,0.1299
9,565,0.1305
9,566,0.1314
9,567,0.1318
9,568,0.1320
9,569,0.1322
9,570,0.1332
9,571,0.1344
9,572,0.1352
9,573,0.1351
9,574,0.1355
9,575,0.1364
9,576,0.1368
9,577,0.1371
9,578,0.1372
9,579,0.1375
9,580,0.1390
9,581,0.1392
9,582,0.1392
9,583,0.1400
9,584,0.1402
9,585,0.1403
9,586,0.1407
9,587,0.1420
9,588,0.1425
9,589,0.1425
9,590,0.1427
9,591,0.1436
9,592,0.1443
9,593,0.1448
9,594,0.1450
9,595,0.1449
9,596,0.1453
9,597,0.1462
9,598,0.1468
9,599,0.1472
9,600,0.1476
9,601,0.1483
9,602,0.1487
9,603,0.1488
9,604,0.1489
9,605,0.1496
9,606,0.1499
9,607,0.1500
9,608,0.1502
9,609,0.1509
9,610,0.1517
9,611,0.1525
9,612,0.1529
9,613,0.1525
9,614,0.1528
9,615,0.1538
9,616,0.1540
9,617,0.1547
9,618,0.1552
9,619,0.1550
9,620,0.1554
9,621,0.1560
9,622,0.1565
9,623,0.1568
9,624,0.1576
9,625,0.1580
9,626,0.1580
9,627,0.1587
9,628,0.1595
9,629,0.1600
9,630,0.1602
9,631,0.1603
9,632,0.1606
9,633,0.1611
9,634,0.1620
9,635,0.1630
9,636,0.1629
9,637,0.1622
9,638,0.1635
9,639,0.1635
9,640,0.1635
9,641,0.1652
9,642,0.1651
9,643,0.1657
9,644,0.1669
9,645,0.1663
9,646,0.1667
9,647,0.1678
9,648,0.1687
9,649,0.1685
9,650,0.1686
9,651,0.1692
9,652,0.1700
9,653,0.1706
9,654,0.1709
9,655,0.1712
9,656,0.1713
9,657,0.1718
9,658,0.1724
9,659,0.1727
9,660,0.1739
9,661,0.1747
9,662,0.1747
9,663,0.1743
9,664,0.1747
9,665,0.1753
9,666,0.1762
9,667,0.1777
9,668,0.1777
9,669,0.1775
9,670,0.1786
9,671,0.1789
9,672,0.1792
9,673,0.1799
9,674,0.1807
9,675,0.1816
9,676,0.1819
9,677,0.1816
9,678,0.1819
9,679,0.1825
9,680,0.1835
9,681,0.1847
9,682,0.1853
9,683,0.1857
9,684,0.1861
9,685,0.1861
9,686,0.1864
9,687,0.1868
9,688,0.1875
9,689,0.1893
9,690,0.1895
9,691,0.1890
9,692,0.1896
9,693,0.1897
9,694,0.1904
9,695,0.1914
9,696,0.1920
9,697,0.1926
9,698,0.1929
9,699,0.1930
9,700,0.1934
9,701,0.1942
9,702,0.1949
9,703,0.1955
9,704,0.1959
9,705,0.1966
9,706,0.1974
9,707,0.1976
9,708,0.1980
9,709,0.1988
9,710,0.1996
9,711,0.1998
9,712,0.2005
9,713,0.2013
9,714,0.2013
9,715,0.2017
9,716,0.2020
9,717,0.2024
9,718,0.2034
9,719,0.2042
9,720,0.2047
9,721,0.2051
9,722,0.2056
9,723,0.2062
9,724,0.2068
9,725,0.2071
9,726,0.2077
9,727,0.2083
9,728,0.2089
9,729,0.2095
9,730,0.2099
9,731,0.2104
9,732,0.2109
9,733,0.2109
9,734,0.2116
9,735,0.2126
9,736,0.2129
9,737,0.2139
9,738,0.2145
9,739,0.2147
9,740,0.2150
9,741,0.2157
9,742,0.2160
9,743,0.2162
9,744,0.2175
9,745,0.2183
9,746,0.2185
9,747,0.2185
9,748,0.2191
9,749,0.2197
9,750,0.2202
9,751,0.2207
9,752,0.2213
9,753,0.2223
9,754,0.2232
9,755,0.2228
9,756,0.2230
9,757,0.2237
9,758,0.2245
9,759,0.2252
9,760,0.2258
9,761,0.2262
9,762,0.2263
9,763,0.2269
9,764,0.2275
9,765,0.2281
9,766,0.2292
9,767,0.2296
9,768,0.2299
9,769,0.2302
9,770,0.2304
9,771,0.2308
9,772,0.2315
9,773,0.2325
9,774,0.2328
9,775,0.2331
9,776,0.2338
9,777,0.2343
9,778,0.2345
9,779,0.2348
9,780,0.2355
9,781,0.2365
9,782,0.2362
9,783,0.2364
9,784,0.2377
9,785,0.2381
9,786,0.2384
9,787,0.2390
9,788,0.2397
9,789,0.2403
9,790,0.2408
9,791,0.2412
9,792,0.2412
9,793,0.2415
9,794,0.2418
9,795,0.2422
9,796,0.2433
9,797,0.2438
9,798,0.2442
9,799,0.2447
9,800,0.2450
9,801,0.2451
9,802,0.2456
9,803,0.2467
9,804,0.2467
9,805,0.2468
9,806,0.2475
9,807,0.2486
9,808,0.2490
9,809,0.2494
9,810,0.2499
9,811,0.2503
9,812,0.2511
9,813,0.2520
9,814,0.2526
9,815,0.2523
9,816,0.2523
9,817,0.2525
9,818,0.2531
9,819,0.2544
9,820,0.2547
9,821,0.2546
9,822,0.2553
9,823,0.2555
9,824,0.2560
9,825,0.2566
9,826,0.2568
9,827,0.2570
9,828,0.2575
9,829,0.2581
9,830,0.2583
9,831,0.2590
9,832,0.2597
9,833,0.2599
9,834,0.2601
9,835,0.2607
9,836,0.2611
9,837,0.2611
9,838,0.2622
9,839,0.2625
9,840,0.2625
9,841,0.2631
9,842,0.2645
9,843,0.2656
9,844,0.2661
9,845,0.2657
9,846,0.2650
9,847,0.2659
9,848,0.2675
9,849,0.2668
9,850,0.2663
9,851,0.2669
9,852,0.2682
9,853,0.2692
9,854,0.2697
9,855,0.2700
9,856,0.2704
9,857,0.2708
9,858,0.2708
9,859,0.2711
9,860,0.2720
9,861,0.2717
9,862,0.2727
9,863,0.2739
9,864,0.2739
9,865,0.2749
9,866,0.2746
9,867,0.2741
9,868,0.2754
9,869,0.2757
9,870,0.2757
9,871,0.2762
9,872,0.2774
9,873,0.2780
9,874,0.2780
9,875,0.2779
9,876,0.2786
9,877,0.2791
9,878,0.2793
9,879,0.2795
9,880,0.2805
9,881,0.2809
9,882,0.2818
9,883,0.2831
9,884,0.2828
9,885,0.2828
9,886,0.2827
9,887,0.2824
9,888,0.2828
9,889,0.2836
9,890,0.2848
9,891,0.2861
9,892,0.2857
9,893,0.2859
9,894,0.2865
9,895,0.2868
9,896,0.2876
9,897,0.2881
9,898,0.2885
9,899,0.2889
9,900,0.2888
9,901,0.2892
9,902,0.2903
9,903,0.2911
9,904,0.2900
9,905,0.2907
9,906,0.2926
9,907,0.2925
9,908,0.2926
9,909,0.2930
9,910,0.2934
9,911,0.2938
9,912,0.2937
9,913,0.2940
9,914,0.2950
9,915,0.2957
9,916,0.2949
9,917,0.2960
9,918,0.2984
9,919,0.2980
9,920,0.2976
9,921,0.2978
9,922,0.2984
9,923,0.2989
9,924,0.2993
9,925,0.3005
9,926,0.3013
9,927,0.2991
9,928,0.2994
9,929,0.3012
9,930,0.3025
9,931,0.3022
9,932,0.3032
9,933,0.3037
9,934,0.3032
9,935,0.3044
9,936,0.3043
9,937,0.3048
9,938,0.3061
9,939,0.3061
9,940,0.3066
9,941,0.3080
9,942,0.3093
9,943,0.3090
9,944,0.3094
9,945,0.3093
9,946,0.3086
9,947,0.3093
9,948,0.3104
9,949,0.3107
9,950,0.3111
9,951,0.3140
9,952,0.3130
9,953,0.3118
9,954,0.3129
9,955,0.3152
9,956,0.3133
9,957,0.3126
9,958,0.3149
9,959,0.3170
9,960,0.3171
9,961,0.3179
9,962,0.3190
9,963,0.3168
9,964,0.3165
9,965,0.3158
9,966,0.3155
9,967,0.3186
9,968,0.3189
9,969,0.3179
9,970,0.3181
9,971,0.3208
9,972,0.3214
9,973,0.3220
9,974,0.3223
9,975,0.3210
9,976,0.3194
9,977,0.3207
9,978,0.3228
9,979,0.3226
9,980,0.3236
9,981,0.3259
9,982,0.3274
9,983,0.3261
9,984,0.3256
9,985,0.3265
9,986,0.3276
9,987,0.3278
9,988,0.3284
9,989,0.3271
9,990,0.3283
9,991,0.3328
9,992,0.3310
9,993,0.3269
9,994,0.3275
9,995,0.3320
9,996,0.3283
9,997,0.3298
9,998,0.3332
9,999,0.3333
9,1000,0.3283
9,1001,0.3280
9,1002,0.3291
9,1003,0.3277
9,1004,0.3287
9,1005,0.3280
9,1006,0.3250
9,1007,0.3253
9,1008,0.3265
9,1009,0.3272
9,1010,0.3281
9,1011,0.3307
9,1012,0.3314
9,1013,0.3284
9,1014,0.3278
9,1015,0.3291
9,1016,0.3292
9,1017,0.3326
9,1018,0.3355
9,1019,0.3343
9,1020,0.3340
9,1021,0.3356
9,1022,0.3364
9,1023,0.3368
9,1024,0.3389
9,1025,0.3393
9,1026,0.3375
9,1027,0.3364
9,1028,0.3372
9,1029,0.3369
9,1030,0.3371
9,1031,0.3390
9,1032,0.3397
9,1033,0.3394
9,1034,0.3397
9,1035,0.3387
9,1036,0.3372
9,1037,0.3382
9,1038,0.3389
9,1039,0.3401
9,1040,0.3398
9,1041,0.3401
9,1042,0.3396
9,1043,0.3384
9,1044,0.3393
9,1045,0.3408
9,1046,0.3407
9,1047,0.3409
9,1048,0.3409
9,1049,0.3401
9,1050,0.3402
9,1051,0.3407
9,1052,0.3412
9,1053,0.3417
9,1054,0.3429
9,1055,0.3437
9,1056,0.3446
9,1057,0.3460
9,1058,0.3466
9,1059,0.3471
9,1060,0.3465
9,1061,0.3448
9,1062,0.3436
9,1063,0.3426
9,1064,0.3452
9,1065,0.3490
9,1066,0.3494
9,1067,0.3499
9,1068,0.3507
9,1069,0.3489
9,1070,0.3456
9,1071,0.3465
9,1072,0.3479
9,1073,0.3490
9,1074,0.3499
9,1075,0.3491
9,1076,0.3487
9,1077,0.3495
9,1078,0.3511
9,1079,0.3532
9,1080,0.3542
9,1081,0.3528
9,1082,0.3522
9,1083,0.3513
9,1084,0.3510
9,1085,0.3508
9,1086,0.3511
9,1087,0.3518
9,1088,0.3512
9,1089,0.3516
9,1090,0.3527
9,1091,0.3543
9,1092,0.3557
9,1093,0.3562
9,1094,0.3566
9,1095,0.3563
9,1096,0.3561
9,1097,0.3560
9,1098,0.3558
9,1099,0.3559
9,1100,0.3558
9,1101,0.3571
9,1102,0.3591
9,1103,0.3609
9,1104,0.3620
9,1105,0.3613
9,1106,0.3596
9,1107,0.3587
9,1108,0.3593
9,1109,0.3604
9,1110,0.3608
9,1111,0.3610
9,1112,0.3616
9,1113,0.3618
9,1114,0.3622
9,1115,0.3631
9,1116,0.3635
9,1117,0.3636
9,1118,0.3631
9,1119,0.3626
9,1120,0.3632
9,1121,0.3628
9,1122,0.3622
9,1123,0.3630
9,1124,0.3632
9,1125,0.3630
9,1126,0.3644
9,1127,0.3650
9,1128,0.3651
9,1129,0.3651
9,1130,0.3654
9,1131,0.3655
9,1132,0.3652
9,1133,0.3654
9,1134,0.3660
9,1135,0.3660
9,1136,0.3666
9,1137,0.3673
9,1138,0.3675
9,1139,0.3680
9,1140,0.3682
9,1141,0.3679
9,1142,0.3683
9,1143,0.3696
9,1144,0.3700
9,1145,0.3703
9,1146,0.3705
9,1147,0.3699
9,1148,0.3703
9,1149,0.3713
9,1150,0.3716
9,1151,0.3718
9,1152,0.3720
9,1153,0.3719
9,1154,0.3725
9,1155,0.3729
9,1156,0.3728
9,1157,0.3730
9,1158,0.3733
9,1159,0.3737
9,1160,0.3748
9,1161,0.3754
9,1162,0.3758
9,1163,0.3757
9,1164,0.3752
9,1165,0.3754
9,1166,0.3756
9,1167,0.3758
9,1168,0.3770
9,1169,0.3773
9,1170,0.3764
9,1171,0.3763
9,1172,0.3763
9,1173,0.3761
9,1174,0.3766
9,1175,0.3770
9,1176,0.3776
9,1177,0.3784
9,1178,0.3785
9,1179,0.3783
9,1180,0.3784
9,1181,0.3779
9,1182,0.3781
9,1183,0.3792
9,1184,0.3796
9,1185,0.3799
9,1186,0.3801
9,1187,0.3799
9,1188,0.3799
9,1189,0.3801
9,1190,0.3801
9,1191,0.3802
9,1192,0.3812
9,1193,0.3818
9,1194,0.3827
9,1195,0.3831
9,1196,0.3830
9,1197,0.3830
9,1198,0.3828
9,1199,0.3827
9,1200,0.3822
9,1201,0.3823
9,1202,0.3826
9,1203,0.3829
9,1204,0.3833
9,1205,0.3845
9,1206,0.3847
9,1207,0.3852
9,1208,0.3853
9,1209,0.3850
9,1210,0.3854
9,1211,0.3861
9,1212,0.3863
9,1213,0.3864
9,1214,0.3868
9,1215,0.3867
9,1216,0.3872
9,1217,0.3889
9,1218,0.3897
9,1219,0.3906
9,1220,0.3908
9,1221,0.3899
9,1222,0.3898
9,1223,0.3896
9,1224,0.3896
9,1225,0.3902
9,1226,0.3912
9,1227,0.3915
9,1228,0.3915
9,1229,0.3917
9,1230,0.3916
9,1231,0.3918
9,1232,0.3924
9,1233,0.3926
9,1234,0.3928
9,1235,0.3928
9,1236,0.3924
9,1237,0.3924
9,1238,0.3923
9,1239,0.3926
9,1240,0.3932
9,1241,0.3936
9,1242,0.3938
9,1243,0.3945
9,1244,0.3939
9,1245,0.3940
9,1246,0.3945
9,1247,0.3940
9,1248,0.3939
9,1249,0.3942
9,1250,0.3943
9,1251,0.3939
9,1252,0.3942
9,1253,0.3952
9,1254,0.3955
9,1255,0.3958
9,1256,0.3961
9,1257,0.3965
9,1258,0.3967
9,1259,0.3968
9,1260,0.3972
9,1261,0.3981
9,1262,0.3982
9,1263,0.3981
9,1264,0.3985
9,1265,0.3983
9,1266,0.3977
9,1267,0.3981
9,1268,0.3996
9,1269,0.3998
9,1270,0.3996
9,1271,0.4001
9,1272,0.4008
9,1273,0.4010
9,1274,0.4019
9,1275,0.4022
9,1276,0.4017
9,1277,0.4015
9,1278,0.4015
9,1279,0.4014
9,1280,0.4008
9,1281,0.4006
9,1282,0.4007
9,1283,0.4008
9,1284,0.4010
9,1285,0.4013
9,1286,0.4017
9,1287,0.4017
9,1288,0.4015
9,1289,0.4010
9,1290,0.4010
9,1291,0.4007
9,1292,0.4013
9,1293,0.4032
9,1294,0.4035
9,1295,0.4038
9,1296,0.4037
9,1297,0.4017
9,1298,0.4015
9,1299,0.4022
9,1300,0.4025
9,1301,0.4035
9,1302,0.4044
9,1303,0.4056
9,1304,0.4062
9,1305,0.4069
9,1306,0.4074
9,1307,0.4075
9,1308,0.4068
9,1309,0.4067
9,1310,0.4068
9,1311,0.4069
9,1312,0.4072
9,1313,0.4069
9,1314,0.4063
9,1315,0.4063
9,1316,0.4063
9,1317,0.4063
9,1318,0.4070
9,1319,0.4074
9,1320,0.4073
9,1321,0.4074
9,1322,0.4077
9,1323,0.4079
9,1324,0.4081
9,1325,0.4081
9,1326,0.4076
9,1327,0.4075
9,1328,0.4072
9,1329,0.4074
9,1330,0.4086
9,1331,0.4091
9,1332,0.4095
9,1333,0.4098
9,1334,0.4098
9,1335,0.4093
9,1336,0.4095
9,1337,0.4101
9,1338,0.4104
9,1339,0.4109
9,1340,0.4108
9,1341,0.4095
9,1342,0.4096
9,1343,0.4102
9,1344,0.4105
9,1345,0.4120
9,1346,0.4122
9,1347,0.4114
9,1348,0.4111
9,1349,0.4102
9,1350,0.4101
9,1351,0.4105
9,1352,0.4111
9,1353,0.4127
9,1354,0.4134
9,1355,0.4136
9,1356,0.4137
9,1357,0.4136
9,1358,0.4125
9,1359,0.4127
9,1360,0.4135
9,1361,0.4139
9,1362,0.4147
9,1363,0.4149
9,1364,0.4149
9,1365,0.4146
9,1366,0.4139
9,1367,0.4137
9,1368,0.4133
9,1369,0.4131
9,1370,0.4136
9,1371,0.4135
9,1372,0.4130
9,1373,0.4128
9,1374,0.4122
9,1375,0.4122
9,1376,0.4128
9,1377,0.4128
9,1378,0.4124
9,1379,0.4124
9,1380,0.4124
9,1381,0.4122
9,1382,0.4122
9,1383,0.4123
9,1384,0.4123
9,1385,0.4121
9,1386,0.4117
9,1387,0.4114
9,1388,0.4112
9,1389,0.4106
9,1390,0.4102
9,1391,0.4102
9,1392,0.4099
9,1393,0.4089
9,1394,0.4087
9,1395,0.4088
9,1396,0.4086
9,1397,0.4085
9,1398,0.4083
9,1399,0.4079
9,1400,0.4075
9,1401,0.4070
9,1402,0.4067
9,1403,0.4065
9,1404,0.4063
9,1405,0.4068
9,1406,0.4064
9,1407,0.4052
9,1408,0.4047
9,1409,0.4041
9,1410,0.4035
9,1411,0.4030
9,1412,0.4028
9,1413,0.4026
9,1414,0.4025
9,1415,0.4026
9,1416,0.4031
9,1417,0.4037
9,1418,0.4046
9,1419,0.4051
9,1420,0.4058
9,1421,0.4064
9,1422,0.4065
9,1423,0.4070
9,1424,0.4080
9,1425,0.4083
9,1426,0.4078
9,1427,0.4083
9,1428,0.4089
9,1429,0.4094
9,1430,0.4107
9,1431,0.4112
9,1432,0.4110
9,1433,0.4111
9,1434,0.4110
9,1435,0.4112
9,1436,0.4118
9,1437,0.4122
9,1438,0.4127
9,1439,0.4131
9,1440,0.4132
9,1441,0.4136
9,1442,0.4140
9,1443,0.4144
9,1444,0.4149
9,1445,0.4153
9,1446,0.4157
9,1447,0.4160
9,1448,0.4163
9,1449,0.4165
9,1450,0.4166
9,1451,0.4167
9,1452,0.4168
9,1453,0.4168
9,1454,0.4170
9,1455,0.4175
9,1456,0.4177
9,1457,0.4180
9,1458,0.4181
9,1459,0.4180
9,1460,0.4179
9,1461,0.4179
9,1462,0.4179
9,1463,0.4178
9,1464,0.4178
9,1465,0.4178
9,1466,0.4180
9,1467,0.4184
9,1468,0.4187
9,1469,0.4193
9,1470,0.4196
9,1471,0.4199
9,1472,0.4201
9,1473,0.4202
9,1474,0.4204
9,1475,0.4208
9,1476,0.4210
9,1477,0.4212
9,1478,0.4216
9,1479,0.4222
9,1480,0.4225
9,1481,0.4229
9,1482,0.4229
9,1483,0.4221
9,1484,0.4218
9,1485,0.4217
9,1486,0.4217
9,1487,0.4220
9,1488,0.4224
9,1489,0.4229
9,1490,0.4236
9,1491,0.4238
9,1492,0.4240
9,1493,0.4241
9,1494,0.4239
9,1495,0.4238
9,1496,0.4236
9,1497,0.4238
9,1498,0.4238
9,1499,0.4242
9,1500,0.4255
9,1501,0.4258
9,1502,0.4255
9,1503,0.4257
9,1504,0.4257
9,1505,0.4258
9,1506,0.4263
9,1507,0.4265
9,1508,0.4262
9,1509,0.4263
9,1510,0.4265
9,1511,0.4266
9,1512,0.4270
9,1513,0.4270
9,1514,0.4269
9,1515,0.4268
9,1516,0.4265
9,1517,0.4266
9,1518,0.4271
9,1519,0.4272
9,1520,0.4268
9,1521,0.4272
9,1522,0.4278
9,1523,0.4281
9,1524,0.4288
9,1525,0.4293
9,1526,0.4294
9,1527,0.4295
9,1528,0.4302
9,1529,0.4303
9,1530,0.4296
9,1531,0.4295
9,1532,0.4294
9,1533,0.4295
9,1534,0.4302
9,1535,0.4305
9,1536,0.4305
9,1537,0.4305
9,1538,0.4300
9,1539,0.4300
9,1540,0.4301
9,1541,0.4303
9,1542,0.4312
9,1543,0.4316
9,1544,0.4311
9,1545,0.4312
9,1546,0.4311
9,1547,0.4305
9,1548,0.4305
9,1549,0.4312
9,1550,0.4314
9,1551,0.4316
9,1552,0.4318
9,1553,0.4319
9,1554,0.4319
9,1555,0.4319
9,1556,0.4320
9,1557,0.4321
9,1558,0.4322
9,1559,0.4326
9,1560,0.4329
9,1561,0.4334
9,1562,0.4334
9,1563,0.4329
9,1564,0.4331
9,1565,0.4332
9,1566,0.4333
9,1567,0.4337
9,1568,0.4339
9,1569,0.4334
9,1570,0.4333
9,1571,0.4330
9,1572,0.4334
9,1573,0.4342
9,1574,0.4346
9,1575,0.4360
9,1576,0.4362
9,1577,0.4351
9,1578,0.4350
9,1579,0.4352
9,1580,0.4352
9,1581,0.4359
9,1582,0.4359
9,1583,0.4350
9,1584,0.4349
9,1585,0.4351
9,1586,0.4350
9,1587,0.4350
9,1588,0.4352
9,1589,0.4354
9,1590,0.4355
9,1591,0.4360
9,1592,0.4363
9,1593,0.4363
9,1594,0.4365
9,1595,0.4364
9,1596,0.4367
9,1597,0.4377
9,1598,0.4379
9,1599,0.4380
9,1600,0.4382
9,1601,0.4378
9,1602,0.4376
9,1603,0.4378
9,1604,0.4378
9,1605,0.4371
9,1606,0.4372
9,1607,0.4380
9,1608,0.4384
9,1609,0.4392
9,1610,0.4395
9,1611,0.4391
9,1612,0.4390
9,1613,0.4384
9,1614,0.4385
9,1615,0.4395
9,1616,0.4397
9,1617,0.4400
9,1618,0.4399
9,1619,0.4386
9,1620,0.4384
9,1621,0.4388
9,1622,0.4392
9,1623,0.4408
9,1624,0.4413
9,1625,0.4411
9,1626,0.4412
9,1627,0.4406
9,1628,0.4406
9,1629,0.4412
9,1630,0.4416
9,1631,0.4420
9,1632,0.4422
9,1633,0.4423
9,1634,0.4421
9,1635,0.4407
9,1636,0.4405
9,1637,0.4408
9,1638,0.4409
9,1639,0.4419
9,1640,0.4423
9,1641,0.4417
9,1642,0.4415
9,1643,0.4415
9,1644,0.4417
9,1645,0.4427
9,1646,0.4427
9,1647,0.4421
9,1648,0.4417
9,1649,0.4403
9,1650,0.4401
9,1651,0.4414
9,1652,0.4419
9,1653,0.4429
9,1654,0.4431
9,1655,0.4422
9,1656,0.4421
9,1657,0.4421
9,1658,0.4422
9,1659,0.4426
9,1660,0.4429
9,1661,0.4430
9,1662,0.4433
9,1663,0.4440
9,1664,0.4443
9,1665,0.4442
9,1666,0.4441
9,1667,0.4434
9,1668,0.4431
9,1669,0.4432
9,1670,0.4431
9,1671,0.4434
9,1672,0.4435
9,1673,0.4431
9,1674,0.4431
9,1675,0.4433
9,1676,0.4435
9,1677,0.4440
9,1678,0.4445
9,1679,0.4454
9,1680,0.4458
9,1681,0.4459
9,1682,0.4459
9,1683,0.4452
9,1684,0.4451
9,1685,0.4453
9,1686,0.4454
9,1687,0.4459
9,1688,0.4463
9,1689,0.4469
9,1690,0.4468
9,1691,0.4459
9,1692,0.4458
9,1693,0.4456
9,1694,0.4455
9,1695,0.4462
9,1696,0.4462
9,1697,0.4455
9,1698,0.4453
9,1699,0.4453
9,1700,0.4455
9,1701,0.4462
9,1702,0.4466
9,1703,0.4475
9,1704,0.4476
9,1705,0.4471
9,1706,0.4472
9,1707,0.4470
9,1708,0.4474
9,1709,0.4485
9,1710,0.4488
9,1711,0.4490
9,1712,0.4487
9,1713,0.4476
9,1714,0.4473
9,1715,0.4468
9,1716,0.4470
9,1717,0.4477
9,1718,0.4481
9,1719,0.4491
9,1720,0.4488
9,1721,0.4478
9,1722,0.4479
9,1723,0.4474
9,1724,0.4481
9,1725,0.4502
9,1726,0.4505
9,1727,0.4502
9,1728,0.4495
9,1729,0.4488
9,1730,0.4490
9,1731,0.4491
9,1732,0.4495
9,1733,0.4495
9,1734,0.4488
9,1735,0.4480
9,1736,0.4477
9,1737,0.4482
9,1738,0.4488
9,1739,0.4493
9,1740,0.4500
9,1741,0.4495
9,1742,0.4490
9,1743,0.4492
9,1744,0.4487
9,1745,0.4479
9,1746,0.4477
9,1747,0.4479
9,1748,0.4489
9,1749,0.4496
9,1750,0.4495
9,1751,0.4495
9,1752,0.4480
9,1753,0.4479
9,1754,0.4489
9,1755,0.4492
9,1756,0.4501
9,1757,0.4503
9,1758,0.4497
9,1759,0.4496
9,1760,0.4492
9,1761,0.4492
9,1762,0.4500
9,1763,0.4497
9,1764,0.4488
9,1765,0.4488
9,1766,0.4488
9,1767,0.4486
9,1768,0.4486
9,1769,0.4479
9,1770,0.4488
9,1771,0.4499
9,1772,0.4503
9,1773,0.4507
9,1774,0.4503
9,1775,0.4507
9,1776,0.4521
9,1777,0.4526
9,1778,0.4529
9,1779,0.4519
9,1780,0.4499
9,1781,0.4495
9,1782,0.4492
9,1783,0.4501
9,1784,0.4519
9,1785,0.4523
9,1786,0.4527
9,1787,0.4525
9,1788,0.4523
9,1789,0.4531
9,1790,0.4535
9,1791,0.4536
9,1792,0.4530
9,1793,0.4518
9,1794,0.4513
9,1795,0.4518
9,1796,0.4527
9,1797,0.4543
9,1798,0.4551
9,1799,0.4553
9,1800,0.4555
9,1801,0.4553
9,1802,0.4547
9,1803,0.4535
9,1804,0.4527
9,1805,0.4511
9,1806,0.4506
9,1807,0.4506
9,1808,0.4510
9,1809,0.4539
9,1810,0.4559
9,1811,0.4569
9,1812,0.4576
9,1813,0.4565
9,1814,0.4557
9,1815,0.4560
9,1816,0.4566
9,1817,0.4576
9,1818,0.4577
9,1819,0.4571
9,1820,0.4562
9,1821,0.4550
9,1822,0.4555
9,1823,0.4568
9,1824,0.4567
9,1825,0.4567
9,1826,0.4567
9,1827,0.4556
9,1828,0.4558
9,1829,0.4570
9,1830,0.4569
9,1831,0.4568
9,1832,0.4575
9,1833,0.4552
9,1834,0.4547
9,1835,0.4536
9,1836,0.4538
9,1837,0.4546
9,1838,0.4547
9,1839,0.4535
9,1840,0.4535
9,1841,0.4547
9,1842,0.4553
9,1843,0.4549
9,1844,0.4547
9,1845,0.4529
9,1846,0.4511
9,1847,0.4519
9,1848,0.4534
9,1849,0.4540
9,1850,0.4531
9,1851,0.4525
9,1852,0.4522
9,1853,0.4508
9,1854,0.4507
9,1855,0.4517
9,1856,0.4533
9,1857,0.4526
9,1858,0.4527
9,1859,0.4545
9,1860,0.4546
9,1861,0.4551
9,1862,0.4572
9,1863,0.4585
9,1864,0.4590
9,1865,0.4594
9,1866,0.4598
9,1867,0.4602
9,1868,0.4606
9,1869,0.4588
9,1870,0.4575
9,1871,0.4567
9,1872,0.4549
9,1873,0.4516
9,1874,0.4507
9,1875,0.4504
9,1876,0.4498
9,1877,0.4517
9,1878,0.4531
9,1879,0.4531
9,1880,0.4526
9,1881,0.4515
9,1882,0.4502
9,1883,0.4488
9,1884,0.4471
9,1885,0.4463
9,1886,0.4467
9,1887,0.4452
9,1888,0.4437
9,1889,0.4420
9,1890,0.4391
9,1891,0.4369
9,1892,0.4359
9,1893,0.4369
9,1894,0.4359
9,1895,0.4345
9,1896,0.4331
9,1897,0.4305
9,1898,0.4282
9,1899,0.4267
9,1900,0.4262
9,1901,0.4268
9,1902,0.4263
9,1903,0.4251
9,1904,0.4231
9,1905,0.4222
9,1906,0.4207
9,1907,0.4191
9,1908,0.4181
9,1909,0.4183
9,1910,0.4157
9,1911,0.4139
9,1912,0.4133
9,1913,0.4130
9,1914,0.4133
9,1915,0.4161
9,1916,0.4165
9,1917,0.4162
9,1918,0.4158
9,1919,0.4143
9,1920,0.4128
9,1921,0.4124
9,1922,0.4125
9,1923,0.4125
9,1924,0.4127
9,1925,0.4128
9,1926,0.4122
9,1927,0.4126
9,1928,0.4139
9,1929,0.4144
9,1930,0.4147
9,1931,0.4160
9,1932,0.4161
9,1933,0.4167
9,1934,0.4174
9,1935,0.4184
9,1936,0.4197
9,1937,0.4217
9,1938,0.4219
9,1939,0.4218
9,1940,0.4217
9,1941,0.4187
9,1942,0.4183
9,1943,0.4212
9,1944,0.4213
9,1945,0.4215
9,1946,0.4220
9,1947,0.4228
9,1948,0.4233
9,1949,0.4233
9,1950,0.4240
9,1951,0.4241
9,1952,0.4222
9,1953,0.4216
9,1954,0.4220
9,1955,0.4219
9,1956,0.4225
9,1957,0.4236
9,1958,0.4245
9,1959,0.4262
9,1960,0.4269
9,1961,0.4264
9,1962,0.4272
9,1963,0.4283
9,1964,0.4292
9,1965,0.4302
9,1966,0.4324
9,1967,0.4331
9,1968,0.4332
9,1969,0.4332
9,1970,0.4324
9,1971,0.4324
9,1972,0.4325
9,1973,0.4324
9,1974,0.4325
9,1975,0.4326
9,1976,0.4319
9,1977,0.4321
9,1978,0.4332
9,1979,0.4344
9,1980,0.4348
9,1981,0.4350
9,1982,0.4355
9,1983,0.4355
9,1984,0.4357
9,1985,0.4370
9,1986,0.4373
9,1987,0.4364
9,1988,0.4364
9,1989,0.4365
9,1990,0.4368
9,1991,0.4373
9,1992,0.4386
9,1993,0.4391
9,1994,0.4393
9,1995,0.4399
9,1996,0.4407
9,1997,0.4409
9,1998,0.4414
9,1999,0.4412
9,2000,0.4389
9,2001,0.4388
9,2002,0.4405
9,2003,0.4406
9,2004,0.4423
9,2005,0.4465
9,2006,0.4476
9,2007,0.4480
9,2008,0.4479
9,2009,0.4452
9,2010,0.4448
9,2011,0.4459
9,2012,0.4458
9,2013,0.4463
9,2014,0.4463
9,2015,0.4466
9,2016,0.4441
9,2017,0.4438
9,2018,0.4441
9,2019,0.4442
9,2020,0.4453
9,2021,0.4446
9,2022,0.4416
9,2023,0.4417
9,2024,0.4432
9,2025,0.4435
9,2026,0.4456
9,2027,0.4471
9,2028,0.4469
9,2029,0.4469
9,2030,0.4471
9,2031,0.4484
9,2032,0.4482
9,2033,0.4463
9,2034,0.4461
9,2035,0.4469
9,2036,0.4465
9,2037,0.4456
9,2038,0.4455
9,2039,0.4458
9,2040,0.4453
9,2041,0.4448
9,2042,0.4448
9,2043,0.4446
9,2044,0.4427
9,2045,0.4435
9,2046,0.4463
9,2047,0.4482
9,2048,0.4517
9,2049,0.4528
9,2050,0.4535
9,2051,0.4528
9,2052,0.4495
9,2053,0.4474
9,2054,0.4430
9,2055,0.4418
9,2056,0.4422
9,2057,0.4450
9,2058,0.4448
9,2059,0.4455
9,2060,0.4457
9,2061,0.4436
9,2062,0.4428
9,2063,0.4436
9,2064,0.4436
9,2065,0.4430
9,2066,0.4424
9,2067,0.4422
9,2068,0.4420
9,2069,0.4411
9,2070,0.4407
9,2071,0.4407
9,2072,0.4410
9,2073,0.4419
9,2074,0.4433
9,2075,0.4445
9,2076,0.4474
9,2077,0.4474
9,2078,0.4450
9,2079,0.4445
9,2080,0.4429
9,2081,0.4422
9,2082,0.4434
9,2083,0.4438
9,2084,0.4440
9,2085,0.4438
9,2086,0.4438
9,2087,0.4440
9,2088,0.4445
9,2089,0.4453
9,2090,0.4459
9,2091,0.4472
9,2092,0.4472
9,2093,0.4456
9,2094,0.4457
9,2095,0.4469
9,2096,0.4469
9,2097,0.4476
9,2098,0.4478
9,2099,0.4472
9,2100,0.4458
9,2101,0.4439
9,2102,0.4418
9,2103,0.4403
9,2104,0.4373
9,2105,0.4369
9,2106,0.4397
9,2107,0.4392
9,2108,0.4374
9,2109,0.4374
9,2110,0.4364
9,2111,0.4362
9,2112,0.4391
9,2113,0.4399
9,2114,0.4386
9,2115,0.4387
9,2116,0.4387
9,2117,0.4395
9,2118,0.4402
9,2119,0.4422
9,2120,0.4421
9,2121,0.4402
9,2122,0.4407
9,2123,0.4418
9,2124,0.4424
9,2125,0.4447
9,2126,0.4454
9,2127,0.4443
9,2128,0.4442
9,2129,0.4441
9,2130,0.4446
9,2131,0.4462
9,2132,0.4470
9,2133,0.4480
9,2134,0.4496
9,2135,0.4495
9,2136,0.4478
9,2137,0.4477
9,2138,0.4475
9,2139,0.4475
9,2140,0.4490
9,2141,0.4487
9,2142,0.4464
9,2143,0.4462
9,2144,0.4464
9,2145,0.4468
9,2146,0.4499
9,2147,0.4500
9,2148,0.4480
9,2149,0.4463
9,2150,0.4421
9,2151,0.4395
9,2152,0.4382
9,2153,0.4383
9,2154,0.4373
9,2155,0.4375
9,2156,0.4365
9,2157,0.4333
9,2158,0.4331
9,2159,0.4356
9,2160,0.4352
9,2161,0.4348
9,2162,0.4342
9,2163,0.4304
9,2164,0.4298
9,2165,0.4321
9,2166,0.4333
9,2167,0.4354
9,2168,0.4367
9,2169,0.4376
9,2170,0.4382
9,2171,0.4381
9,2172,0.4376
9,2173,0.4364
9,2174,0.4332
9,2175,0.4327
9,2176,0.4327
9,2177,0.4328
9,2178,0.4356
9,2179,0.4355
9,2180,0.4329
9,2181,0.4324
9,2182,0.4333
9,2183,0.4320
9,2184,0.4307
9,2185,0.4287
9,2186,0.4221
9,2187,0.4197
9,2188,0.4206
9,2189,0.4205
9,2190,0.4228
9,2191,0.4228
9,2192,0.4223
9,2193,0.4196
9,2194,0.4195
9,2195,0.4202
9,2196,0.4199
9,2197,0.4216
9,2198,0.4199
9,2199,0.4140
9,2200,0.4121
9,2201,0.4097
9,2202,0.4095
9,2203,0.4143
9,2204,0.4156
9,2205,0.4164
9,2206,0.4165
9,2207,0.4128
9,2208,0.4128
9,2209,0.4166
9,2210,0.4172
9,2211,0.4176
9,2212,0.4173
9,2213,0.4186
9,2214,0.4178
9,2215,0.4186
9,2216,0.4237
9,2217,0.4237
9,2218,0.4193
9,2219,0.4193
9,2220,0.4198
9,2221,0.4208
9,2222,0.4247
9,2223,0.4265
9,2224,0.4275
9,2225,0.4286
9,2226,0.4306
9,2227,0.4302
9,2228,0.4271
9,2229,0.4260
9,2230,0.4244
9,2231,0.4232
9,2232,0.4236
9,2233,0.4238
9,2234,0.4224
9,2235,0.4227
9,2236,0.4240
9,2237,0.4272
9,2238,0.4278
9,2239,0.4280
9,2240,0.4287
9,2241,0.4283
9,2242,0.4279
9,2243,0.4287
9,2244,0.4280
9,2245,0.4252
9,2246,0.4238
9,2247,0.4213
9,2248,0.4220
9,2249,0.4242
9,2250,0.4268
9,2251,0.4343
9,2252,0.4365
9,2253,0.4377
9,2254,0.4355
9,2255,0.4249
9,2256,0.4212
9,2257,0.4190
9,2258,0.4168
9,2259,0.4205
9,2260,0.4209
9,2261,0.4184
9,2262,0.4143
9,2263,0.4158
9,2264,0.4191
9,2265,0.4221
9,2266,0.4306
9,2267,0.4313
9,2268,0.4269
9,2269,0.4260
9,2270,0.4234
9,2271,0.4217
9,2272,0.4220
9,2273,0.4210
9,2274,0.4177
9,2275,0.4174
9,2276,0.4196
9,2277,0.4199
9,2278,0.4209
9,2279,0.4208
9,2280,0.4185
9,2281,0.4175
9,2282,0.4169
9,2283,0.4159
9,2284,0.4150
9,2285,0.4141
9,2286,0.4121
9,2287,0.4120
9,2288,0.4135
9,2289,0.4147
9,2290,0.4200
9,2291,0.4200
9,2292,0.4131
9,2293,0.4112
9,2294,0.4101
9,2295,0.4069
9,2296,0.4082
9,2297,0.4162
9,2298,0.4175
9,2299,0.4161
9,2300,0.4171
9,2301,0.4188
9,2302,0.4178
9,2303,0.4153
9,2304,0.4162
9,2305,0.4173
9,2306,0.4168
9,2307,0.4210
9,2308,0.4188
9,2309,0.4079
9,2310,0.4041
9,2311,0.3986
9,2312,0.3997
9,2313,0.4112
9,2314,0.4135
9,2315,0.4157
9,2316,0.4159
9,2317,0.4067
9,2318,0.4046
9,2319,0.4057
9,2320,0.4081
9,2321,0.4157
9,2322,0.4194
9,2323,0.4235
9,2324,0.4260
9,2325,0.4262
9,2326,0.4250
9,2327,0.4210
9,2328,0.4186
9,2329,0.4126
9,2330,0.4110
9,2331,0.4177
9,2332,0.4176
9,2333,0.4154
9,2334,0.4114
9,2335,0.4113
9,2336,0.4075
9,2337,0.4086
9,2338,0.4183
9,2339,0.4174
9,2340,0.4100
9,2341,0.4092
9,2342,0.4079
9,2343,0.4073
9,2344,0.4110
9,2345,0.4111
9,2346,0.4071
9,2347,0.4082
9,2348,0.4126
9,2349,0.4141
9,2350,0.4169
9,2351,0.4172
9,2352,0.4139
9,2353,0.4130
9,2354,0.4128
9,2355,0.4118
9,2356,0.4094
9,2357,0.4102
9,2358,0.4139
9,2359,0.4143
9,2360,0.4169
9,2361,0.4156
9,2362,0.4065
9,2363,0.4047
9,2364,0.4065
9,2365,0.4063
9,2366,0.4064
9,2367,0.4099
9,2368,0.4138
9,2369,0.4183
9,2370,0.4335
9,2371,0.4365
9,2372,0.4291
9,2373,0.4262
9,2374,0.4172
9,2375,0.4125
9,2376,0.4100
9,2377,0.4118
9,2378,0.4235
9,2379,0.4235
9,2380,0.4202
9,2381,0.4177
9,2382,0.4002
9,2383,0.3947
9,2384,0.4042
9,2385,0.4053
9,2386,0.4065
9,2387,0.4065
9,2388,0.3996
9,2389,0.3964
9,2390,0.3933
9,2391,0.3941
9,2392,0.4006
9,2393,0.4033
9,2394,0.4078
9,2395,0.4113
9,2396,0.4141
9,2397,0.4121
9,2398,0.4039
9,2399,0.4003
9,2400,0.3926
10,400,0.2755
10,401,0.2777
10,402,0.2656
10,403,0.2798
10,404,0.2895
10,405,0.2940
10,406,0.2958
10,407,0.2893
10,408,0.2871
10,409,0.2913
10,410,0.2974
10,411,0.2946
10,412,0.2955
10,413,0.3042
10,414,0.3132
10,415,0.3169
10,416,0.3170
10,417,0.3160
10,418,0.3103
10,419,0.3150
10,420,0.3234
10,421,0.3182
10,422,0.3228
10,423,0.3279
10,424,0.3277
10,425,0.3289
10,426,0.3326
10,427,0.3364
10,428,0.3380
10,429,0.3411
10,430,0.3404
10,431,0.3385
10,432,0.3444
10,433,0.3473
10,434,0.3479
10,435,0.3490
10,436,0.3543
10,437,0.3593
10,438,0.3626
10,439,0.3643
10,440,0.3648
10,441,0.3675
10,442,0.3715
10,443,0.3693
10,444,0.3715
10,445,0.3760
10,446,0.3790
10,447,0.3838
10,448,0.3861
10,449,0.3859
10,450,0.3869
10,451,0.3896
10,452,0.3907
10,453,0.3899
10,454,0.3943
10,455,0.3988
10,456,0.4013
10,457,0.4015
10,458,0.3992
10,459,0.3992
10,460,0.4026
10,461,0.4066
10,462,0.4065
10,463,0.4067
10,464,0.4102
10,465,0.4110
10,466,0.4127
10,467,0.4136
10,468,0.4095
10,469,0.4130
10,470,0.4174
10,471,0.4179
10,472,0.4182
10,473,0.4195
10,474,0.4222
10,475,0.4254
10,476,0.4266
10,477,0.4254
10,478,0.4241
10,479,0.4274
10,480,0.4301
10,481,0.4321
10,482,0.4344
10,483,0.4370
10,484,0.4378
10,485,0.4383
10,486,0.4412
10,487,0.4430
10,488,0.4456
10,489,0.4493
10,490,0.4498
10,491,0.4502
10,492,0.4518
10,493,0.4542
10,494,0.4554
10,495,0.4567
10,496,0.4588
10,497,0.4619
10,498,0.4654
10,499,0.4674
10,500,0.4674
10,501,0.4697
10,502,0.4722
10,503,0.4741
10,504,0.4748
10,505,0.4770
10,506,0.4805
10,507,0.4838
10,508,0.4850
10,509,0.4864
10,510,0.4883
10,511,0.4904
10,512,0.4928
10,513,0.4952
10,514,0.4972
10,515,0.4990
10,516,0.5022
10,517,0.5056
10,518,0.5080
10,519,0.5091
10,520,0.5108
10,521,0.5129
10,522,0.5146
10,523,0.5175
10,524,0.5192
10,525,0.5199
10,526,0.5236
10,527,0.5271
10,528,0.5297
10,529,0.5314
10,530,0.5334
10,531,0.5350
10,532,0.5368
10,533,0.5398
10,534,0.5419
10,535,0.5434
10,536,0.5447
10,537,0.5474
10,538,0.5496
10,539,0.5513
10,540,0.5536
10,541,0.5564
10,542,0.5588
10,543,0.5609
10,544,0.5642
10,545,0.5650
10,546,0.5652
10,547,0.5672
10,548,0.5694
10,549,0.5716
10,550,0.5739
10,551,0.5764
10,552,0.5782
10,553,0.5798
10,554,0.5816
10,555,0.5835
10,556,0.5858
10,557,0.5877
10,558,0.5886
10,559,0.5917
10,560,0.5937
10,561,0.5940
10,562,0.5965
10,563,0.5984
10,564,0.5996
10,565,0.6007
10,566,0.6035
10,567,0.6052
10,568,0.6060
10,569,0.6082
10,570,0.6099
10,571,0.6106
10,572,0.6108
10,573,0.6135
10,574,0.6156
10,575,0.6169
10,576,0.6183
10,577,0.6196
10,578,0.6206
10,579,0.6215
10,580,0.6232
10,581,0.6246
10,582,0.6262
10,583,0.6279
10,584,0.6278
10,585,0.6289
10,586,0.6308
10,587,0.6317
10,588,0.6342
10,589,0.6364
10,590,0.6368
10,591,0.6373
10,592,0.6386
10,593,0.6401
10,594,0.6404
10,595,0.6421
10,596,0.6443
10,597,0.6462
10,598,0.6460
10,599,0.6467
10,600,0.6480
10,601,0.6492
10,602,0.6509
10,603,0.6520
10,604,0.6524
10,605,0.6530
10,606,0.6530
10,607,0.6542
10,608,0.6566
10,609,0.6573
10,610,0.6580
10,611,0.6589
10,612,0.6597
10,613,0.6611
10,614,0.6626
10,615,0.6636
10,616,0.6638
10,617,0.6642
10,618,0.6652
10,619,0.6666
10,620,0.6676
10,621,0.6686
10,622,0.6698
10,623,0.6713
10,624,0.6715
10,625,0.6722
10,626,0.6739
10,627,0.6752
10,628,0.6751
10,629,0.6754
10,630,0.6772
10,631,0.6779
10,632,0.6786
10,633,0.6794
10,634,0.6797
10,635,0.6812
10,636,0.6822
10,637,0.6823
10,638,0.6834
10,639,0.6837
10,640,0.6839
10,641,0.6851
10,642,0.6872
10,643,0.6882
10,644,0.6880
10,645,0.6887
10,646,0.6889
10,647,0.6895
10,648,0.6910
10,649,0.6923
10,650,0.6929
10,651,0.6931
10,652,0.6934
10,653,0.6943
10,654,0.6952
10,655,0.6961
10,656,0.6969
10,657,0.6976
10,658,0.6983
10,659,0.6990
10,660,0.6994
10,661,0.7007
10,662,0.7021
10,663,0.7023
10,664,0.7021
10,665,0.7028
10,666,0.7044
10,667,0.7055
10,668,0.7063
10,669,0.7068
10,670,0.7072
10,671,0.7076
10,672,0.7086
10,673,0.7098
10,674,0.7103
10,675,0.7113
10,676,0.7119
10,677,0.7118
10,678,0.7121
10,679,0.7128
10,680,0.7139
10,681,0.7154
10,682,0.7150
10,683,0.7156
10,684,0.7174
10,685,0.7176
10,686,0.7182
10,687,0.7188
10,688,0.7191
10,689,0.7199
10,690,0.7207
10,691,0.7214
10,692,0.7219
10,693,0.7229
10,694,0.7240
10,695,0.7249
10,696,0.7253
10,697,0.7255
10,698,0.7261
10,699,0.7273
10,700,0.7281
10,701,0.7288
10,702,0.7291
10,703,0.7291
10,704,0.7300
10,705,0.7312
10,706,0.7321
10,707,0.7320
10,708,0.7326
10,709,0.7334
10,710,0.7340
10,711,0.7352
10,712,0.7359
10,713,0.7364
10,714,0.7374
10,715,0.7377
10,716,0.7379
10,717,0.7383
10,718,0.7389
10,719,0.7395
10,720,0.7406
10,721,0.7419
10,722,0.7414
10,723,0.7416
10,724,0.7425
10,725,0.7433
10,726,0.7441
10,727,0.7444
10,728,0.7445
10,729,0.7454
10,730,0.7463
10,731,0.7469
10,732,0.7471
10,733,0.7468
10,734,0.7468
10,735,0.7475
10,736,0.7489
10,737,0.7488
10,738,0.7493
10,739,0.7502
10,740,0.7504
10,741,0.7507
10,742,0.7512
10,743,0.7517
10,744,0.7519
10,745,0.7524
10,746,0.7534
10,747,0.7546
10,748,0.7542
10,749,0.7543
10,750,0.7548
10,751,0.7546
10,752,0.7561
10,753,0.7572
10,754,0.7572
10,755,0.7575
10,756,0.7578
10,757,0.7582
10,758,0.7587
10,759,0.7595
10,760,0.7599
10,761,0.7601
10,762,0.7608
10,763,0.7617
10,764,0.7624
10,765,0.7624
10,766,0.7619
10,767,0.7629
10,768,0.7636
10,769,0.7636
10,770,0.7643
10,771,0.7645
10,772,0.7647
10,773,0.7654
10,774,0.7653
10,775,0.7661
10,776,0.7666
10,777,0.7655
10,778,0.7665
10,779,0.7673
10,780,0.7675
10,781,0.7678
10,782,0.7677
10,783,0.7678
10,784,0.7685
10,785,0.7692
10,786,0.7698
10,787,0.7700
10,788,0.7695
10,789,0.7701
10,790,0.7700
10,791,0.7697
10,792,0.7705
10,793,0.7708
10,794,0.7708
10,795,0.7707
10,796,0.7711
10,797,0.7709
10,798,0.7708
10,799,0.7711
10,800,0.7705
10,801,0.7704
10,802,0.7712
10,803,0.7729
10,804,0.7726
10,805,0.7731
10,806,0.7737
10,807,0.7731
10,808,0.7748
10,809,0.7757
10,810,0.7751
10,811,0.7749
10,812,0.7750
10,813,0.7757
10,814,0.7766
10,815,0.7769
10,816,0.7771
10,817,0.7769
10,818,0.7768
10,819,0.7771
10,820,0.7772
10,821,0.7777
10,822,0.7786
10,823,0.7774
10,824,0.7774
10,825,0.7784
10,826,0.7785
10,827,0.7780
10,828,0.7782
10,829,0.7789
10,830,0.7788
10,831,0.7789
10,832,0.7793
10,833,0.7796
10,834,0.7798
10,835,0.7791
10,836,0.7789
10,837,0.7802
10,838,0.7800
10,839,0.7800
10,840,0.7804
10,841,0.7807
10,842,0.7810
10,843,0.7815
10,844,0.7821
10,845,0.7821
10,846,0.7822
10,847,0.7826
10,848,0.7829
10,849,0.7822
10,850,0.7820
10,851,0.7819
10,852,0.7816
10,853,0.7813
10,854,0.7823
10,855,0.7832
10,856,0.7828
10,857,0.7822
10,858,0.7816
10,859,0.7822
10,860,0.7840
10,861,0.7833
10,862,0.7834
10,863,0.7838
10,864,0.7836
10,865,0.7838
10,866,0.7833
10,867,0.7832
10,868,0.7850
10,869,0.7843
10,870,0.7842
10,871,0.7848
10,872,0.7839
10,873,0.7839
10,874,0.7846
10,875,0.7854
10,876,0.7859
10,877,0.7852
10,878,0.7853
10,879,0.7865
10,880,0.7867
10,881,0.7859
10,882,0.7868
10,883,0.7891
10,884,0.7865
10,885,0.7855
10,886,0.7865
10,887,0.7880
10,888,0.7877
10,889,0.7875
10,890,0.7875
10,891,0.7877
10,892,0.7886
10,893,0.7875
10,894,0.7871
10,895,0.7901
10,896,0.7896
10,897,0.7895
10,898,0.7900
10,899,0.7896
10,900,0.7897
10,901,0.7900
10,902,0.7901
10,903,0.7901
10,904,0.7896
10,905,0.7901
10,906,0.7915
10,907,0.7924
10,908,0.7901
10,909,0.7893
10,910,0.7906
10,911,0.7907
10,912,0.7901
10,913,0.7906
10,914,0.7920
10,915,0.7924
10,916,0.7917
10,917,0.7919
10,918,0.7924
10,919,0.7913
10,920,0.7923
10,921,0.7932
10,922,0.7934
10,923,0.7936
10,924,0.7943
10,925,0.7944
10,926,0.7937
10,927,0.7938
10,928,0.7968
10,929,0.7964
10,930,0.7927
10,931,0.7939
10,932,0.7963
10,933,0.7972
10,934,0.7964
10,935,0.7964
10,936,0.7962
10,937,0.7959
10,938,0.7959
10,939,0.7971
10,940,0.7962
10,941,0.7960
10,942,0.7975
10,943,0.7977
10,944,0.7982
10,945,0.7975
10,946,0.7963
10,947,0.7973
10,948,0.7955
10,949,0.7958
10,950,0.7977
10,951,0.7935
10,952,0.7953
10,953,0.7961
10,954,0.7946
10,955,0.7977
10,956,0.7959
10,957,0.7942
10,958,0.7953
10,959,0.7969
10,960,0.7986
10,961,0.7973
10,962,0.7945
10,963,0.7955
10,964,0.7966
10,965,0.7979
10,966,0.7982
10,967,0.7957
10,968,0.7954
10,969,0.7955
10,970,0.7954
10,971,0.7955
10,972,0.7945
10,973,0.7957
10,974,0.7978
10,975,0.7975
10,976,0.7958
10,977,0.7947
10,978,0.7953
10,979,0.7971
10,980,0.7930
10,981,0.7909
10,982,0.7910
10,983,0.7910
10,984,0.7931
10,985,0.7959
10,986,0.7941
10,987,0.7869
10,988,0.7881
10,989,0.7950
10,990,0.7968
10,991,0.7909
10,992,0.7936
10,993,0.7900
10,994,0.7895
10,995,0.7960
10,996,0.7972
10,997,0.7930
10,998,0.7910
10,999,0.7913
10,1000,0.7862
10,1001,0.7855
10,1002,0.7853
10,1003,0.7877
10,1004,0.7894
10,1005,0.7916
10,1006,0.7939
10,1007,0.7921
10,1008,0.7925
10,1009,0.7957
10,1010,0.7962
10,1011,0.7946
10,1012,0.7950
10,1013,0.7982
10,1014,0.7986
10,1015,0.7965
10,1016,0.7988
10,1017,0.8020
10,1018,0.8009
10,1019,0.8022
10,1020,0.8041
10,1021,0.8032
10,1022,0.8017
10,1023,0.8020
10,1024,0.8050
10,1025,0.8065
10,1026,0.8074
10,1027,0.8100
10,1028,0.8125
10,1029,0.8134
10,1030,0.8121
10,1031,0.8110
10,1032,0.8126
10,1033,0.8138
10,1034,0.8160
10,1035,0.8178
10,1036,0.8171
10,1037,0.8162
10,1038,0.8160
10,1039,0.8162
10,1040,0.8170
10,1041,0.8191
10,1042,0.8210
10,1043,0.8210
10,1044,0.8225
10,1045,0.8235
10,1046,0.8233
10,1047,0.8251
10,1048,0.8251
10,1049,0.8228
10,1050,0.8207
10,1051,0.8198
10,1052,0.8195
10,1053,0.8200
10,1054,0.8211
10,1055,0.8236
10,1056,0.8243
10,1057,0.8248
10,1058,0.8259
10,1059,0.8241
10,1060,0.8241
10,1061,0.8247
10,1062,0.8247
10,1063,0.8269
10,1064,0.8275
10,1065,0.8263
10,1066,0.8246
10,1067,0.8242
10,1068,0.8235
10,1069,0.8241
10,1070,0.8263
10,1071,0.8300
10,1072,0.8314
10,1073,0.8313
10,1074,0.8306
10,1075,0.8290
10,1076,0.8291
10,1077,0.8299
10,1078,0.8313
10,1079,0.8315
10,1080,0.8311
10,1081,0.8303
10,1082,0.8295
10,1083,0.8284
10,1084,0.8284
10,1085,0.8288
10,1086,0.8286
10,1087,0.8307
10,1088,0.8323
10,1089,0.8325
10,1090,0.8332
10,1091,0.8329
10,1092,0.8315
10,1093,0.8315
10,1094,0.8302
10,1095,0.8296
10,1096,0.8316
10,1097,0.8320
10,1098,0.8323
10,1099,0.8334
10,1100,0.8357
10,1101,0.8337
10,1102,0.8327
10,1103,0.8327
10,1104,0.8325
10,1105,0.8326
10,1106,0.8327
10,1107,0.8326
10,1108,0.8303
10,1109,0.8284
10,1110,0.8284
10,1111,0.8289
10,1112,0.8290
10,1113,0.8293
10,1114,0.8297
10,1115,0.8303
10,1116,0.8305
10,1117,0.8304
10,1118,0.8311
10,1119,0.8319
10,1120,0.8306
10,1121,0.8311
10,1122,0.8313
10,1123,0.8302
10,1124,0.8310
10,1125,0.8310
10,1126,0.8301
10,1127,0.8303
10,1128,0.8315
10,1129,0.8314
10,1130,0.8306
10,1131,0.8307
10,1132,0.8311
10,1133,0.8304
10,1134,0.8289
10,1135,0.8298
10,1136,0.8298
10,1137,0.8288
10,1138,0.8299
10,1139,0.8297
10,1140,0.8292
10,1141,0.8292
10,1142,0.8281
10,1143,0.8267
10,1144,0.8252
10,1145,0.8220
10,1146,0.8209
10,1147,0.8212
10,1148,0.8204
10,1149,0.8203
10,1150,0.8197
10,1151,0.8187
10,1152,0.8165
10,1153,0.8148
10,1154,0.8133
10,1155,0.8122
10,1156,0.8107
10,1157,0.8089
10,1158,0.8082
10,1159,0.8069
10,1160,0.8051
10,1161,0.8035
10,1162,0.8024
10,1163,0.8003
10,1164,0.7969
10,1165,0.7942
10,1166,0.7911
10,1167,0.7890
10,1168,0.7872
10,1169,0.7865
10,1170,0.7859
10,1171,0.7851
10,1172,0.7837
10,1173,0.7815
10,1174,0.7800
10,1175,0.7785
10,1176,0.7771
10,1177,0.7758
10,1178,0.7750
10,1179,0.7741
10,1180,0.7734
10,1181,0.7737
10,1182,0.7734
10,1183,0.7723
10,1184,0.7718
10,1185,0.7716
10,1186,0.7712
10,1187,0.7704
10,1188,0.7705
10,1189,0.7707
10,1190,0.7699
10,1191,0.7694
10,1192,0.7698
10,1193,0.7704
10,1194,0.7713
10,1195,0.7719
10,1196,0.7733
10,1197,0.7734
10,1198,0.7727
10,1199,0.7723
10,1200,0.7706
10,1201,0.7702
10,1202,0.7712
10,1203,0.7711
10,1204,0.7707
10,1205,0.7710
10,1206,0.7699
10,1207,0.7694
10,1208,0.7705
10,1209,0.7717
10,1210,0.7727
10,1211,0.7738
10,1212,0.7750
10,1213,0.7762
10,1214,0.7776
10,1215,0.7799
10,1216,0.7811
10,1217,0.7817
10,1218,0.7827
10,1219,0.7836
10,1220,0.7843
10,1221,0.7851
10,1222,0.7856
10,1223,0.7853
10,1224,0.7854
10,1225,0.7848
10,1226,0.7843
10,1227,0.7843
10,1228,0.7840
10,1229,0.7846
10,1230,0.7865
10,1231,0.7873
10,1232,0.7880
10,1233,0.7887
10,1234,0.7891
10,1235,0.7895
10,1236,0.7897
10,1237,0.7904
10,1238,0.7908
10,1239,0.7916
10,1240,0.7931
10,1241,0.7945
10,1242,0.7959
10,1243,0.7975
10,1244,0.7991
10,1245,0.8008
10,1246,0.8023
10,1247,0.8025
10,1248,0.8032
10,1249,0.8037
10,1250,0.8043
10,1251,0.8054
10,1252,0.8058
10,1253,0.8053
10,1254,0.8059
10,1255,0.8068
10,1256,0.8071
10,1257,0.8076
10,1258,0.8082
10,1259,0.8079
10,1260,0.8084
10,1261,0.8109
10,1262,0.8115
10,1263,0.8110
10,1264,0.8106
10,1265,0.8108
10,1266,0.8114
10,1267,0.8113
10,1268,0.8119
10,1269,0.8123
10,1270,0.8114
10,1271,0.8115
10,1272,0.8130
10,1273,0.8133
10,1274,0.8124
10,1275,0.8129
10,1276,0.8142
10,1277,0.8148
10,1278,0.8157
10,1279,0.8163
10,1280,0.8166
10,1281,0.8164
10,1282,0.8158
10,1283,0.8155
10,1284,0.8146
10,1285,0.8142
10,1286,0.8146
10,1287,0.8148
10,1288,0.8143
10,1289,0.8130
10,1290,0.8128
10,1291,0.8123
10,1292,0.8123
10,1293,0.8137
10,1294,0.8138
10,1295,0.8131
10,1296,0.8130
10,1297,0.8130
10,1298,0.8126
10,1299,0.8118
10,1300,0.8118
10,1301,0.8116
10,1302,0.8118
10,1303,0.8134
10,1304,0.8137
10,1305,0.8130
10,1306,0.8124
10,1307,0.8106
10,1308,0.8095
10,1309,0.8090
10,1310,0.8092
10,1311,0.8088
10,1312,0.8090
10,1313,0.8082
10,1314,0.8067
10,1315,0.8054
10,1316,0.8035
10,1317,0.8024
10,1318,0.8018
10,1319,0.8010
10,1320,0.8007
10,1321,0.8001
10,1322,0.7995
10,1323,0.7983
10,1324,0.7971
10,1325,0.7956
10,1326,0.7927
10,1327,0.7912
10,1328,0.7909
10,1329,0.7897
10,1330,0.7887
10,1331,0.7876
10,1332,0.7860
10,1333,0.7831
10,1334,0.7818
10,1335,0.7815
10,1336,0.7801
10,1337,0.7788
10,1338,0.7771
10,1339,0.7746
10,1340,0.7725
10,1341,0.7706
10,1342,0.7687
10,1343,0.7665
10,1344,0.7647
10,1345,0.7634
10,1346,0.7618
10,1347,0.7603
10,1348,0.7584
10,1349,0.7561
10,1350,0.7540
10,1351,0.7518
10,1352,0.7497
10,1353,0.7473
10,1354,0.7454
10,1355,0.7443
10,1356,0.7427
10,1357,0.7411
10,1358,0.7399
10,1359,0.7384
10,1360,0.7364
10,1361,0.7346
10,1362,0.7329
10,1363,0.7313
10,1364,0.7294
10,1365,0.7280
10,1366,0.7271
10,1367,0.7259
10,1368,0.7247
10,1369,0.7235
10,1370,0.7223
10,1371,0.7209
10,1372,0.7192
10,1373,0.7180
10,1374,0.7172
10,1375,0.7159
10,1376,0.7142
10,1377,0.7131
10,1378,0.7117
10,1379,0.7108
10,1380,0.7113
10,1381,0.7107
10,1382,0.7093
10,1383,0.7081
10,1384,0.7069
10,1385,0.7050
10,1386,0.7040
10,1387,0.7033
10,1388,0.7025
10,1389,0.7021
10,1390,0.7010
10,1391,0.6999
10,1392,0.6982
10,1393,0.6959
10,1394,0.6937
10,1395,0.6909
10,1396,0.6887
10,1397,0.6870
10,1398,0.6845
10,1399,0.6819
10,1400,0.6789
10,1401,0.6749
10,1402,0.6715
10,1403,0.6686
10,1404,0.6649
10,1405,0.6609
10,1406,0.6568
10,1407,0.6520
10,1408,0.6474
10,1409,0.6427
10,1410,0.6380
10,1411,0.6333
10,1412,0.6282
10,1413,0.6233
10,1414,0.6178
10,1415,0.6121
10,1416,0.6057
10,1417,0.6000
10,1418,0.5941
10,1419,0.5885
10,1420,0.5831
10,1421,0.5776
10,1422,0.5717
10,1423,0.5667
10,1424,0.5627
10,1425,0.5578
10,1426,0.5530
10,1427,0.5479
10,1428,0.5420
10,1429,0.5366
10,1430,0.5318
10,1431,0.5261
10,1432,0.5203
10,1433,0.5139
10,1434,0.5069
10,1435,0.4996
10,1436,0.4911
10,1437,0.4834
10,1438,0.4757
10,1439,0.4682
10,1440,0.4604
10,1441,0.4539
10,1442,0.4472
10,1443,0.4419
10,1444,0.4373
10,1445,0.4348
10,1446,0.4341
10,1447,0.4343
10,1448,0.4357
10,1449,0.4393
10,1450,0.4425
10,1451,0.4460
10,1452,0.4504
10,1453,0.4557
10,1454,0.4606
10,1455,0.4662
10,1456,0.4708
10,1457,0.4753
10,1458,0.4793
10,1459,0.4830
10,1460,0.4863
10,1461,0.4892
10,1462,0.4917
10,1463,0.4936
10,1464,0.4958
10,1465,0.4981
10,1466,0.5000
10,1467,0.5018
10,1468,0.5034
10,1469,0.5046
10,1470,0.5057
10,1471,0.5068
10,1472,0.5078
10,1473,0.5081
10,1474,0.5089
10,1475,0.5103
10,1476,0.5110
10,1477,0.5119
10,1478,0.5121
10,1479,0.5116
10,1480,0.5108
10,1481,0.5091
10,1482,0.5078
10,1483,0.5065
10,1484,0.5051
10,1485,0.5035
10,1486,0.5024
10,1487,0.5012
10,1488,0.5004
10,1489,0.5002
10,1490,0.5006
10,1491,0.5013
10,1492,0.5022
10,1493,0.5040
10,1494,0.5068
10,1495,0.5094
10,1496,0.5125
10,1497,0.5158
10,1498,0.5192
10,1499,0.5230
10,1500,0.5274
10,1501,0.5315
10,1502,0.5361
10,1503,0.5398
10,1504,0.5430
10,1505,0.5462
10,1506,0.5487
10,1507,0.5515
10,1508,0.5547
10,1509,0.5571
10,1510,0.5590
10,1511,0.5607
10,1512,0.5620
10,1513,0.5630
10,1514,0.5636
10,1515,0.5643
10,1516,0.5646
10,1517,0.5651
10,1518,0.5661
10,1519,0.5663
10,1520,0.5663
10,1521,0.5660
10,1522,0.5647
10,1523,0.5640
10,1524,0.5633
10,1525,0.5628
10,1526,0.5628
10,1527,0.5622
10,1528,0.5611
10,1529,0.5602
10,1530,0.5587
10,1531,0.5578
10,1532,0.5576
10,1533,0.5569
10,1534,0.5560
10,1535,0.5555
10,1536,0.5544
10,1537,0.5544
10,1538,0.5553
10,1539,0.5563
10,1540,0.5577
10,1541,0.5594
10,1542,0.5616
10,1543,0.5638
10,1544,0.5664
10,1545,0.5695
10,1546,0.5726
10,1547,0.5756
10,1548,0.5793
10,1549,0.5839
10,1550,0.5872
10,1551,0.5904
10,1552,0.5938
10,1553,0.5965
10,1554,0.5999
10,1555,0.6042
10,1556,0.6077
10,1557,0.6107
10,1558,0.6142
10,1559,0.6180
10,1560,0.6210
10,1561,0.6235
10,1562,0.6265
10,1563,0.6292
10,1564,0.6321
10,1565,0.6359
10,1566,0.6385
10,1567,0.6400
10,1568,0.6421
10,1569,0.6438
10,1570,0.6459
10,1571,0.6484
10,1572,0.6504
10,1573,0.6524
10,1574,0.6537
10,1575,0.6541
10,1576,0.6556
10,1577,0.6570
10,1578,0.6587
10,1579,0.6615
10,1580,0.6636
10,1581,0.6652
10,1582,0.6667
10,1583,0.6679
10,1584,0.6696
10,1585,0.6715
10,1586,0.6733
10,1587,0.6756
10,1588,0.6775
10,1589,0.6792
10,1590,0.6809
10,1591,0.6826
10,1592,0.6843
10,1593,0.6862
10,1594,0.6878
10,1595,0.6895
10,1596,0.6909
10,1597,0.6914
10,1598,0.6928
10,1599,0.6945
10,1600,0.6962
10,1601,0.6986
10,1602,0.7007
10,1603,0.7024
10,1604,0.7043
10,1605,0.7067
10,1606,0.7087
10,1607,0.7103
10,1608,0.7120
10,1609,0.7137
10,1610,0.7152
10,1611,0.7166
10,1612,0.7182
10,1613,0.7195
10,1614,0.7210
10,1615,0.7231
10,1616,0.7248
10,1617,0.7264
10,1618,0.7277
10,1619,0.7287
10,1620,0.7296
10,1621,0.7298
10,1622,0.7308
10,1623,0.7323
10,1624,0.7337
10,1625,0.7362
10,1626,0.7376
10,1627,0.7375
10,1628,0.7386
10,1629,0.7400
10,1630,0.7413
10,1631,0.7430
10,1632,0.7448
10,1633,0.7463
10,1634,0.7478
10,1635,0.7498
10,1636,0.7512
10,1637,0.7517
10,1638,0.7525
10,1639,0.7531
10,1640,0.7540
10,1641,0.7550
10,1642,0.7560
10,1643,0.7569
10,1644,0.7581
10,1645,0.7599
10,1646,0.7610
10,1647,0.7617
10,1648,0.7628
10,1649,0.7642
10,1650,0.7649
10,1651,0.7655
10,1652,0.7663
10,1653,0.7661
10,1654,0.7665
10,1655,0.7682
10,1656,0.7691
10,1657,0.7701
10,1658,0.7706
10,1659,0.7699
10,1660,0.7701
10,1661,0.7704
10,1662,0.7707
10,1663,0.7717
10,1664,0.7723
10,1665,0.7724
10,1666,0.7726
10,1667,0.7729
10,1668,0.7729
10,1669,0.7726
10,1670,0.7725
10,1671,0.7725
10,1672,0.7726
10,1673,0.7731
10,1674,0.7729
10,1675,0.7724
10,1676,0.7719
10,1677,0.7706
10,1678,0.7699
10,1679,0.7696
10,1680,0.7691
10,1681,0.7687
10,1682,0.7683
10,1683,0.7678
10,1684,0.7669
10,1685,0.7655
10,1686,0.7649
10,1687,0.7651
10,1688,0.7640
10,1689,0.7630
10,1690,0.7614
10,1691,0.7578
10,1692,0.7556
10,1693,0.7542
10,1694,0.7523
10,1695,0.7510
10,1696,0.7490
10,1697,0.7465
10,1698,0.7444
10,1699,0.7422
10,1700,0.7397
10,1701,0.7373
10,1702,0.7347
10,1703,0.7318
10,1704,0.7285
10,1705,0.7250
10,1706,0.7217
10,1707,0.7183
10,1708,0.7146
10,1709,0.7114
10,1710,0.7077
10,1711,0.7039
10,1712,0.6995
10,1713,0.6949
10,1714,0.6901
10,1715,0.6838
10,1716,0.6794
10,1717,0.6762
10,1718,0.6720
10,1719,0.6678
10,1720,0.6630
10,1721,0.6575
10,1722,0.6527
10,1723,0.6486
10,1724,0.6436
10,1725,0.6387
10,1726,0.6346
10,1727,0.6297
10,1728,0.6245
10,1729,0.6201
10,1730,0.6155
10,1731,0.6110
10,1732,0.6071
10,1733,0.6028
10,1734,0.5983
10,1735,0.5940
10,1736,0.5900
10,1737,0.5864
10,1738,0.5825
10,1739,0.5791
10,1740,0.5765
10,1741,0.5735
10,1742,0.5707
10,1743,0.5687
10,1744,0.5658
10,1745,0.5634
10,1746,0.5624
10,1747,0.5609
10,1748,0.5604
10,1749,0.5616
10,1750,0.5631
10,1751,0.5640
10,1752,0.5648
10,1753,0.5659
10,1754,0.5669
10,1755,0.5681
10,1756,0.5694
10,1757,0.5709
10,1758,0.5723
10,1759,0.5740
10,1760,0.5764
10,1761,0.5786
10,1762,0.5811
10,1763,0.5826
10,1764,0.5835
10,1765,0.5848
10,1766,0.5849
10,1767,0.5857
10,1768,0.5873
10,1769,0.5882
10,1770,0.5896
10,1771,0.5918
10,1772,0.5929
10,1773,0.5935
10,1774,0.5939
10,1775,0.5924
10,1776,0.5918
10,1777,0.5929
10,1778,0.5949
10,1779,0.5983
10,1780,0.6006
10,1781,0.6014
10,1782,0.6019
10,1783,0.6025
10,1784,0.6049
10,1785,0.6084
10,1786,0.6115
10,1787,0.6145
10,1788,0.6178
10,1789,0.6208
10,1790,0.6235
10,1791,0.6269
10,1792,0.6300
10,1793,0.6317
10,1794,0.6340
10,1795,0.6367
10,1796,0.6386
10,1797,0.6429
10,1798,0.6457
10,1799,0.6478
10,1800,0.6493
10,1801,0.6496
10,1802,0.6509
10,1803,0.6524
10,1804,0.6546
10,1805,0.6577
10,1806,0.6589
10,1807,0.6598
10,1808,0.6595
10,1809,0.6602
10,1810,0.6618
10,1811,0.6630
10,1812,0.6646
10,1813,0.6661
10,1814,0.6666
10,1815,0.6670
10,1816,0.6678
10,1817,0.6687
10,1818,0.6694
10,1819,0.6696
10,1820,0.6702
10,1821,0.6710
10,1822,0.6715
10,1823,0.6728
10,1824,0.6727
10,1825,0.6705
10,1826,0.6700
10,1827,0.6694
10,1828,0.6696
10,1829,0.6712
10,1830,0.6714
10,1831,0.6701
10,1832,0.6703
10,1833,0.6708
10,1834,0.6720
10,1835,0.6749
10,1836,0.6755
10,1837,0.6750
10,1838,0.6716
10,1839,0.6679
10,1840,0.6660
10,1841,0.6637
10,1842,0.6640
10,1843,0.6628
10,1844,0.6613
10,1845,0.6580
10,1846,0.6563
10,1847,0.6535
10,1848,0.6512
10,1849,0.6489
10,1850,0.6462
10,1851,0.6473
10,1852,0.6454
10,1853,0.6417
10,1854,0.6390
10,1855,0.6371
10,1856,0.6305
10,1857,0.6259
10,1858,0.6238
10,1859,0.6203
10,1860,0.6176
10,1861,0.6145
10,1862,0.6115
10,1863,0.6077
10,1864,0.6033
10,1865,0.5987
10,1866,0.5941
10,1867,0.5866
10,1868,0.5810
10,1869,0.5755
10,1870,0.5685
10,1871,0.5619
10,1872,0.5538
10,1873,0.5429
10,1874,0.5346
10,1875,0.5264
10,1876,0.5204
10,1877,0.5156
10,1878,0.5111
10,1879,0.5057
10,1880,0.4995
10,1881,0.4918
10,1882,0.4821
10,1883,0.4749
10,1884,0.4682
10,1885,0.4618
10,1886,0.4568
10,1887,0.4524
10,1888,0.4442
10,1889,0.4346
10,1890,0.4262
10,1891,0.4179
10,1892,0.4108
10,1893,0.4067
10,1894,0.4005
10,1895,0.3929
10,1896,0.3866
10,1897,0.3815
10,1898,0.3745
10,1899,0.3668
10,1900,0.3602
10,1901,0.3521
10,1902,0.3432
10,1903,0.3355
10,1904,0.3284
10,1905,0.3219
10,1906,0.3167
10,1907,0.3107
10,1908,0.3050
10,1909,0.2995
10,1910,0.2933
10,1911,0.2863
10,1912,0.2801
10,1913,0.2741
10,1914,0.2687
10,1915,0.2644
10,1916,0.2585
10,1917,0.2523
10,1918,0.2458
10,1919,0.2379
10,1920,0.2300
10,1921,0.2235
10,1922,0.2182
10,1923,0.2127
10,1924,0.2088
10,1925,0.2028
10,1926,0.1952
10,1927,0.1888
10,1928,0.1810
10,1929,0.1749
10,1930,0.1703
10,1931,0.1655
10,1932,0.1613
10,1933,0.1570
10,1934,0.1535
10,1935,0.1507
10,1936,0.1477
10,1937,0.1443
10,1938,0.1425
10,1939,0.1416
10,1940,0.1405
10,1941,0.1412
10,1942,0.1410
10,1943,0.1402
10,1944,0.1384
10,1945,0.1386
10,1946,0.1397
10,1947,0.1404
10,1948,0.1416
10,1949,0.1432
10,1950,0.1444
10,1951,0.1466
10,1952,0.1493
10,1953,0.1533
10,1954,0.1584
10,1955,0.1648
10,1956,0.1701
10,1957,0.1766
10,1958,0.1814
10,1959,0.1858
10,1960,0.1885
10,1961,0.1895
10,1962,0.1915
10,1963,0.1919
10,1964,0.1930
10,1965,0.1953
10,1966,0.1972
10,1967,0.1987
10,1968,0.1991
10,1969,0.2012
10,1970,0.2046
10,1971,0.2061
10,1972,0.2073
10,1973,0.2085
10,1974,0.2074
10,1975,0.2084
10,1976,0.2107
10,1977,0.2130
10,1978,0.2153
10,1979,0.2192
10,1980,0.2221
10,1981,0.2254
10,1982,0.2281
10,1983,0.2306
10,1984,0.2328
10,1985,0.2338
10,1986,0.2362
10,1987,0.2378
10,1988,0.2416
10,1989,0.2480
10,1990,0.2538
10,1991,0.2600
10,1992,0.2677
10,1993,0.2743
10,1994,0.2798
10,1995,0.2870
10,1996,0.2948
10,1997,0.3032
10,1998,0.3133
10,1999,0.3221
10,2000,0.3305
10,2001,0.3391
10,2002,0.3473
10,2003,0.3555
10,2004,0.3631
10,2005,0.3709
10,2006,0.3777
10,2007,0.3834
10,2008,0.3894
10,2009,0.3943
10,2010,0.4004
10,2011,0.4074
10,2012,0.4132
10,2013,0.4196
10,2014,0.4249
10,2015,0.4294
10,2016,0.4326
10,2017,0.4355
10,2018,0.4376
10,2019,0.4402
10,2020,0.4415
10,2021,0.4448
10,2022,0.4496
10,2023,0.4534
10,2024,0.4580
10,2025,0.4619
10,2026,0.4647
10,2027,0.4682
10,2028,0.4737
10,2029,0.4765
10,2030,0.4780
10,2031,0.4777
10,2032,0.4794
10,2033,0.4798
10,2034,0.4811
10,2035,0.4845
10,2036,0.4866
10,2037,0.4867
10,2038,0.4886
10,2039,0.4932
10,2040,0.4954
10,2041,0.4960
10,2042,0.4979
10,2043,0.4999
10,2044,0.5017
10,2045,0.5016
10,2046,0.5011
10,2047,0.5016
10,2048,0.4998
10,2049,0.5002
10,2050,0.5047
10,2051,0.5056
10,2052,0.5036
10,2053,0.5035
10,2054,0.5039
10,2055,0.5034
10,2056,0.5029
10,2057,0.5031
10,2058,0.5032
10,2059,0.5024
10,2060,0.5022
10,2061,0.5032
10,2062,0.5034
10,2063,0.5032
10,2064,0.5028
10,2065,0.5027
10,2066,0.5020
10,2067,0.4992
10,2068,0.4985
10,2069,0.4993
10,2070,0.4993
10,2071,0.4995
10,2072,0.5005
10,2073,0.5016
10,2074,0.5025
10,2075,0.5026
10,2076,0.5033
10,2077,0.5035
10,2078,0.5022
10,2079,0.5021
10,2080,0.5034
10,2081,0.5036
10,2082,0.5034
10,2083,0.5029
10,2084,0.5022
10,2085,0.5004
10,2086,0.4992
10,2087,0.4977
10,2088,0.4973
10,2089,0.4974
10,2090,0.4976
10,2091,0.4992
10,2092,0.4987
10,2093,0.4973
10,2094,0.4956
10,2095,0.4908
10,2096,0.4893
10,2097,0.4909
10,2098,0.4898
10,2099,0.4902
10,2100,0.4886
10,2101,0.4825
10,2102,0.4780
10,2103,0.4761
10,2104,0.4756
10,2105,0.4745
10,2106,0.4763
10,2107,0.4752
10,2108,0.4713
10,2109,0.4700
10,2110,0.4695
10,2111,0.4680
10,2112,0.4677
10,2113,0.4665
10,2114,0.4638
10,2115,0.4616
10,2116,0.4594
10,2117,0.4565
10,2118,0.4553
10,2119,0.4543
10,2120,0.4541
10,2121,0.4559
10,2122,0.4562
10,2123,0.4565
10,2124,0.4562
10,2125,0.4558
10,2126,0.4546
10,2127,0.4524
10,2128,0.4506
10,2129,0.4478
10,2130,0.4460
10,2131,0.4449
10,2132,0.4436
10,2133,0.4430
10,2134,0.4416
10,2135,0.4406
10,2136,0.4391
10,2137,0.4389
10,2138,0.4400
10,2139,0.4398
10,2140,0.4403
10,2141,0.4394
10,2142,0.4364
10,2143,0.4348
10,2144,0.4351
10,2145,0.4325
10,2146,0.4273
10,2147,0.4249
10,2148,0.4213
10,2149,0.4194
10,2150,0.4198
10,2151,0.4227
10,2152,0.4223
10,2153,0.4208
10,2154,0.4200
10,2155,0.4187
10,2156,0.4172
10,2157,0.4154
10,2158,0.4145
10,2159,0.4143
10,2160,0.4128
10,2161,0.4112
10,2162,0.4096
10,2163,0.4067
10,2164,0.4046
10,2165,0.4038
10,2166,0.4025
10,2167,0.3997
10,2168,0.3985
10,2169,0.3982
10,2170,0.3989
10,2171,0.3984
10,2172,0.3990
10,2173,0.3975
10,2174,0.3939
10,2175,0.3924
10,2176,0.3898
10,2177,0.3905
10,2178,0.3953
10,2179,0.3955
10,2180,0.3963
10,2181,0.3951
10,2182,0.3885
10,2183,0.3858
10,2184,0.3848
10,2185,0.3836
10,2186,0.3825
10,2187,0.3828
10,2188,0.3864
10,2189,0.3867
10,2190,0.3856
10,2191,0.3850
10,2192,0.3841
10,2193,0.3807
10,2194,0.3791
10,2195,0.3797
10,2196,0.3784
10,2197,0.3755
10,2198,0.3732
10,2199,0.3709
10,2200,0.3689
10,2201,0.3668
10,2202,0.3647
10,2203,0.3622
10,2204,0.3608
10,2205,0.3600
10,2206,0.3594
10,2207,0.3605
10,2208,0.3604
10,2209,0.3607
10,2210,0.3590
10,2211,0.3543
10,2212,0.3515
10,2213,0.3492
10,2214,0.3453
10,2215,0.3444
10,2216,0.3466
10,2217,0.3467
10,2218,0.3465
10,2219,0.3474
10,2220,0.3484
10,2221,0.3499
10,2222,0.3535
10,2223,0.3548
10,2224,0.3547
10,2225,0.3558
10,2226,0.3553
10,2227,0.3573
10,2228,0.3608
10,2229,0.3650
10,2230,0.3733
10,2231,0.3779
10,2232,0.3826
10,2233,0.3851
10,2234,0.3830
10,2235,0.3825
10,2236,0.3819
10,2237,0.3798
10,2238,0.3812
10,2239,0.3857
10,2240,0.3864
10,2241,0.3862
10,2242,0.3888
10,2243,0.3904
10,2244,0.3923
10,2245,0.3994
10,2246,0.4003
10,2247,0.3957
10,2248,0.3941
10,2249,0.3914
10,2250,0.3896
10,2251,0.3897
10,2252,0.3885
10,2253,0.3855
10,2254,0.3849
10,2255,0.3869
10,2256,0.3861
10,2257,0.3839
10,2258,0.3833
10,2259,0.3812
10,2260,0.3801
10,2261,0.3815
10,2262,0.3831
10,2263,0.3827
10,2264,0.3812
10,2265,0.3787
10,2266,0.3744
10,2267,0.3727
10,2268,0.3705
10,2269,0.3704
10,2270,0.3726
10,2271,0.3747
10,2272,0.3785
10,2273,0.3798
10,2274,0.3799
10,2275,0.3817
10,2276,0.3831
10,2277,0.3841
10,2278,0.3866
10,2279,0.3884
10,2280,0.3879
10,2281,0.3896
10,2282,0.3940
10,2283,0.3965
10,2284,0.3988
10,2285,0.4008
10,2286,0.4012
10,2287,0.4031
10,2288,0.4083
10,2289,0.4096
10,2290,0.4068
10,2291,0.4073
10,2292,0.4070
10,2293,0.4069
10,2294,0.4080
10,2295,0.4140
10,2296,0.4139
10,2297,0.4108
10,2298,0.4074
10,2299,0.4004
10,2300,0.3987
10,2301,0.3979
10,2302,0.3982
10,2303,0.4024
10,2304,0.4037
10,2305,0.4023
10,2306,0.4048
10,2307,0.4095
10,2308,0.4130
10,2309,0.4205
10,2310,0.4219
10,2311,0.4176
10,2312,0.4168
10,2313,0.4140
10,2314,0.4131
10,2315,0.4165
10,2316,0.4159
10,2317,0.4112
10,2318,0.4102
10,2319,0.4090
10,2320,0.4090
10,2321,0.4126
10,2322,0.4146
10,2323,0.4163
10,2324,0.4175
10,2325,0.4195
10,2326,0.4198
10,2327,0.4175
10,2328,0.4166
10,2329,0.4155
10,2330,0.4145
10,2331,0.4164
10,2332,0.4148
10,2333,0.4113
10,2334,0.4045
10,2335,0.4027
10,2336,0.4007
10,2337,0.3994
10,2338,0.4023
10,2339,0.4011
10,2340,0.3963
10,2341,0.3949
10,2342,0.3950
10,2343,0.3941
10,2344,0.3946
10,2345,0.3921
10,2346,0.3859
10,2347,0.3848
10,2348,0.3856
10,2349,0.3840
10,2350,0.3853
10,2351,0.3826
10,2352,0.3726
10,2353,0.3703
10,2354,0.3737
10,2355,0.3704
10,2356,0.3667
10,2357,0.3629
10,2358,0.3519
10,2359,0.3483
10,2360,0.3495
10,2361,0.3508
10,2362,0.3580
10,2363,0.3586
10,2364,0.3590
10,2365,0.3555
10,2366,0.3434
10,2367,0.3363
10,2368,0.3271
10,2369,0.3229
10,2370,0.3233
10,2371,0.3234
10,2372,0.3284
10,2373,0.3290
10,2374,0.3279
10,2375,0.3262
10,2376,0.3219
10,2377,0.3181
10,2378,0.3139
10,2379,0.3087
10,2380,0.3019
10,2381,0.2954
10,2382,0.2886
10,2383,0.2817
10,2384,0.2703
10,2385,0.2664
10,2386,0.2708
10,2387,0.2695
10,2388,0.2725
10,2389,0.2712
10,2390,0.2615
10,2391,0.2528
10,2392,0.2362
10,2393,0.2311
10,2394,0.2356
10,2395,0.2362
10,2396,0.2479
10,2397,0.2526
10,2398,0.2503
10,2399,0.2438
10,2400,0.2339
11,400,0.0275
11,401,0.0420
11,402,0.0456
11,403,0.0268
11,404,0.0206
11,405,0.0276
11,406,0.0377
11,407,0.0351
11,408,0.0344
11,409,0.0358
11,410,0.0345
11,411,0.0382
11,412,0.0416
11,413,0.0406
11,414,0.0335
11,415,0.0392
11,416,0.0427
11,417,0.0325
11,418,0.0352
11,419,0.0411
11,420,0.0432
11,421,0.0386
11,422,0.0435
11,423,0.0448
11,424,0.0390
11,425,0.0454
11,426,0.0444
11,427,0.0378
11,428,0.0343
11,429,0.0416
11,430,0.0471
11,431,0.0461
11,432,0.0425
11,433,0.0448
11,434,0.0465
11,435,0.0437
11,436,0.0467
11,437,0.0482
11,438,0.0478
11,439,0.0487
11,440,0.0546
11,441,0.0559
11,442,0.0503
11,443,0.0466
11,444,0.0486
11,445,0.0515
11,446,0.0507
11,447,0.0550
11,448,0.0566
11,449,0.0545
11,450,0.0530
11,451,0.0556
11,452,0.0565
11,453,0.0533
11,454,0.0540
11,455,0.0546
11,456,0.0556
11,457,0.0584
11,458,0.0606
11,459,0.0618
11,460,0.0606
11,461,0.0553
11,462,0.0575
11,463,0.0618
11,464,0.0615
11,465,0.0601
11,466,0.0599
11,467,0.0608
11,468,0.0610
11,469,0.0639
11,470,0.0641
11,471,0.0598
11,472,0.0582
11,473,0.0616
11,474,0.0646
11,475,0.0620
11,476,0.0625
11,477,0.0640
11,478,0.0650
11,479,0.0656
11,480,0.0656
11,481,0.0657
11,482,0.0665
11,483,0.0674
11,484,0.0673
11,485,0.0674
11,486,0.0696
11,487,0.0687
11,488,0.0686
11,489,0.0708
11,490,0.0710
11,491,0.0713
11,492,0.0718
11,493,0.0720
11,494,0.0717
11,495,0.0721
11,496,0.0734
11,497,0.0742
11,498,0.0743
11,499,0.0752
11,500,0.0775
11,501,0.0779
11,502,0.0772
11,503,0.0777
11,504,0.0812
11,505,0.0815
11,506,0.0801
11,507,0.0797
11,508,0.0833
11,509,0.0842
11,510,0.0839
11,511,0.0852
11,512,0.0858
11,513,0.0875
11,514,0.0896
11,515,0.0895
11,516,0.0899
11,517,0.0909
11,518,0.0917
11,519,0.0918
11,520,0.0925
11,521,0.0944
11,522,0.0968
11,523,0.0964
11,524,0.0965
11,525,0.0987
11,526,0.1007
11,527,0.1020
11,528,0.1025
11,529,0.1030
11,530,0.1040
11,531,0.1048
11,532,0.1060
11,533,0.1088
11,534,0.1091
11,535,0.1092
11,536,0.1111
11,537,0.1127
11,538,0.1136
11,539,0.1146
11,540,0.1166
11,541,0.1175
11,542,0.1183
11,543,0.1196
11,544,0.1211
11,545,0.1221
11,546,0.1232
11,547,0.1250
11,548,0.1261
11,549,0.1278
11,550,0.1298
11,551,0.1305
11,552,0.1316
11,553,0.1326
11,554,0.1336
11,555,0.1358
11,556,0.1374
11,557,0.1383
11,558,0.1397
11,559,0.1408
11,560,0.1424
11,561,0.1444
11,562,0.1453
11,563,0.1463
11,564,0.1477
11,565,0.1497
11,566,0.1510
11,567,0.1523
11,568,0.1537
11,569,0.1550
11,570,0.1563
11,571,0.1581
11,572,0.1604
11,573,0.1616
11,574,0.1631
11,575,0.1646
11,576,0.1657
11,577,0.1679
11,578,0.1690
11,579,0.1690
11,580,0.1709
11,581,0.1724
11,582,0.1736
11,583,0.1749
11,584,0.1769
11,585,0.1781
11,586,0.1789
11,587,0.1814
11,588,0.1831
11,589,0.1838
11,590,0.1844
11,591,0.1859
11,592,0.1875
11,593,0.1888
11,594,0.1894
11,595,0.1915
11,596,0.1932
11,597,0.1941
11,598,0.1959
11,599,0.1973
11,600,0.1982
11,601,0.1990
11,602,0.2008
11,603,0.2025
11,604,0.2035
11,605,0.2045
11,606,0.2058
11,607,0.2077
11,608,0.2097
11,609,0.2106
11,610,0.2114
11,611,0.2126
11,612,0.2145
11,613,0.2161
11,614,0.2169
11,615,0.2175
11,616,0.2194
11,617,0.2205
11,618,0.2214
11,619,0.2228
11,620,0.2235
11,621,0.2248
11,622,0.2265
11,623,0.2278
11,624,0.2286
11,625,0.2296
11,626,0.2312
11,627,0.2325
11,628,0.2338
11,629,0.2351
11,630,0.2364
11,631,0.2370
11,632,0.2380
11,633,0.2392
11,634,0.2397
11,635,0.2413
11,636,0.2427
11,637,0.2433
11,638,0.2453
11,639,0.2462
11,640,0.2469
11,641,0.2486
11,642,0.2500
11,643,0.2509
11,644,0.2514
11,645,0.2523
11,646,0.2532
11,647,0.2544
11,648,0.2558
11,649,0.2566
11,650,0.2575
11,651,0.2585
11,652,0.2592
11,653,0.2601
11,654,0.2614
11,655,0.2626
11,656,0.2626
11,657,0.2640
11,658,0.2658
11,659,0.2667
11,660,0.2673
11,661,0.2680
11,662,0.2688
11,663,0.2699
11,664,0.2707
11,665,0.2712
11,666,0.2720
11,667,0.2733
11,668,0.2739
11,669,0.2747
11,670,0.2764
11,671,0.2766
11,672,0.2773
11,673,0.2788
11,674,0.2796
11,675,0.2802
11,676,0.2808
11,677,0.2818
11,678,0.2826
11,679,0.2835
11,680,0.2845
11,681,0.2855
11,682,0.2858
11,683,0.2868
11,684,0.2883
11,685,0.2888
11,686,0.2898
11,687,0.2907
11,688,0.2912
11,689,0.2923
11,690,0.2932
11,691,0.2941
11,692,0.2949
11,693,0.2955
11,694,0.2963
11,695,0.2973
11,696,0.2978
11,697,0.2986
11,698,0.2995
11,699,0.3002
11,700,0.3014
11,701,0.3022
11,702,0.3028
11,703,0.3036
11,704,0.3048
11,705,0.3058
11,706,0.3064
11,707,0.3064
11,708,0.3074
11,709,0.3087
11,710,0.3095
11,711,0.3106
11,712,0.3115
11,713,0.3122
11,714,0.3128
11,715,0.3133
11,716,0.3145
11,717,0.3159
11,718,0.3161
11,719,0.3166
11,720,0.3177
11,721,0.3192
11,722,0.3196
11,723,0.3202
11,724,0.3211
11,725,0.3220
11,726,0.3226
11,727,0.3231
11,728,0.3239
11,729,0.3250
11,730,0.3261
11,731,0.3270
11,732,0.3278
11,733,0.3284
11,734,0.3288
11,735,0.3292
11,736,0.3298
11,737,0.3314
11,738,0.3325
11,739,0.3329
11,740,0.3333
11,741,0.3341
11,742,0.3349
11,743,0.3355
11,744,0.3363
11,745,0.3376
11,746,0.3386
11,747,0.3391
11,748,0.3398
11,749,0.3403
11,750,0.3408
11,751,0.3415
11,752,0.3422
11,753,0.3431
11,754,0.3439
11,755,0.3439
11,756,0.3447
11,757,0.3455
11,758,0.3460
11,759,0.3464
11,760,0.3471
11,761,0.3480
11,762,0.3489
11,763,0.3491
11,764,0.3499
11,765,0.3507
11,766,0.3500
11,767,0.3507
11,768,0.3518
11,769,0.3524
11,770,0.3529
11,771,0.3533
11,772,0.3538
11,773,0.3545
11,774,0.3549
11,775,0.3552
11,776,0.3557
11,777,0.3562
11,778,0.3566
11,779,0.3567
11,780,0.3567
11,781,0.3573
11,782,0.3579
11,783,0.3587
11,784,0.3595
11,785,0.3595
11,786,0.3603
11,787,0.3612
11,788,0.3612
11,789,0.3610
11,790,0.3611
11,791,0.3616
11,792,0.3620
11,793,0.3619
11,794,0.3620
11,795,0.3627
11,796,0.3633
11,797,0.3631
11,798,0.3628
11,799,0.3629
11,800,0.3638
11,801,0.3644
11,802,0.3648
11,803,0.3651
11,804,0.3645
11,805,0.3650
11,806,0.3657
11,807,0.3648
11,808,0.3652
11,809,0.3661
11,810,0.3667
11,811,0.3660
11,812,0.3661
11,813,0.3666
11,814,0.3670
11,815,0.3673
11,816,0.3670
11,817,0.3668
11,818,0.3672
11,819,0.3678
11,820,0.3677
11,821,0.3673
11,822,0.3671
11,823,0.3673
11,824,0.3673
11,825,0.3671
11,826,0.3674
11,827,0.3679
11,828,0.3680
11,829,0.3680
11,830,0.3687
11,831,0.3678
11,832,0.3675
11,833,0.3688
11,834,0.3689
11,835,0.3686
11,836,0.3683
11,837,0.3685
11,838,0.3687
11,839,0.3682
11,840,0.3678
11,841,0.3684
11,842,0.3690
11,843,0.3687
11,844,0.3685
11,845,0.3691
11,846,0.3689
11,847,0.3687
11,848,0.3684
11,849,0.3678
11,850,0.3681
11,851,0.3685
11,852,0.3684
11,853,0.3676
11,854,0.3678
11,855,0.3681
11,856,0.3678
11,857,0.3675
11,858,0.3670
11,859,0.3672
11,860,0.3684
11,861,0.3677
11,862,0.3672
11,863,0.3677
11,864,0.3687
11,865,0.3677
11,866,0.3670
11,867,0.3673
11,868,0.3683
11,869,0.3678
11,870,0.3676
11,871,0.3677
11,872,0.3666
11,873,0.3665
11,874,0.3669
11,875,0.3673
11,876,0.3673
11,877,0.3664
11,878,0.3663
11,879,0.3671
11,880,0.3663
11,881,0.3668
11,882,0.3675
11,883,0.3672
11,884,0.3666
11,885,0.3660
11,886,0.3663
11,887,0.3675
11,888,0.3664
11,889,0.3665
11,890,0.3671
11,891,0.3669
11,892,0.3651
11,893,0.3651
11,894,0.3664
11,895,0.3671
11,896,0.3664
11,897,0.3664
11,898,0.3666
11,899,0.3654
11,900,0.3654
11,901,0.3662
11,902,0.3665
11,903,0.3655
11,904,0.3665
11,905,0.3673
11,906,0.3673
11,907,0.3671
11,908,0.3658
11,909,0.3657
11,910,0.3663
11,911,0.3651
11,912,0.3649
11,913,0.3663
11,914,0.3679
11,915,0.3666
11,916,0.3670
11,917,0.3666
11,918,0.3656
11,919,0.3672
11,920,0.3674
11,921,0.3674
11,922,0.3672
11,923,0.3662
11,924,0.3667
11,925,0.3675
11,926,0.3673
11,927,0.3657
11,928,0.3659
11,929,0.3657
11,930,0.3650
11,931,0.3669
11,932,0.3664
11,933,0.3671
11,934,0.3694
11,935,0.3687
11,936,0.3694
11,937,0.3691
11,938,0.3676
11,939,0.3688
11,940,0.3692
11,941,0.3673
11,942,0.3651
11,943,0.3677
11,944,0.3680
11,945,0.3672
11,946,0.3671
11,947,0.3692
11,948,0.3693
11,949,0.3704
11,950,0.3720
11,951,0.3690
11,952,0.3688
11,953,0.3690
11,954,0.3683
11,955,0.3682
11,956,0.3674
11,957,0.3670
11,958,0.3680
11,959,0.3708
11,960,0.3723
11,961,0.3717
11,962,0.3702
11,963,0.3699
11,964,0.3699
11,965,0.3710
11,966,0.3714
11,967,0.3682
11,968,0.3686
11,969,0.3704
11,970,0.3714
11,971,0.3714
11,972,0.3714
11,973,0.3728
11,974,0.3742
11,975,0.3730
11,976,0.3697
11,977,0.3692
11,978,0.3719
11,979,0.3748
11,980,0.3722
11,981,0.3733
11,982,0.3755
11,983,0.3736
11,984,0.3746
11,985,0.3761
11,986,0.3755
11,987,0.3723
11,988,0.3722
11,989,0.3734
11,990,0.3765
11,991,0.3804
11,992,0.3800
11,993,0.3745
11,994,0.3716
11,995,0.3745
11,996,0.3766
11,997,0.3797
11,998,0.3761
11,999,0.3697
11,1000,0.3752
11,1001,0.3754
11,1002,0.3743
11,1003,0.3757
11,1004,0.3781
11,1005,0.3811
11,1006,0.3830
11,1007,0.3813
11,1008,0.3808
11,1009,0.3821
11,1010,0.3829
11,1011,0.3843
11,1012,0.3856
11,1013,0.3848
11,1014,0.3835
11,1015,0.3828
11,1016,0.3836
11,1017,0.3845
11,1018,0.3845
11,1019,0.3850
11,1020,0.3834
11,1021,0.3832
11,1022,0.3855
11,1023,0.3867
11,1024,0.3883
11,1025,0.3891
11,1026,0.3898
11,1027,0.3888
11,1028,0.3871
11,1029,0.3886
11,1030,0.3905
11,1031,0.3923
11,1032,0.3959
11,1033,0.3958
11,1034,0.3955
11,1035,0.3969
11,1036,0.3963
11,1037,0.3971
11,1038,0.3973
11,1039,0.3972
11,1040,0.3959
11,1041,0.3964
11,1042,0.3956
11,1043,0.3940
11,1044,0.3938
11,1045,0.3942
11,1046,0.3940
11,1047,0.3945
11,1048,0.3959
11,1049,0.3966
11,1050,0.3964
11,1051,0.3967
11,1052,0.3972
11,1053,0.3973
11,1054,0.3960
11,1055,0.3964
11,1056,0.3973
11,1057,0.3973
11,1058,0.3977
11,1059,0.3986
11,1060,0.4004
11,1061,0.3995
11,1062,0.3991
11,1063,0.4008
11,1064,0.3999
11,1065,0.4003
11,1066,0.4015
11,1067,0.4021
11,1068,0.4012
11,1069,0.4017
11,1070,0.4031
11,1071,0.4042
11,1072,0.4046
11,1073,0.4051
11,1074,0.4048
11,1075,0.4056
11,1076,0.4079
11,1077,0.4089
11,1078,0.4112
11,1079,0.4130
11,1080,0.4113
11,1081,0.4105
11,1082,0.4098
11,1083,0.4076
11,1084,0.4072
11,1085,0.4083
11,1086,0.4084
11,1087,0.4097
11,1088,0.4114
11,1089,0.4106
11,1090,0.4113
11,1091,0.4124
11,1092,0.4121
11,1093,0.4132
11,1094,0.4143
11,1095,0.4145
11,1096,0.4158
11,1097,0.4162
11,1098,0.4161
11,1099,0.4164
11,1100,0.4169
11,1101,0.4158
11,1102,0.4151
11,1103,0.4154
11,1104,0.4146
11,1105,0.4142
11,1106,0.4156
11,1107,0.4164
11,1108,0.4168
11,1109,0.4184
11,1110,0.4187
11,1111,0.4190
11,1112,0.4194
11,1113,0.4199
11,1114,0.4198
11,1115,0.4199
11,1116,0.4196
11,1117,0.4180
11,1118,0.4183
11,1119,0.4193
11,1120,0.4190
11,1121,0.4204
11,1122,0.4206
11,1123,0.4204
11,1124,0.4218
11,1125,0.4219
11,1126,0.4231
11,1127,0.4244
11,1128,0.4259
11,1129,0.4266
11,1130,0.4274
11,1131,0.4275
11,1132,0.4265
11,1133,0.4263
11,1134,0.4260
11,1135,0.4269
11,1136,0.4273
11,1137,0.4273
11,1138,0.4279
11,1139,0.4278
11,1140,0.4278
11,1141,0.4293
11,1142,0.4302
11,1143,0.4312
11,1144,0.4320
11,1145,0.4328
11,1146,0.4331
11,1147,0.4329
11,1148,0.4329
11,1149,0.4325
11,1150,0.4326
11,1151,0.4325
11,1152,0.4329
11,1153,0.4337
11,1154,0.4335
11,1155,0.4343
11,1156,0.4343
11,1157,0.4339
11,1158,0.4349
11,1159,0.4350
11,1160,0.4344
11,1161,0.4346
11,1162,0.4352
11,1163,0.4353
11,1164,0.4360
11,1165,0.4358
11,1166,0.4344
11,1167,0.4341
11,1168,0.4338
11,1169,0.4337
11,1170,0.4352
11,1171,0.4367
11,1172,0.4375
11,1173,0.4382
11,1174,0.4385
11,1175,0.4391
11,1176,0.4395
11,1177,0.4400
11,1178,0.4405
11,1179,0.4412
11,1180,0.4411
11,1181,0.4406
11,1182,0.4407
11,1183,0.4404
11,1184,0.4406
11,1185,0.4418
11,1186,0.4425
11,1187,0.4428
11,1188,0.4433
11,1189,0.4432
11,1190,0.4427
11,1191,0.4430
11,1192,0.4439
11,1193,0.4446
11,1194,0.4464
11,1195,0.4472
11,1196,0.4471
11,1197,0.4476
11,1198,0.4485
11,1199,0.4487
11,1200,0.4483
11,1201,0.4484
11,1202,0.4482
11,1203,0.4482
11,1204,0.4485
11,1205,0.4491
11,1206,0.4489
11,1207,0.4496
11,1208,0.4505
11,1209,0.4511
11,1210,0.4516
11,1211,0.4523
11,1212,0.4522
11,1213,0.4513
11,1214,0.4511
11,1215,0.4506
11,1216,0.4507
11,1217,0.4515
11,1218,0.4522
11,1219,0.4534
11,1220,0.4541
11,1221,0.4549
11,1222,0.4554
11,1223,0.4553
11,1224,0.4556
11,1225,0.4553
11,1226,0.4556
11,1227,0.4558
11,1228,0.4554
11,1229,0.4558
11,1230,0.4570
11,1231,0.4573
11,1232,0.4575
11,1233,0.4579
11,1234,0.4577
11,1235,0.4581
11,1236,0.4595
11,1237,0.4600
11,1238,0.4598
11,1239,0.4601
11,1240,0.4601
11,1241,0.4601
11,1242,0.4601
11,1243,0.4606
11,1244,0.4611
11,1245,0.4605
11,1246,0.4609
11,1247,0.4622
11,1248,0.4629
11,1249,0.4640
11,1250,0.4643
11,1251,0.4638
11,1252,0.4639
11,1253,0.4638
11,1254,0.4637
11,1255,0.4637
11,1256,0.4641
11,1257,0.4648
11,1258,0.4653
11,1259,0.4667
11,1260,0.4673
11,1261,0.4673
11,1262,0.4675
11,1263,0.4679
11,1264,0.4677
11,1265,0.4680
11,1266,0.4677
11,1267,0.4675
11,1268,0.4670
11,1269,0.4674
11,1270,0.4682
11,1271,0.4685
11,1272,0.4693
11,1273,0.4692
11,1274,0.4679
11,1275,0.4678
11,1276,0.4677
11,1277,0.4681
11,1278,0.4700
11,1279,0.4705
11,1280,0.4710
11,1281,0.4710
11,1282,0.4696
11,1283,0.4690
11,1284,0.4689
11,1285,0.4683
11,1286,0.4687
11,1287,0.4702
11,1288,0.4708
11,1289,0.4717
11,1290,0.4722
11,1291,0.4721
11,1292,0.4723
11,1293,0.4728
11,1294,0.4732
11,1295,0.4733
11,1296,0.4736
11,1297,0.4739
11,1298,0.4740
11,1299,0.4738
11,1300,0.4741
11,1301,0.4743
11,1302,0.4748
11,1303,0.4764
11,1304,0.4768
11,1305,0.4761
11,1306,0.4760
11,1307,0.4754
11,1308,0.4751
11,1309,0.4754
11,1310,0.4769
11,1311,0.4772
11,1312,0.4776
11,1313,0.4775
11,1314,0.4769
11,1315,0.4765
11,1316,0.4757
11,1317,0.4755
11,1318,0.4756
11,1319,0.4757
11,1320,0.4761
11,1321,0.4763
11,1322,0.4764
11,1323,0.4766
11,1324,0.4773
11,1325,0.4775
11,1326,0.4776
11,1327,0.4775
11,1328,0.4769
11,1329,0.4766
11,1330,0.4765
11,1331,0.4765
11,1332,0.4765
11,1333,0.4764
11,1334,0.4771
11,1335,0.4782
11,1336,0.4786
11,1337,0.4795
11,1338,0.4795
11,1339,0.4784
11,1340,0.4781
11,1341,0.4779
11,1342,0.4778
11,1343,0.4777
11,1344,0.4779
11,1345,0.4788
11,1346,0.4788
11,1347,0.4786
11,1348,0.4784
11,1349,0.4775
11,1350,0.4772
11,1351,0.4777
11,1352,0.4776
11,1353,0.4770
11,1354,0.4769
11,1355,0.4769
11,1356,0.4768
11,1357,0.4768
11,1358,0.4774
11,1359,0.4773
11,1360,0.4767
11,1361,0.4766
11,1362,0.4767
11,1363,0.4767
11,1364,0.4766
11,1365,0.4768
11,1366,0.4772
11,1367,0.4770
11,1368,0.4765
11,1369,0.4765
11,1370,0.4761
11,1371,0.4761
11,1372,0.4769
11,1373,0.4771
11,1374,0.4771
11,1375,0.4770
11,1376,0.4765
11,1377,0.4762
11,1378,0.4756
11,1379,0.4753
11,1380,0.4751
11,1381,0.4750
11,1382,0.4748
11,1383,0.4750
11,1384,0.4753
11,1385,0.4761
11,1386,0.4760
11,1387,0.4760
11,1388,0.4756
11,1389,0.4744
11,1390,0.4742
11,1391,0.4746
11,1392,0.4742
11,1393,0.4737
11,1394,0.4733
11,1395,0.4722
11,1396,0.4718
11,1397,0.4721
11,1398,0.4720
11,1399,0.4721
11,1400,0.4718
11,1401,0.4715
11,1402,0.4710
11,1403,0.4702
11,1404,0.4695
11,1405,0.4686
11,1406,0.4679
11,1407,0.4675
11,1408,0.4669
11,1409,0.4667
11,1410,0.4660
11,1411,0.4647
11,1412,0.4637
11,1413,0.4623
11,1414,0.4613
11,1415,0.4604
11,1416,0.4600
11,1417,0.4590
11,1418,0.4581
11,1419,0.4567
11,1420,0.4546
11,1421,0.4535
11,1422,0.4525
11,1423,0.4519
11,1424,0.4523
11,1425,0.4515
11,1426,0.4503
11,1427,0.4491
11,1428,0.4474
11,1429,0.4460
11,1430,0.4448
11,1431,0.4436
11,1432,0.4427
11,1433,0.4412
11,1434,0.4396
11,1435,0.4378
11,1436,0.4353
11,1437,0.4332
11,1438,0.4312
11,1439,0.4293
11,1440,0.4278
11,1441,0.4261
11,1442,0.4245
11,1443,0.4228
11,1444,0.4199
11,1445,0.4187
11,1446,0.4182
11,1447,0.4180
11,1448,0.4186
11,1449,0.4204
11,1450,0.4216
11,1451,0.4228
11,1452,0.4242
11,1453,0.4261
11,1454,0.4275
11,1455,0.4287
11,1456,0.4299
11,1457,0.4310
11,1458,0.4320
11,1459,0.4330
11,1460,0.4340
11,1461,0.4348
11,1462,0.4357
11,1463,0.4368
11,1464,0.4376
11,1465,0.4384
11,1466,0.4388
11,1467,0.4387
11,1468,0.4391
11,1469,0.4399
11,1470,0.4401
11,1471,0.4405
11,1472,0.4408
11,1473,0.4404
11,1474,0.4407
11,1475,0.4421
11,1476,0.4427
11,1477,0.4432
11,1478,0.4435
11,1479,0.4431
11,1480,0.4430
11,1481,0.4430
11,1482,0.4427
11,1483,0.4421
11,1484,0.4414
11,1485,0.4401
11,1486,0.4393
11,1487,0.4387
11,1488,0.4384
11,1489,0.4385
11,1490,0.4389
11,1491,0.4393
11,1492,0.4400
11,1493,0.4404
11,1494,0.4407
11,1495,0.4413
11,1496,0.4415
11,1497,0.4425
11,1498,0.4441
11,1499,0.4454
11,1500,0.4473
11,1501,0.4482
11,1502,0.4483
11,1503,0.4490
11,1504,0.4492
11,1505,0.4500
11,1506,0.4512
11,1507,0.4524
11,1508,0.4538
11,1509,0.4545
11,1510,0.4550
11,1511,0.4554
11,1512,0.4549
11,1513,0.4549
11,1514,0.4548
11,1515,0.4550
11,1516,0.4553
11,1517,0.4556
11,1518,0.4565
11,1519,0.4568
11,1520,0.4568
11,1521,0.4567
11,1522,0.4561
11,1523,0.4558
11,1524,0.4553
11,1525,0.4551
11,1526,0.4551
11,1527,0.4551
11,1528,0.4552
11,1529,0.4554
11,1530,0.4556
11,1531,0.4557
11,1532,0.4558
11,1533,0.4557
11,1534,0.4553
11,1535,0.4551
11,1536,0.4548
11,1537,0.4547
11,1538,0.4548
11,1539,0.4549
11,1540,0.4549
11,1541,0.4553
11,1542,0.4560
11,1543,0.4569
11,1544,0.4570
11,1545,0.4575
11,1546,0.4582
11,1547,0.4586
11,1548,0.4593
11,1549,0.4607
11,1550,0.4617
11,1551,0.4625
11,1552,0.4634
11,1553,0.4646
11,1554,0.4653
11,1555,0.4656
11,1556,0.4663
11,1557,0.4671
11,1558,0.4677
11,1559,0.4684
11,1560,0.4691
11,1561,0.4696
11,1562,0.4702
11,1563,0.4710
11,1564,0.4716
11,1565,0.4725
11,1566,0.4728
11,1567,0.4728
11,1568,0.4732
11,1569,0.4734
11,1570,0.4738
11,1571,0.4747
11,1572,0.4753
11,1573,0.4760
11,1574,0.4761
11,1575,0.4759
11,1576,0.4761
11,1577,0.4759
11,1578,0.4760
11,1579,0.4766
11,1580,0.4769
11,1581,0.4769
11,1582,0.4770
11,1583,0.4768
11,1584,0.4773
11,1585,0.4781
11,1586,0.4786
11,1587,0.4795
11,1588,0.4801
11,1589,0.4802
11,1590,0.4805
11,1591,0.4808
11,1592,0.4812
11,1593,0.4817
11,1594,0.4818
11,1595,0.4820
11,1596,0.4820
11,1597,0.4816
11,1598,0.4816
11,1599,0.4816
11,1600,0.4822
11,1601,0.4833
11,1602,0.4840
11,1603,0.4852
11,1604,0.4858
11,1605,0.4858
11,1606,0.4860
11,1607,0.4863
11,1608,0.4863
11,1609,0.4864
11,1610,0.4863
11,1611,0.4857
11,1612,0.4859
11,1613,0.4865
11,1614,0.4869
11,1615,0.4879
11,1616,0.4881
11,1617,0.4879
11,1618,0.4878
11,1619,0.4874
11,1620,0.4872
11,1621,0.4867
11,1622,0.4868
11,1623,0.4870
11,1624,0.4876
11,1625,0.4894
11,1626,0.4902
11,1627,0.4906
11,1628,0.4910
11,1629,0.4907
11,1630,0.4907
11,1631,0.4908
11,1632,0.4909
11,1633,0.4907
11,1634,0.4909
11,1635,0.4920
11,1636,0.4922
11,1637,0.4919
11,1638,0.4921
11,1639,0.4922
11,1640,0.4921
11,1641,0.4927
11,1642,0.4926
11,1643,0.4912
11,1644,0.4907
11,1645,0.4908
11,1646,0.4907
11,1647,0.4907
11,1648,0.4910
11,1649,0.4913
11,1650,0.4917
11,1651,0.4922
11,1652,0.4930
11,1653,0.4942
11,1654,0.4947
11,1655,0.4954
11,1656,0.4955
11,1657,0.4946
11,1658,0.4941
11,1659,0.4936
11,1660,0.4933
11,1661,0.4926
11,1662,0.4928
11,1663,0.4940
11,1664,0.4945
11,1665,0.4956
11,1666,0.4961
11,1667,0.4953
11,1668,0.4952
11,1669,0.4951
11,1670,0.4952
11,1671,0.4956
11,1672,0.4959
11,1673,0.4959
11,1674,0.4962
11,1675,0.4966
11,1676,0.4966
11,1677,0.4967
11,1678,0.4964
11,1679,0.4958
11,1680,0.4952
11,1681,0.4939
11,1682,0.4935
11,1683,0.4931
11,1684,0.4931
11,1685,0.4938
11,1686,0.4943
11,1687,0.4952
11,1688,0.4951
11,1689,0.4944
11,1690,0.4944
11,1691,0.4943
11,1692,0.4940
11,1693,0.4941
11,1694,0.4940
11,1695,0.4933
11,1696,0.4931
11,1697,0.4935
11,1698,0.4933
11,1699,0.4928
11,1700,0.4926
11,1701,0.4925
11,1702,0.4923
11,1703,0.4919
11,1704,0.4916
11,1705,0.4909
11,1706,0.4907
11,1707,0.4914
11,1708,0.4913
11,1709,0.4913
11,1710,0.4908
11,1711,0.4896
11,1712,0.4886
11,1713,0.4877
11,1714,0.4867
11,1715,0.4855
11,1716,0.4843
11,1717,0.4829
11,1718,0.4817
11,1719,0.4808
11,1720,0.4804
11,1721,0.4797
11,1722,0.4778
11,1723,0.4766
11,1724,0.4758
11,1725,0.4745
11,1726,0.4746
11,1727,0.4740
11,1728,0.4719
11,1729,0.4707
11,1730,0.4696
11,1731,0.4689
11,1732,0.4685
11,1733,0.4685
11,1734,0.4678
11,1735,0.4667
11,1736,0.4672
11,1737,0.4662
11,1738,0.4646
11,1739,0.4637
11,1740,0.4624
11,1741,0.4621
11,1742,0.4617
11,1743,0.4613
11,1744,0.4601
11,1745,0.4586
11,1746,0.4585
11,1747,0.4587
11,1748,0.4587
11,1749,0.4589
11,1750,0.4591
11,1751,0.4592
11,1752,0.4590
11,1753,0.4596
11,1754,0.4611
11,1755,0.4616
11,1756,0.4619
11,1757,0.4622
11,1758,0.4613
11,1759,0.4610
11,1760,0.4614
11,1761,0.4620
11,1762,0.4626
11,1763,0.4632
11,1764,0.4641
11,1765,0.4648
11,1766,0.4653
11,1767,0.4657
11,1768,0.4663
11,1769,0.4664
11,1770,0.4666
11,1771,0.4662
11,1772,0.4667
11,1773,0.4675
11,1774,0.4673
11,1775,0.4678
11,1776,0.4679
11,1777,0.4675
11,1778,0.4681
11,1779,0.4678
11,1780,0.4681
11,1781,0.4687
11,1782,0.4682
11,1783,0.4681
11,1784,0.4680
11,1785,0.4684
11,1786,0.4694
11,1787,0.4703
11,1788,0.4717
11,1789,0.4729
11,1790,0.4737
11,1791,0.4750
11,1792,0.4760
11,1793,0.4756
11,1794,0.4756
11,1795,0.4766
11,1796,0.4771
11,1797,0.4777
11,1798,0.4789
11,1799,0.4801
11,1800,0.4803
11,1801,0.4804
11,1802,0.4809
11,1803,0.4807
11,1804,0.4810
11,1805,0.4826
11,1806,0.4813
11,1807,0.4803
11,1808,0.4801
11,1809,0.4806
11,1810,0.4818
11,1811,0.4829
11,1812,0.4828
11,1813,0.4827
11,1814,0.4818
11,1815,0.4806
11,1816,0.4804
11,1817,0.4800
11,1818,0.4807
11,1819,0.4813
11,1820,0.4825
11,1821,0.4837
11,1822,0.4841
11,1823,0.4853
11,1824,0.4855
11,1825,0.4862
11,1826,0.4877
11,1827,0.4878
11,1828,0.4871
11,1829,0.4862
11,1830,0.4854
11,1831,0.4866
11,1832,0.4862
11,1833,0.4855
11,1834,0.4854
11,1835,0.4860
11,1836,0.4867
11,1837,0.4865
11,1838,0.4865
11,1839,0.4875
11,1840,0.4903
11,1841,0.4925
11,1842,0.4923
11,1843,0.4913
11,1844,0.4881
11,1845,0.4846
11,1846,0.4833
11,1847,0.4833
11,1848,0.4823
11,1849,0.4818
11,1850,0.4825
11,1851,0.4824
11,1852,0.4823
11,1853,0.4848
11,1854,0.4843
11,1855,0.4813
11,1856,0.4777
11,1857,0.4768
11,1858,0.4739
11,1859,0.4717
11,1860,0.4713
11,1861,0.4708
11,1862,0.4714
11,1863,0.4707
11,1864,0.4700
11,1865,0.4699
11,1866,0.4697
11,1867,0.4670
11,1868,0.4670
11,1869,0.4661
11,1870,0.4639
11,1871,0.4620
11,1872,0.4589
11,1873,0.4548
11,1874,0.4514
11,1875,0.4468
11,1876,0.4438
11,1877,0.4446
11,1878,0.4446
11,1879,0.4437
11,1880,0.4421
11,1881,0.4382
11,1882,0.4335
11,1883,0.4301
11,1884,0.4279
11,1885,0.4257
11,1886,0.4246
11,1887,0.4217
11,1888,0.4178
11,1889,0.4147
11,1890,0.4112
11,1891,0.4084
11,1892,0.4060
11,1893,0.4056
11,1894,0.4023
11,1895,0.3971
11,1896,0.3941
11,1897,0.3910
11,1898,0.3880
11,1899,0.3876
11,1900,0.3851
11,1901,0.3824
11,1902,0.3806
11,1903,0.3774
11,1904,0.3735
11,1905,0.3706
11,1906,0.3670
11,1907,0.3634
11,1908,0.3608
11,1909,0.3578
11,1910,0.3532
11,1911,0.3491
11,1912,0.3451
11,1913,0.3415
11,1914,0.3367
11,1915,0.3309
11,1916,0.3268
11,1917,0.3228
11,1918,0.3188
11,1919,0.3161
11,1920,0.3134
11,1921,0.3072
11,1922,0.3029
11,1923,0.2989
11,1924,0.2949
11,1925,0.2910
11,1926,0.2874
11,1927,0.2845
11,1928,0.2825
11,1929,0.2796
11,1930,0.2766
11,1931,0.2744
11,1932,0.2713
11,1933,0.2676
11,1934,0.2644
11,1935,0.2620
11,1936,0.2594
11,1937,0.2555
11,1938,0.2534
11,1939,0.2528
11,1940,0.2513
11,1941,0.2498
11,1942,0.2488
11,1943,0.2472
11,1944,0.2466
11,1945,0.2469
11,1946,0.2493
11,1947,0.2498
11,1948,0.2491
11,1949,0.2506
11,1950,0.2521
11,1951,0.2541
11,1952,0.2578
11,1953,0.2615
11,1954,0.2658
11,1955,0.2693
11,1956,0.2719
11,1957,0.2743
11,1958,0.2769
11,1959,0.2779
11,1960,0.2800
11,1961,0.2842
11,1962,0.2866
11,1963,0.2875
11,1964,0.2891
11,1965,0.2906
11,1966,0.2922
11,1967,0.2943
11,1968,0.2974
11,1969,0.2989
11,1970,0.3009
11,1971,0.3006
11,1972,0.2959
11,1973,0.2964
11,1974,0.2988
11,1975,0.3001
11,1976,0.3053
11,1977,0.3077
11,1978,0.3083
11,1979,0.3067
11,1980,0.3072
11,1981,0.3080
11,1982,0.3088
11,1983,0.3099
11,1984,0.3113
11,1985,0.3127
11,1986,0.3145
11,1987,0.3175
11,1988,0.3199
11,1989,0.3209
11,1990,0.3237
11,1991,0.3272
11,1992,0.3312
11,1993,0.3355
11,1994,0.3417
11,1995,0.3464
11,1996,0.3507
11,1997,0.3549
11,1998,0.3583
11,1999,0.3628
11,2000,0.3683
11,2001,0.3727
11,2002,0.3757
11,2003,0.3814
11,2004,0.3855
11,2005,0.3890
11,2006,0.3918
11,2007,0.3945
11,2008,0.3973
11,2009,0.3992
11,2010,0.4013
11,2011,0.4041
11,2012,0.4067
11,2013,0.4081
11,2014,0.4105
11,2015,0.4150
11,2016,0.4170
11,2017,0.4195
11,2018,0.4222
11,2019,0.4237
11,2020,0.4238
11,2021,0.4246
11,2022,0.4250
11,2023,0.4255
11,2024,0.4253
11,2025,0.4266
11,2026,0.4293
11,2027,0.4309
11,2028,0.4340
11,2029,0.4355
11,2030,0.4359
11,2031,0.4335
11,2032,0.4339
11,2033,0.4342
11,2034,0.4355
11,2035,0.4397
11,2036,0.4405
11,2037,0.4396
11,2038,0.4393
11,2039,0.4366
11,2040,0.4362
11,2041,0.4373
11,2042,0.4386
11,2043,0.4406
11,2044,0.4444
11,2045,0.4454
11,2046,0.4458
11,2047,0.4459
11,2048,0.4438
11,2049,0.4433
11,2050,0.4440
11,2051,0.4436
11,2052,0.4423
11,2053,0.4416
11,2054,0.4396
11,2055,0.4396
11,2056,0.4405
11,2057,0.4438
11,2058,0.4435
11,2059,0.4427
11,2060,0.4427
11,2061,0.4399
11,2062,0.4399
11,2063,0.4433
11,2064,0.4441
11,2065,0.4444
11,2066,0.4445
11,2067,0.4431
11,2068,0.4430
11,2069,0.4441
11,2070,0.4442
11,2071,0.4441
11,2072,0.4440
11,2073,0.4446
11,2074,0.4453
11,2075,0.4448
11,2076,0.4445
11,2077,0.4438
11,2078,0.4400
11,2079,0.4398
11,2080,0.4436
11,2081,0.4440
11,2082,0.4437
11,2083,0.4436
11,2084,0.4412
11,2085,0.4390
11,2086,0.4396
11,2087,0.4429
11,2088,0.4443
11,2089,0.4471
11,2090,0.4475
11,2091,0.4458
11,2092,0.4450
11,2093,0.4427
11,2094,0.4424
11,2095,0.4446
11,2096,0.4438
11,2097,0.4412
11,2098,0.4404
11,2099,0.4384
11,2100,0.4374
11,2101,0.4388
11,2102,0.4402
11,2103,0.4402
11,2104,0.4391
11,2105,0.4381
11,2106,0.4366
11,2107,0.4355
11,2108,0.4343
11,2109,0.4330
11,2110,0.4312
11,2111,0.4302
11,2112,0.4300
11,2113,0.4296
11,2114,0.4307
11,2115,0.4303
11,2116,0.4284
11,2117,0.4266
11,2118,0.4264
11,2119,0.4264
11,2120,0.4266
11,2121,0.4284
11,2122,0.4290
11,2123,0.4290
11,2124,0.4287
11,2125,0.4284
11,2126,0.4278
11,2127,0.4257
11,2128,0.4252
11,2129,0.4263
11,2130,0.4261
11,2131,0.4261
11,2132,0.4257
11,2133,0.4248
11,2134,0.4226
11,2135,0.4221
11,2136,0.4224
11,2137,0.4219
11,2138,0.4218
11,2139,0.4210
11,2140,0.4188
11,2141,0.4186
11,2142,0.4200
11,2143,0.4194
11,2144,0.4194
11,2145,0.4182
11,2146,0.4140
11,2147,0.4120
11,2148,0.4101
11,2149,0.4095
11,2150,0.4107
11,2151,0.4121
11,2152,0.4116
11,2153,0.4107
11,2154,0.4109
11,2155,0.4099
11,2156,0.4097
11,2157,0.4118
11,2158,0.4115
11,2159,0.4104
11,2160,0.4080
11,2161,0.4030
11,2162,0.4007
11,2163,0.3976
11,2164,0.3960
11,2165,0.3974
11,2166,0.3976
11,2167,0.3972
11,2168,0.3971
11,2169,0.3966
11,2170,0.3976
11,2171,0.3977
11,2172,0.3984
11,2173,0.3971
11,2174,0.3942
11,2175,0.3932
11,2176,0.3910
11,2177,0.3909
11,2178,0.3939
11,2179,0.3946
11,2180,0.3952
11,2181,0.3951
11,2182,0.3931
11,2183,0.3928
11,2184,0.3928
11,2185,0.3928
11,2186,0.3944
11,2187,0.3945
11,2188,0.3933
11,2189,0.3924
11,2190,0.3909
11,2191,0.3893
11,2192,0.3877
11,2193,0.3862
11,2194,0.3849
11,2195,0.3826
11,2196,0.3829
11,2197,0.3858
11,2198,0.3861
11,2199,0.3875
11,2200,0.3866
11,2201,0.3831
11,2202,0.3800
11,2203,0.3744
11,2204,0.3726
11,2205,0.3728
11,2206,0.3721
11,2207,0.3756
11,2208,0.3757
11,2209,0.3711
11,2210,0.3694
11,2211,0.3680
11,2212,0.3673
11,2213,0.3676
11,2214,0.3708
11,2215,0.3714
11,2216,0.3707
11,2217,0.3719
11,2218,0.3739
11,2219,0.3744
11,2220,0.3745
11,2221,0.3760
11,2222,0.3773
11,2223,0.3776
11,2224,0.3788
11,2225,0.3796
11,2226,0.3776
11,2227,0.3779
11,2228,0.3812
11,2229,0.3825
11,2230,0.3841
11,2231,0.3843
11,2232,0.3811
11,2233,0.3811
11,2234,0.3832
11,2235,0.3843
11,2236,0.3857
11,2237,0.3891
11,2238,0.3912
11,2239,0.3920
11,2240,0.3927
11,2241,0.3952
11,2242,0.3938
11,2243,0.3886
11,2244,0.3866
11,2245,0.3825
11,2246,0.3830
11,2247,0.3894
11,2248,0.3901
11,2249,0.3899
11,2250,0.3900
11,2251,0.3873
11,2252,0.3857
11,2253,0.3846
11,2254,0.3852
11,2255,0.3872
11,2256,0.3874
11,2257,0.3896
11,2258,0.3897
11,2259,0.3857
11,2260,0.3835
11,2261,0.3822
11,2262,0.3811
11,2263,0.3790
11,2264,0.3766
11,2265,0.3755
11,2266,0.3726
11,2267,0.3755
11,2268,0.3843
11,2269,0.3864
11,2270,0.3893
11,2271,0.3903
11,2272,0.3856
11,2273,0.3847
11,2274,0.3869
11,2275,0.3864
11,2276,0.3834
11,2277,0.3830
11,2278,0.3833
11,2279,0.3831
11,2280,0.3845
11,2281,0.3849
11,2282,0.3844
11,2283,0.3839
11,2284,0.3831
11,2285,0.3828
11,2286,0.3788
11,2287,0.3808
11,2288,0.3923
11,2289,0.3955
11,2290,0.3958
11,2291,0.3981
11,2292,0.3949
11,2293,0.3929
11,2294,0.3924
11,2295,0.3974
11,2296,0.3980
11,2297,0.3958
11,2298,0.3947
11,2299,0.3931
11,2300,0.3948
11,2301,0.3984
11,2302,0.3988
11,2303,0.4002
11,2304,0.4010
11,2305,0.3989
11,2306,0.3977
11,2307,0.3979
11,2308,0.3990
11,2309,0.3994
11,2310,0.3993
11,2311,0.4010
11,2312,0.4017
11,2313,0.4004
11,2314,0.3993
11,2315,0.3989
11,2316,0.3988
11,2317,0.3988
11,2318,0.3968
11,2319,0.3939
11,2320,0.3921
11,2321,0.3864
11,2322,0.3850
11,2323,0.3891
11,2324,0.3905
11,2325,0.3930
11,2326,0.3943
11,2327,0.3936
11,2328,0.3928
11,2329,0.3922
11,2330,0.3906
11,2331,0.3849
11,2332,0.3831
11,2333,0.3829
11,2334,0.3832
11,2335,0.3850
11,2336,0.3903
11,2337,0.3930
11,2338,0.3968
11,2339,0.3942
11,2340,0.3857
11,2341,0.3872
11,2342,0.3898
11,2343,0.3900
11,2344,0.3987
11,2345,0.3973
11,2346,0.3828
11,2347,0.3816
11,2348,0.3870
11,2349,0.3868
11,2350,0.3907
11,2351,0.3876
11,2352,0.3751
11,2353,0.3701
11,2354,0.3648
11,2355,0.3634
11,2356,0.3673
11,2357,0.3690
11,2358,0.3734
11,2359,0.3736
11,2360,0.3692
11,2361,0.3690
11,2362,0.3689
11,2363,0.3697
11,2364,0.3764
11,2365,0.3768
11,2366,0.3733
11,2367,0.3691
11,2368,0.3583
11,2369,0.3542
11,2370,0.3549
11,2371,0.3515
11,2372,0.3477
11,2373,0.3462
11,2374,0.3440
11,2375,0.3413
11,2376,0.3411
11,2377,0.3416
11,2378,0.3430
11,2379,0.3401
11,2380,0.3364
11,2381,0.3337
11,2382,0.3233
11,2383,0.3196
11,2384,0.3285
11,2385,0.3268
11,2386,0.3175
11,2387,0.3135
11,2388,0.2998
11,2389,0.2977
11,2390,0.3147
11,2391,0.3211
11,2392,0.3290
11,2393,0.3320
11,2394,0.3232
11,2395,0.3180
11,2396,0.3125
11,2397,0.3078
11,2398,0.3041
11,2399,0.3000
11,2400,0.2974
12,400,0.0801
12,401,0.0803
12,402,0.0776
12,403,0.0784
12,404,0.0835
12,405,0.0800
12,406,0.0659
12,407,0.0718
12,408,0.0759
12,409,0.0759
12,410,0.0781
12,411,0.0854
12,412,0.0842
12,413,0.0746
12,414,0.0743
12,415,0.0803
12,416,0.0833
12,417,0.0785
12,418,0.0806
12,419,0.0850
12,420,0.0887
12,421,0.0907
12,422,0.0926
12,423,0.0868
12,424,0.0769
12,425,0.0896
12,426,0.0938
12,427,0.0903
12,428,0.0890
12,429,0.0929
12,430,0.0924
12,431,0.0891
12,432,0.0947
12,433,0.0963
12,434,0.0965
12,435,0.0979
12,436,0.0954
12,437,0.0963
12,438,0.0993
12,439,0.0999
12,440,0.1035
12,441,0.1040
12,442,0.1011
12,443,0.1030
12,444,0.1049
12,445,0.1060
12,446,0.1068
12,447,0.1079
12,448,0.1071
12,449,0.1062
12,450,0.1098
12,451,0.1114
12,452,0.1118
12,453,0.1120
12,454,0.1120
12,455,0.1105
12,456,0.1101
12,457,0.1133
12,458,0.1166
12,459,0.1151
12,460,0.1108
12,461,0.1135
12,462,0.1159
12,463,0.1161
12,464,0.1148
12,465,0.1180
12,466,0.1183
12,467,0.1166
12,468,0.1182
12,469,0.1176
12,470,0.1169
12,471,0.1175
12,472,0.1180
12,473,0.1197
12,474,0.1206
12,475,0.1192
12,476,0.1212
12,477,0.1209
12,478,0.1183
12,479,0.1202
12,480,0.1215
12,481,0.1221
12,482,0.1229
12,483,0.1247
12,484,0.1259
12,485,0.1254
12,486,0.1227
12,487,0.1258
12,488,0.1267
12,489,0.1238
12,490,0.1287
12,491,0.1299
12,492,0.1288
12,493,0.1298
12,494,0.1299
12,495,0.1300
12,496,0.1308
12,497,0.1337
12,498,0.1354
12,499,0.1346
12,500,0.1323
12,501,0.1342
12,502,0.1358
12,503,0.1369
12,504,0.1390
12,505,0.1388
12,506,0.1397
12,507,0.1423
12,508,0.1416
12,509,0.1423
12,510,0.1433
12,511,0.1430
12,512,0.1456
12,513,0.1465
12,514,0.1457
12,515,0.1472
12,516,0.1483
12,517,0.1491
12,518,0.1498
12,519,0.1504
12,520,0.1515
12,521,0.1530
12,522,0.1546
12,523,0.1544
12,524,0.1547
12,525,0.1564
12,526,0.1570
12,527,0.1572
12,528,0.1583
12,529,0.1608
12,530,0.1618
12,531,0.1619
12,532,0.1620
12,533,0.1631
12,534,0.1641
12,535,0.1647
12,536,0.1652
12,537,0.1681
12,538,0.1689
12,539,0.1686
12,540,0.1700
12,541,0.1702
12,542,0.1709
12,543,0.1725
12,544,0.1733
12,545,0.1748
12,546,0.1761
12,547,0.1764
12,548,0.1772
12,549,0.1779
12,550,0.1787
12,551,0.1803
12,552,0.1807
12,553,0.1815
12,554,0.1833
12,555,0.1838
12,556,0.1846
12,557,0.1857
12,558,0.1867
12,559,0.1877
12,560,0.1883
12,561,0.1887
12,562,0.1905
12,563,0.1915
12,564,0.1921
12,565,0.1929
12,566,0.1944
12,567,0.1949
12,568,0.1948
12,569,0.1959
12,570,0.1967
12,571,0.1976
12,572,0.1988
12,573,0.1999
12,574,0.2004
12,575,0.2007
12,576,0.2019
12,577,0.2020
12,578,0.2022
12,579,0.2034
12,580,0.2049
12,581,0.2051
12,582,0.2055
12,583,0.2073
12,584,0.2068
12,585,0.2072
12,586,0.2087
12,587,0.2095
12,588,0.2099
12,589,0.2102
12,590,0.2104
12,591,0.2113
12,592,0.2115
12,593,0.2119
12,594,0.2135
12,595,0.2141
12,596,0.2144
12,597,0.2148
12,598,0.2151
12,599,0.2156
12,600,0.2164
12,601,0.2171
12,602,0.2170
12,603,0.2181
12,604,0.2193
12,605,0.2180
12,606,0.2184
12,607,0.2193
12,608,0.2201
12,609,0.2210
12,610,0.2215
12,611,0.2218
12,612,0.2222
12,613,0.2227
12,614,0.2231
12,615,0.2235
12,616,0.2241
12,617,0.2251
12,618,0.2253
12,619,0.2246
12,620,0.2254
12,621,0.2258
12,622,0.2262
12,623,0.2275
12,624,0.2279
12,625,0.2279
12,626,0.2280
12,627,0.2282
12,628,0.2286
12,629,0.2292
12,630,0.2300
12,631,0.2305
12,632,0.2309
12,633,0.2311
12,634,0.2311
12,635,0.2319
12,636,0.2330
12,637,0.2338
12,638,0.2339
12,639,0.2343
12,640,0.2347
12,641,0.2348
12,642,0.2354
12,643,0.2355
12,644,0.2356
12,645,0.2370
12,646,0.2370
12,647,0.2370
12,648,0.2380
12,649,0.2381
12,650,0.2387
12,651,0.2396
12,652,0.2401
12,653,0.2399
12,654,0.2403
12,655,0.2415
12,656,0.2417
12,657,0.2422
12,658,0.2425
12,659,0.2426
12,660,0.2439
12,661,0.2444
12,662,0.2442
12,663,0.2447
12,664,0.2451
12,665,0.2461
12,666,0.2473
12,667,0.2470
12,668,0.2470
12,669,0.2475
12,670,0.2483
12,671,0.2488
12,672,0.2493
12,673,0.2498
12,674,0.2500
12,675,0.2506
12,676,0.2512
12,677,0.2513
12,678,0.2514
12,679,0.2521
12,680,0.2531
12,681,0.2538
12,682,0.2542
12,683,0.2544
12,684,0.2546
12,685,0.2551
12,686,0.2561
12,687,0.2566
12,688,0.2563
12,689,0.2576
12,690,0.2579
12,691,0.2579
12,692,0.2586
12,693,0.2589
12,694,0.2593
12,695,0.2601
12,696,0.2612
12,697,0.2612
12,698,0.2612
12,699,0.2618
12,700,0.2621
12,701,0.2628
12,702,0.2637
12,703,0.2644
12,704,0.2645
12,705,0.2648
12,706,0.2655
12,707,0.2655
12,708,0.2660
12,709,0.2667
12,710,0.2674
12,711,0.2678
12,712,0.2685
12,713,0.2691
12,714,0.2690
12,715,0.2698
12,716,0.2703
12,717,0.2706
12,718,0.2716
12,719,0.2718
12,720,0.2722
12,721,0.2732
12,722,0.2732
12,723,0.2734
12,724,0.2739
12,725,0.2747
12,726,0.2752
12,727,0.2758
12,728,0.2764
12,729,0.2763
12,730,0.2770
12,731,0.2777
12,732,0.2779
12,733,0.2781
12,734,0.2787
12,735,0.2793
12,736,0.2797
12,737,0.2804
12,738,0.2810
12,739,0.2815
12,740,0.2815
12,741,0.2824
12,742,0.2832
12,743,0.2835
12,744,0.2839
12,745,0.2845
12,746,0.2849
12,747,0.2848
12,748,0.2854
12,749,0.2859
12,750,0.2863
12,751,0.2867
12,752,0.2877
12,753,0.2883
12,754,0.2885
12,755,0.2892
12,756,0.2897
12,757,0.2899
12,758,0.2900
12,759,0.2907
12,760,0.2911
12,761,0.2916
12,762,0.2924
12,763,0.2924
12,764,0.2930
12,765,0.2938
12,766,0.2938
12,767,0.2941
12,768,0.2945
12,769,0.2949
12,770,0.2957
12,771,0.2959
12,772,0.2960
12,773,0.2965
12,774,0.2970
12,775,0.2976
12,776,0.2980
12,777,0.2983
12,778,0.2990
12,779,0.2993
12,780,0.2995
12,781,0.3002
12,782,0.3000
12,783,0.3003
12,784,0.3012
12,785,0.3014
12,786,0.3014
12,787,0.3019
12,788,0.3027
12,789,0.3027
12,790,0.3031
12,791,0.3038
12,792,0.3043
12,793,0.3050
12,794,0.3051
12,795,0.3048
12,796,0.3056
12,797,0.3059
12,798,0.3059
12,799,0.3060
12,800,0.3064
12,801,0.3071
12,802,0.3076
12,803,0.3077
12,804,0.3081
12,805,0.3088
12,806,0.3094
12,807,0.3097
12,808,0.3095
12,809,0.3098
12,810,0.3106
12,811,0.3111
12,812,0.3115
12,813,0.3119
12,814,0.3122
12,815,0.3127
12,816,0.3122
12,817,0.3120
12,818,0.3132
12,819,0.3132
12,820,0.3136
12,821,0.3142
12,822,0.3142
12,823,0.3145
12,824,0.3149
12,825,0.3151
12,826,0.3155
12,827,0.3152
12,828,0.3153
12,829,0.3158
12,830,0.3155
12,831,0.3161
12,832,0.3168
12,833,0.3170
12,834,0.3175
12,835,0.3177
12,836,0.3178
12,837,0.3177
12,838,0.3181
12,839,0.3187
12,840,0.3192
12,841,0.3195
12,842,0.3202
12,843,0.3205
12,844,0.3206
12,845,0.3211
12,846,0.3213
12,847,0.3214
12,848,0.3216
12,849,0.3215
12,850,0.3212
12,851,0.3213
12,852,0.3218
12,853,0.3221
12,854,0.3227
12,855,0.3234
12,856,0.3238
12,857,0.3236
12,858,0.3236
12,859,0.3237
12,860,0.3239
12,861,0.3253
12,862,0.3253
12,863,0.3251
12,864,0.3262
12,865,0.3252
12,866,0.3249
12,867,0.3257
12,868,0.3265
12,869,0.3262
12,870,0.3267
12,871,0.3276
12,872,0.3270
12,873,0.3278
12,874,0.3278
12,875,0.3272
12,876,0.3289
12,877,0.3293
12,878,0.3296
12,879,0.3303
12,880,0.3302
12,881,0.3298
12,882,0.3301
12,883,0.3309
12,884,0.3302
12,885,0.3313
12,886,0.3319
12,887,0.3309
12,888,0.3325
12,889,0.3317
12,890,0.3309
12,891,0.3324
12,892,0.3325
12,893,0.3336
12,894,0.3346
12,895,0.3342
12,896,0.3353
12,897,0.3348
12,898,0.3339
12,899,0.3343
12,900,0.3349
12,901,0.3356
12,902,0.3362
12,903,0.3365
12,904,0.3372
12,905,0.3369
12,906,0.3364
12,907,0.3378
12,908,0.3378
12,909,0.3385
12,910,0.3395
12,911,0.3389
12,912,0.3391
12,913,0.3395
12,914,0.3400
12,915,0.3412
12,916,0.3405
12,917,0.3410
12,918,0.3424
12,919,0.3414
12,920,0.3424
12,921,0.3431
12,922,0.3424
12,923,0.3413
12,924,0.3423
12,925,0.3428
12,926,0.3419
12,927,0.3417
12,928,0.3426
12,929,0.3450
12,930,0.3467
12,931,0.3440
12,932,0.3454
12,933,0.3463
12,934,0.3456
12,935,0.3481
12,936,0.3467
12,937,0.3465
12,938,0.3484
12,939,0.3466
12,940,0.3469
12,941,0.3487
12,942,0.3498
12,943,0.3483
12,944,0.3483
12,945,0.3486
12,946,0.3487
12,947,0.3500
12,948,0.3487
12,949,0.3495
12,950,0.3526
12,951,0.3521
12,952,0.3497
12,953,0.3494
12,954,0.3513
12,955,0.3506
12,956,0.3504
12,957,0.3508
12,958,0.3524
12,959,0.3556
12,960,0.3553
12,961,0.3543
12,962,0.3541
12,963,0.3536
12,964,0.3525
12,965,0.3531
12,966,0.3551
12,967,0.3564
12,968,0.3575
12,969,0.3574
12,970,0.3574
12,971,0.3596
12,972,0.3582
12,973,0.3579
12,974,0.3589
12,975,0.3587
12,976,0.3603
12,977,0.3610
12,978,0.3613
12,979,0.3630
12,980,0.3633
12,981,0.3616
12,982,0.3584
12,983,0.3559
12,984,0.3602
12,985,0.3630
12,986,0.3631
12,987,0.3626
12,988,0.3645
12,989,0.3635
12,990,0.3626
12,991,0.3646
12,992,0.3655
12,993,0.3621
12,994,0.3603
12,995,0.3630
12,996,0.3655
12,997,0.3656
12,998,0.3666
12,999,0.3680
12,1000,0.3651
12,1001,0.3640
12,1002,0.3659
12,1003,0.3653
12,1004,0.3630
12,1005,0.3631
12,1006,0.3625
12,1007,0.3628
12,1008,0.3642
12,1009,0.3648
12,1010,0.3655
12,1011,0.3661
12,1012,0.3653
12,1013,0.3631
12,1014,0.3631
12,1015,0.3639
12,1016,0.3640
12,1017,0.3664
12,1018,0.3671
12,1019,0.3649
12,1020,0.3629
12,1021,0.3627
12,1022,0.3655
12,1023,0.3671
12,1024,0.3712
12,1025,0.3720
12,1026,0.3709
12,1027,0.3683
12,1028,0.3680
12,1029,0.3682
12,1030,0.3688
12,1031,0.3706
12,1032,0.3705
12,1033,0.3691
12,1034,0.3695
12,1035,0.3707
12,1036,0.3711
12,1037,0.3723
12,1038,0.3720
12,1039,0.3709
12,1040,0.3683
12,1041,0.3673
12,1042,0.3680
12,1043,0.3702
12,1044,0.3720
12,1045,0.3728
12,1046,0.3716
12,1047,0.3695
12,1048,0.3687
12,1049,0.3682
12,1050,0.3694
12,1051,0.3700
12,1052,0.3703
12,1053,0.3702
12,1054,0.3716
12,1055,0.3720
12,1056,0.3723
12,1057,0.3746
12,1058,0.3763
12,1059,0.3769
12,1060,0.3790
12,1061,0.3796
12,1062,0.3785
12,1063,0.3771
12,1064,0.3752
12,1065,0.3746
12,1066,0.3748
12,1067,0.3751
12,1068,0.3758
12,1069,0.3768
12,1070,0.3783
12,1071,0.3785
12,1072,0.3781
12,1073,0.3791
12,1074,0.3787
12,1075,0.3774
12,1076,0.3776
12,1077,0.3776
12,1078,0.3774
12,1079,0.3786
12,1080,0.3793
12,1081,0.3793
12,1082,0.3797
12,1083,0.3808
12,1084,0.3808
12,1085,0.3805
12,1086,0.3804
12,1087,0.3797
12,1088,0.3787
12,1089,0.3793
12,1090,0.3802
12,1091,0.3800
12,1092,0.3804
12,1093,0.3813
12,1094,0.3807
12,1095,0.3808
12,1096,0.3819
12,1097,0.3823
12,1098,0.3822
12,1099,0.3824
12,1100,0.3829
12,1101,0.3827
12,1102,0.3825
12,1103,0.3833
12,1104,0.3843
12,1105,0.3848
12,1106,0.3852
12,1107,0.3861
12,1108,0.3867
12,1109,0.3869
12,1110,0.3871
12,1111,0.3860
12,1112,0.3853
12,1113,0.3842
12,1114,0.3839
12,1115,0.3838
12,1116,0.3841
12,1117,0.3853
12,1118,0.3853
12,1119,0.3863
12,1120,0.3873
12,1121,0.3870
12,1122,0.3871
12,1123,0.3880
12,1124,0.3884
12,1125,0.3870
12,1126,0.3865
12,1127,0.3863
12,1128,0.3848
12,1129,0.3845
12,1130,0.3862
12,1131,0.3868
12,1132,0.3868
12,1133,0.3873
12,1134,0.3881
12,1135,0.3883
12,1136,0.3883
12,1137,0.3873
12,1138,0.3865
12,1139,0.3869
12,1140,0.3876
12,1141,0.3884
12,1142,0.3892
12,1143,0.3907
12,1144,0.3906
12,1145,0.3896
12,1146,0.3895
12,1147,0.3885
12,1148,0.3884
12,1149,0.3898
12,1150,0.3903
12,1151,0.3904
12,1152,0.3907
12,1153,0.3908
12,1154,0.3914
12,1155,0.3926
12,1156,0.3938
12,1157,0.3943
12,1158,0.3944
12,1159,0.3948
12,1160,0.3950
12,1161,0.3951
12,1162,0.3954
12,1163,0.3958
12,1164,0.3961
12,1165,0.3962
12,1166,0.3966
12,1167,0.3969
12,1168,0.3971
12,1169,0.3966
12,1170,0.3962
12,1171,0.3958
12,1172,0.3954
12,1173,0.3954
12,1174,0.3963
12,1175,0.3972
12,1176,0.3975
12,1177,0.3974
12,1178,0.3975
12,1179,0.3971
12,1180,0.3970
12,1181,0.3971
12,1182,0.3973
12,1183,0.3979
12,1184,0.3981
12,1185,0.3982
12,1186,0.3986
12,1187,0.3991
12,1188,0.3989
12,1189,0.3988
12,1190,0.3992
12,1191,0.3992
12,1192,0.3997
12,1193,0.4001
12,1194,0.4013
12,1195,0.4012
12,1196,0.4002
12,1197,0.4000
12,1198,0.3998
12,1199,0.3995
12,1200,0.3994
12,1201,0.3994
12,1202,0.3987
12,1203,0.3992
12,1204,0.4010
12,1205,0.4026
12,1206,0.4040
12,1207,0.4051
12,1208,0.4040
12,1209,0.4028
12,1210,0.4024
12,1211,0.4017
12,1212,0.4014
12,1213,0.4018
12,1214,0.4023
12,1215,0.4026
12,1216,0.4030
12,1217,0.4041
12,1218,0.4048
12,1219,0.4054
12,1220,0.4057
12,1221,0.4059
12,1222,0.4061
12,1223,0.4057
12,1224,0.4059
12,1225,0.4063
12,1226,0.4068
12,1227,0.4067
12,1228,0.4066
12,1229,0.4068
12,1230,0.4068
12,1231,0.4067
12,1232,0.4070
12,1233,0.4068
12,1234,0.4058
12,1235,0.4055
12,1236,0.4052
12,1237,0.4051
12,1238,0.4058
12,1239,0.4059
12,1240,0.4059
12,1241,0.4063
12,1242,0.4070
12,1243,0.4072
12,1244,0.4073
12,1245,0.4075
12,1246,0.4080
12,1247,0.4082
12,1248,0.4082
12,1249,0.4087
12,1250,0.4087
12,1251,0.4078
12,1252,0.4079
12,1253,0.4087
12,1254,0.4089
12,1255,0.4090
12,1256,0.4092
12,1257,0.4093
12,1258,0.4092
12,1259,0.4091
12,1260,0.4090
12,1261,0.4086
12,1262,0.4085
12,1263,0.4086
12,1264,0.4089
12,1265,0.4095
12,1266,0.4102
12,1267,0.4106
12,1268,0.4112
12,1269,0.4115
12,1270,0.4113
12,1271,0.4113
12,1272,0.4116
12,1273,0.4115
12,1274,0.4109
12,1275,0.4111
12,1276,0.4117
12,1277,0.4119
12,1278,0.4126
12,1279,0.4129
12,1280,0.4127
12,1281,0.4124
12,1282,0.4116
12,1283,0.4116
12,1284,0.4117
12,1285,0.4119
12,1286,0.4122
12,1287,0.4127
12,1288,0.4130
12,1289,0.4128
12,1290,0.4130
12,1291,0.4138
12,1292,0.4140
12,1293,0.4140
12,1294,0.4139
12,1295,0.4136
12,1296,0.4129
12,1297,0.4112
12,1298,0.4112
12,1299,0.4122
12,1300,0.4124
12,1301,0.4134
12,1302,0.4140
12,1303,0.4136
12,1304,0.4136
12,1305,0.4140
12,1306,0.4144
12,1307,0.4151
12,1308,0.4150
12,1309,0.4150
12,1310,0.4152
12,1311,0.4153
12,1312,0.4150
12,1313,0.4149
12,1314,0.4149
12,1315,0.4149
12,1316,0.4148
12,1317,0.4149
12,1318,0.4155
12,1319,0.4155
12,1320,0.4148
12,1321,0.4149
12,1322,0.4153
12,1323,0.4155
12,1324,0.4163
12,1325,0.4167
12,1326,0.4169
12,1327,0.4169
12,1328,0.4171
12,1329,0.4168
12,1330,0.4152
12,1331,0.4149
12,1332,0.4152
12,1333,0.4158
12,1334,0.4160
12,1335,0.4171
12,1336,0.4172
12,1337,0.4162
12,1338,0.4163
12,1339,0.4172
12,1340,0.4174
12,1341,0.4174
12,1342,0.4176
12,1343,0.4175
12,1344,0.4175
12,1345,0.4181
12,1346,0.4183
12,1347,0.4180
12,1348,0.4178
12,1349,0.4173
12,1350,0.4174
12,1351,0.4177
12,1352,0.4181
12,1353,0.4192
12,1354,0.4198
12,1355,0.4203
12,1356,0.4204
12,1357,0.4203
12,1358,0.4197
12,1359,0.4196
12,1360,0.4195
12,1361,0.4194
12,1362,0.4197
12,1363,0.4196
12,1364,0.4189
12,1365,0.4189
12,1366,0.4191
12,1367,0.4191
12,1368,0.4193
12,1369,0.4195
12,1370,0.4199
12,1371,0.4198
12,1372,0.4197
12,1373,0.4195
12,1374,0.4185
12,1375,0.4182
12,1376,0.4185
12,1377,0.4183
12,1378,0.4182
12,1379,0.4179
12,1380,0.4174
12,1381,0.4169
12,1382,0.4163
12,1383,0.4158
12,1384,0.4153
12,1385,0.4146
12,1386,0.4143
12,1387,0.4143
12,1388,0.4139
12,1389,0.4136
12,1390,0.4130
12,1391,0.4121
12,1392,0.4114
12,1393,0.4108
12,1394,0.4100
12,1395,0.4092
12,1396,0.4083
12,1397,0.4074
12,1398,0.4066
12,1399,0.4061
12,1400,0.4054
12,1401,0.4046
12,1402,0.4039
12,1403,0.4030
12,1404,0.4023
12,1405,0.4018
12,1406,0.4010
12,1407,0.3996
12,1408,0.3990
12,1409,0.3986
12,1410,0.3983
12,1411,0.3991
12,1412,0.3992
12,1413,0.3987
12,1414,0.3986
12,1415,0.3986
12,1416,0.3983
12,1417,0.3989
12,1418,0.4001
12,1419,0.4010
12,1420,0.4021
12,1421,0.4029
12,1422,0.4036
12,1423,0.4041
12,1424,0.4043
12,1425,0.4050
12,1426,0.4060
12,1427,0.4068
12,1428,0.4078
12,1429,0.4086
12,1430,0.4092
12,1431,0.4095
12,1432,0.4095
12,1433,0.4101
12,1434,0.4107
12,1435,0.4110
12,1436,0.4118
12,1437,0.4124
12,1438,0.4125
12,1439,0.4126
12,1440,0.4123
12,1441,0.4126
12,1442,0.4133
12,1443,0.4137
12,1444,0.4150
12,1445,0.4157
12,1446,0.4155
12,1447,0.4156
12,1448,0.4157
12,1449,0.4156
12,1450,0.4158
12,1451,0.4164
12,1452,0.4165
12,1453,0.4165
12,1454,0.4167
12,1455,0.4167
12,1456,0.4169
12,1457,0.4174
12,1458,0.4177
12,1459,0.4177
12,1460,0.4181
12,1461,0.4189
12,1462,0.4191
12,1463,0.4192
12,1464,0.4193
12,1465,0.4190
12,1466,0.4191
12,1467,0.4195
12,1468,0.4199
12,1469,0.4203
12,1470,0.4205
12,1471,0.4206
12,1472,0.4208
12,1473,0.4210
12,1474,0.4212
12,1475,0.4216
12,1476,0.4218
12,1477,0.4220
12,1478,0.4221
12,1479,0.4220
12,1480,0.4221
12,1481,0.4220
12,1482,0.4220
12,1483,0.4220
12,1484,0.4221
12,1485,0.4226
12,1486,0.4226
12,1487,0.4220
12,1488,0.4220
12,1489,0.4220
12,1490,0.4218
12,1491,0.4221
12,1492,0.4229
12,1493,0.4235
12,1494,0.4240
12,1495,0.4244
12,1496,0.4251
12,1497,0.4253
12,1498,0.4252
12,1499,0.4250
12,1500,0.4245
12,1501,0.4244
12,1502,0.4246
12,1503,0.4246
12,1504,0.4247
12,1505,0.4250
12,1506,0.4252
12,1507,0.4254
12,1508,0.4260
12,1509,0.4262
12,1510,0.4262
12,1511,0.4261
12,1512,0.4259
12,1513,0.4259
12,1514,0.4259
12,1515,0.4262
12,1516,0.4274
12,1517,0.4277
12,1518,0.4273
12,1519,0.4274
12,1520,0.4270
12,1521,0.4272
12,1522,0.4283
12,1523,0.4287
12,1524,0.4287
12,1525,0.4286
12,1526,0.4278
12,1527,0.4275
12,1528,0.4273
12,1529,0.4273
12,1530,0.4276
12,1531,0.4279
12,1532,0.4286
12,1533,0.4289
12,1534,0.4293
12,1535,0.4294
12,1536,0.4287
12,1537,0.4285
12,1538,0.4287
12,1539,0.4288
12,1540,0.4295
12,1541,0.4297
12,1542,0.4297
12,1543,0.4295
12,1544,0.4289
12,1545,0.4283
12,1546,0.4282
12,1547,0.4282
12,1548,0.4283
12,1549,0.4287
12,1550,0.4291
12,1551,0.4294
12,1552,0.4296
12,1553,0.4300
12,1554,0.4303
12,1555,0.4303
12,1556,0.4305
12,1557,0.4307
12,1558,0.4308
12,1559,0.4305
12,1560,0.4305
12,1561,0.4305
12,1562,0.4304
12,1563,0.4302
12,1564,0.4302
12,1565,0.4303
12,1566,0.4302
12,1567,0.4299
12,1568,0.4300
12,1569,0.4301
12,1570,0.4300
12,1571,0.4300
12,1572,0.4302
12,1573,0.4304
12,1574,0.4303
12,1575,0.4305
12,1576,0.4304
12,1577,0.4293
12,1578,0.4295
12,1579,0.4307
12,1580,0.4310
12,1581,0.4314
12,1582,0.4315
12,1583,0.4308
12,1584,0.4307
12,1585,0.4308
12,1586,0.4309
12,1587,0.4311
12,1588,0.4313
12,1589,0.4318
12,1590,0.4321
12,1591,0.4322
12,1592,0.4324
12,1593,0.4324
12,1594,0.4325
12,1595,0.4323
12,1596,0.4325
12,1597,0.4332
12,1598,0.4332
12,1599,0.4328
12,1600,0.4329
12,1601,0.4323
12,1602,0.4324
12,1603,0.4338
12,1604,0.4340
12,1605,0.4334
12,1606,0.4334
12,1607,0.4332
12,1608,0.4332
12,1609,0.4340
12,1610,0.4341
12,1611,0.4339
12,1612,0.4336
12,1613,0.4328
12,1614,0.4327
12,1615,0.4327
12,1616,0.4327
12,1617,0.4329
12,1618,0.4331
12,1619,0.4329
12,1620,0.4329
12,1621,0.4334
12,1622,0.4335
12,1623,0.4332
12,1624,0.4332
12,1625,0.4329
12,1626,0.4329
12,1627,0.4334
12,1628,0.4337
12,1629,0.4337
12,1630,0.4340
12,1631,0.4345
12,1632,0.4349
12,1633,0.4359
12,1634,0.4362
12,1635,0.4360
12,1636,0.4361
12,1637,0.4360
12,1638,0.4359
12,1639,0.4357
12,1640,0.4358
12,1641,0.4360
12,1642,0.4357
12,1643,0.4352
12,1644,0.4351
12,1645,0.4348
12,1646,0.4349
12,1647,0.4365
12,1648,0.4364
12,1649,0.4347
12,1650,0.4341
12,1651,0.4330
12,1652,0.4327
12,1653,0.4339
12,1654,0.4347
12,1655,0.4357
12,1656,0.4362
12,1657,0.4365
12,1658,0.4367
12,1659,0.4364
12,1660,0.4365
12,1661,0.4369
12,1662,0.4372
12,1663,0.4379
12,1664,0.4381
12,1665,0.4377
12,1666,0.4377
12,1667,0.4372
12,1668,0.4370
12,1669,0.4371
12,1670,0.4368
12,1671,0.4364
12,1672,0.4362
12,1673,0.4360
12,1674,0.4361
12,1675,0.4366
12,1676,0.4365
12,1677,0.4358
12,1678,0.4357
12,1679,0.4356
12,1680,0.4357
12,1681,0.4372
12,1682,0.4371
12,1683,0.4360
12,1684,0.4355
12,1685,0.4337
12,1686,0.4336
12,1687,0.4349
12,1688,0.4357
12,1689,0.4379
12,1690,0.4384
12,1691,0.4374
12,1692,0.4373
12,1693,0.4368
12,1694,0.4367
12,1695,0.4374
12,1696,0.4375
12,1697,0.4372
12,1698,0.4372
12,1699,0.4374
12,1700,0.4374
12,1701,0.4378
12,1702,0.4375
12,1703,0.4363
12,1704,0.4362
12,1705,0.4362
12,1706,0.4366
12,1707,0.4385
12,1708,0.4389
12,1709,0.4386
12,1710,0.4383
12,1711,0.4370
12,1712,0.4368
12,1713,0.4378
12,1714,0.4378
12,1715,0.4376
12,1716,0.4375
12,1717,0.4367
12,1718,0.4367
12,1719,0.4370
12,1720,0.4374
12,1721,0.4379
12,1722,0.4387
12,1723,0.4392
12,1724,0.4388
12,1725,0.4387
12,1726,0.4383
12,1727,0.4380
12,1728,0.4384
12,1729,0.4387
12,1730,0.4389
12,1731,0.4396
12,1732,0.4390
12,1733,0.4379
12,1734,0.4374
12,1735,0.4366
12,1736,0.4372
12,1737,0.4383
12,1738,0.4384
12,1739,0.4386
12,1740,0.4385
12,1741,0.4377
12,1742,0.4374
12,1743,0.4368
12,1744,0.4359
12,1745,0.4363
12,1746,0.4375
12,1747,0.4386
12,1748,0.4394
12,1749,0.4397
12,1750,0.4399
12,1751,0.4397
12,1752,0.4392
12,1753,0.4388
12,1754,0.4384
12,1755,0.4379
12,1756,0.4372
12,1757,0.4370
12,1758,0.4363
12,1759,0.4364
12,1760,0.4383
12,1761,0.4386
12,1762,0.4386
12,1763,0.4382
12,1764,0.4359
12,1765,0.4357
12,1766,0.4364
12,1767,0.4367
12,1768,0.4378
12,1769,0.4381
12,1770,0.4382
12,1771,0.4382
12,1772,0.4383
12,1773,0.4377
12,1774,0.4367
12,1775,0.4367
12,1776,0.4375
12,1777,0.4379
12,1778,0.4383
12,1779,0.4378
12,1780,0.4374
12,1781,0.4375
12,1782,0.4379
12,1783,0.4391
12,1784,0.4383
12,1785,0.4369
12,1786,0.4369
12,1787,0.4363
12,1788,0.4370
12,1789,0.4385
12,1790,0.4392
12,1791,0.4393
12,1792,0.4392
12,1793,0.4393
12,1794,0.4398
12,1795,0.4402
12,1796,0.4398
12,1797,0.4395
12,1798,0.4393
12,1799,0.4397
12,1800,0.4396
12,1801,0.4392
12,1802,0.4387
12,1803,0.4379
12,1804,0.4375
12,1805,0.4368
12,1806,0.4371
12,1807,0.4377
12,1808,0.4376
12,1809,0.4387
12,1810,0.4398
12,1811,0.4395
12,1812,0.4397
12,1813,0.4412
12,1814,0.4418
12,1815,0.4416
12,1816,0.4425
12,1817,0.4414
12,1818,0.4399
12,1819,0.4407
12,1820,0.4405
12,1821,0.4410
12,1822,0.4419
12,1823,0.4424
12,1824,0.4429
12,1825,0.4427
12,1826,0.4426
12,1827,0.4410
12,1828,0.4396
12,1829,0.4386
12,1830,0.4373
12,1831,0.4371
12,1832,0.4383
12,1833,0.4400
12,1834,0.4419
12,1835,0.4461
12,1836,0.4476
12,1837,0.4465
12,1838,0.4448
12,1839,0.4422
12,1840,0.4418
12,1841,0.4413
12,1842,0.4403
12,1843,0.4393
12,1844,0.4381
12,1845,0.4358
12,1846,0.4371
12,1847,0.4396
12,1848,0.4409
12,1849,0.4432
12,1850,0.4419
12,1851,0.4393
12,1852,0.4386
12,1853,0.4386
12,1854,0.4379
12,1855,0.4373
12,1856,0.4384
12,1857,0.4384
12,1858,0.4387
12,1859,0.4395
12,1860,0.4417
12,1861,0.4431
12,1862,0.4432
12,1863,0.4440
12,1864,0.4453
12,1865,0.4459
12,1866,0.4460
12,1867,0.4472
12,1868,0.4472
12,1869,0.4450
12,1870,0.4408
12,1871,0.4385
12,1872,0.4375
12,1873,0.4381
12,1874,0.4371
12,1875,0.4374
12,1876,0.4360
12,1877,0.4330
12,1878,0.4314
12,1879,0.4300
12,1880,0.4287
12,1881,0.4274
12,1882,0.4272
12,1883,0.4263
12,1884,0.4252
12,1885,0.4248
12,1886,0.4254
12,1887,0.4234
12,1888,0.4229
12,1889,0.4248
12,1890,0.4232
12,1891,0.4212
12,1892,0.4196
12,1893,0.4170
12,1894,0.4146
12,1895,0.4128
12,1896,0.4109
12,1897,0.4085
12,1898,0.4060
12,1899,0.4040
12,1900,0.4027
12,1901,0.4010
12,1902,0.3975
12,1903,0.3950
12,1904,0.3921
12,1905,0.3902
12,1906,0.3891
12,1907,0.3882
12,1908,0.3876
12,1909,0.3873
12,1910,0.3874
12,1911,0.3875
12,1912,0.3874
12,1913,0.3873
12,1914,0.3876
12,1915,0.3885
12,1916,0.3888
12,1917,0.3891
12,1918,0.3893
12,1919,0.3899
12,1920,0.3881
12,1921,0.3870
12,1922,0.3889
12,1923,0.3896
12,1924,0.3902
12,1925,0.3915
12,1926,0.3942
12,1927,0.3951
12,1928,0.3955
12,1929,0.3964
12,1930,0.3970
12,1931,0.3968
12,1932,0.3985
12,1933,0.4008
12,1934,0.4029
12,1935,0.4066
12,1936,0.4072
12,1937,0.4065
12,1938,0.4059
12,1939,0.4026
12,1940,0.4017
12,1941,0.4023
12,1942,0.4026
12,1943,0.4041
12,1944,0.4044
12,1945,0.4048
12,1946,0.4049
12,1947,0.4051
12,1948,0.4052
12,1949,0.4059
12,1950,0.4073
12,1951,0.4079
12,1952,0.4085
12,1953,0.4090
12,1954,0.4087
12,1955,0.4093
12,1956,0.4093
12,1957,0.4090
12,1958,0.4097
12,1959,0.4113
12,1960,0.4119
12,1961,0.4130
12,1962,0.4135
12,1963,0.4123
12,1964,0.4124
12,1965,0.4137
12,1966,0.4145
12,1967,0.4150
12,1968,0.4156
12,1969,0.4159
12,1970,0.4157
12,1971,0.4160
12,1972,0.4163
12,1973,0.4169
12,1974,0.4183
12,1975,0.4185
12,1976,0.4177
12,1977,0.4177
12,1978,0.4173
12,1979,0.4166
12,1980,0.4174
12,1981,0.4203
12,1982,0.4211
12,1983,0.4222
12,1984,0.4217
12,1985,0.4182
12,1986,0.4176
12,1987,0.4173
12,1988,0.4175
12,1989,0.4205
12,1990,0.4218
12,1991,0.4224
12,1992,0.4223
12,1993,0.4220
12,1994,0.4209
12,1995,0.4203
12,1996,0.4192
12,1997,0.4190
12,1998,0.4183
12,1999,0.4191
12,2000,0.4224
12,2001,0.4239
12,2002,0.4256
12,2003,0.4265
12,2004,0.4272
12,2005,0.4261
12,2006,0.4262
12,2007,0.4269
12,2008,0.4270
12,2009,0.4262
12,2010,0.4266
12,2011,0.4281
12,2012,0.4286
12,2013,0.4287
12,2014,0.4294
12,2015,0.4320
12,2016,0.4304
12,2017,0.4303
12,2018,0.4311
12,2019,0.4308
12,2020,0.4286
12,2021,0.4281
12,2022,0.4276
12,2023,0.4280
12,2024,0.4302
12,2025,0.4308
12,2026,0.4309
12,2027,0.4317
12,2028,0.4330
12,2029,0.4331
12,2030,0.4328
12,2031,0.4324
12,2032,0.4328
12,2033,0.4323
12,2034,0.4328
12,2035,0.4355
12,2036,0.4364
12,2037,0.4367
12,2038,0.4361
12,2039,0.4337
12,2040,0.4332
12,2041,0.4331
12,2042,0.4326
12,2043,0.4325
12,2044,0.4337
12,2045,0.4343
12,2046,0.4348
12,2047,0.4341
12,2048,0.4332
12,2049,0.4324
12,2050,0.4292
12,2051,0.4286
12,2052,0.4306
12,2053,0.4311
12,2054,0.4321
12,2055,0.4326
12,2056,0.4326
12,2057,0.4314
12,2058,0.4316
12,2059,0.4327
12,2060,0.4328
12,2061,0.4332
12,2062,0.4326
12,2063,0.4298
12,2064,0.4295
12,2065,0.4303
12,2066,0.4309
12,2067,0.4340
12,2068,0.4348
12,2069,0.4341
12,2070,0.4333
12,2071,0.4321
12,2072,0.4285
12,2073,0.4290
12,2074,0.4316
12,2075,0.4318
12,2076,0.4331
12,2077,0.4333
12,2078,0.4306
12,2079,0.4301
12,2080,0.4314
12,2081,0.4316
12,2082,0.4318
12,2083,0.4318
12,2084,0.4298
12,2085,0.4305
12,2086,0.4314
12,2087,0.4332
12,2088,0.4342
12,2089,0.4366
12,2090,0.4373
12,2091,0.4374
12,2092,0.4360
12,2093,0.4324
12,2094,0.4311
12,2095,0.4283
12,2096,0.4277
12,2097,0.4314
12,2098,0.4325
12,2099,0.4335
12,2100,0.4337
12,2101,0.4322
12,2102,0.4305
12,2103,0.4306
12,2104,0.4309
12,2105,0.4318
12,2106,0.4351
12,2107,0.4356
12,2108,0.4350
12,2109,0.4343
12,2110,0.4311
12,2111,0.4301
12,2112,0.4308
12,2113,0.4304
12,2114,0.4299
12,2115,0.4300
12,2116,0.4299
12,2117,0.4293
12,2118,0.4296
12,2119,0.4315
12,2120,0.4317
12,2121,0.4307
12,2122,0.4314
12,2123,0.4325
12,2124,0.4335
12,2125,0.4361
12,2126,0.4369
12,2127,0.4365
12,2128,0.4363
12,2129,0.4343
12,2130,0.4342
12,2131,0.4363
12,2132,0.4362
12,2133,0.4354
12,2134,0.4355
12,2135,0.4343
12,2136,0.4303
12,2137,0.4299
12,2138,0.4321
12,2139,0.4316
12,2140,0.4307
12,2141,0.4302
12,2142,0.4274
12,2143,0.4275
12,2144,0.4307
12,2145,0.4321
12,2146,0.4344
12,2147,0.4351
12,2148,0.4328
12,2149,0.4334
12,2150,0.4352
12,2151,0.4371
12,2152,0.4380
12,2153,0.4410
12,2154,0.4401
12,2155,0.4362
12,2156,0.4331
12,2157,0.4275
12,2158,0.4255
12,2159,0.4250
12,2160,0.4241
12,2161,0.4255
12,2162,0.4250
12,2163,0.4221
12,2164,0.4216
12,2165,0.4222
12,2166,0.4226
12,2167,0.4240
12,2168,0.4249
12,2169,0.4245
12,2170,0.4262
12,2171,0.4263
12,2172,0.4260
12,2173,0.4264
12,2174,0.4267
12,2175,0.4267
12,2176,0.4280
12,2177,0.4269
12,2178,0.4233
12,2179,0.4214
12,2180,0.4187
12,2181,0.4167
12,2182,0.4164
12,2183,0.4146
12,2184,0.4114
12,2185,0.4093
12,2186,0.4068
12,2187,0.4051
12,2188,0.4054
12,2189,0.4050
12,2190,0.4043
12,2191,0.4031
12,2192,0.4041
12,2193,0.4069
12,2194,0.4066
12,2195,0.4065
12,2196,0.4063
12,2197,0.4031
12,2198,0.4022
12,2199,0.4042
12,2200,0.4034
12,2201,0.4010
12,2202,0.3991
12,2203,0.3953
12,2204,0.3941
12,2205,0.3940
12,2206,0.3945
12,2207,0.3985
12,2208,0.3999
12,2209,0.3990
12,2210,0.3997
12,2211,0.4006
12,2212,0.4014
12,2213,0.4013
12,2214,0.4022
12,2215,0.4021
12,2216,0.3997
12,2217,0.3995
12,2218,0.4011
12,2219,0.4016
12,2220,0.4021
12,2221,0.4024
12,2222,0.4025
12,2223,0.4025
12,2224,0.4014
12,2225,0.4022
12,2226,0.4044
12,2227,0.4053
12,2228,0.4072
12,2229,0.4080
12,2230,0.4063
12,2231,0.4064
12,2232,0.4083
12,2233,0.4089
12,2234,0.4104
12,2235,0.4105
12,2236,0.4094
12,2237,0.4053
12,2238,0.4059
12,2239,0.4084
12,2240,0.4082
12,2241,0.4098
12,2242,0.4087
12,2243,0.4024
12,2244,0.4015
12,2245,0.4037
12,2246,0.4037
12,2247,0.4037
12,2248,0.4051
12,2249,0.4063
12,2250,0.4078
12,2251,0.4144
12,2252,0.4141
12,2253,0.4058
12,2254,0.4042
12,2255,0.4041
12,2256,0.4024
12,2257,0.4036
12,2258,0.4045
12,2259,0.4026
12,2260,0.4014
12,2261,0.4004
12,2262,0.4040
12,2263,0.4033
12,2264,0.3994
12,2265,0.4000
12,2266,0.4016
12,2267,0.4040
12,2268,0.4097
12,2269,0.4118
12,2270,0.4132
12,2271,0.4132
12,2272,0.4109
12,2273,0.4094
12,2274,0.4064
12,2275,0.4055
12,2276,0.4062
12,2277,0.4055
12,2278,0.4061
12,2279,0.4046
12,2280,0.3994
12,2281,0.3976
12,2282,0.3958
12,2283,0.3957
12,2284,0.4004
12,2285,0.4013
12,2286,0.3999
12,2287,0.4002
12,2288,0.3994
12,2289,0.3991
12,2290,0.4014
12,2291,0.4017
12,2292,0.3996
12,2293,0.3984
12,2294,0.3971
12,2295,0.3950
12,2296,0.3950
12,2297,0.3964
12,2298,0.3970
12,2299,0.3975
12,2300,0.4008
12,2301,0.4068
12,2302,0.4087
12,2303,0.4120
12,2304,0.4118
12,2305,0.4075
12,2306,0.4030
12,2307,0.3951
12,2308,0.3928
12,2309,0.3897
12,2310,0.3903
12,2311,0.3989
12,2312,0.4016
12,2313,0.4033
12,2314,0.4031
12,2315,0.3987
12,2316,0.3969
12,2317,0.3949
12,2318,0.3933
12,2319,0.3928
12,2320,0.3925
12,2321,0.3916
12,2322,0.3916
12,2323,0.3937
12,2324,0.3943
12,2325,0.3932
12,2326,0.3940
12,2327,0.3971
12,2328,0.3969
12,2329,0.3938
12,2330,0.3943
12,2331,0.3980
12,2332,0.3959
12,2333,0.3922
12,2334,0.3891
12,2335,0.3874
12,2336,0.3798
12,2337,0.3790
12,2338,0.3851
12,2339,0.3876
12,2340,0.3898
12,2341,0.3900
12,2342,0.3914
12,2343,0.3901
12,2344,0.3829
12,2345,0.3825
12,2346,0.3838
12,2347,0.3878
12,2348,0.3976
12,2349,0.4023
12,2350,0.4089
12,2351,0.4101
12,2352,0.4051
12,2353,0.4034
12,2354,0.4026
12,2355,0.3968
12,2356,0.3869
12,2357,0.3820
12,2358,0.3703
12,2359,0.3711
12,2360,0.3895
12,2361,0.3924
12,2362,0.3937
12,2363,0.3934
12,2364,0.3801
12,2365,0.3765
12,2366,0.3805
12,2367,0.3805
12,2368,0.3797
12,2369,0.3806
12,2370,0.3808
12,2371,0.3833
12,2372,0.3896
12,2373,0.3942
12,2374,0.4031
12,2375,0.4041
12,2376,0.3979
12,2377,0.3949
12,2378,0.3882
12,2379,0.3816
12,2380,0.3733
12,2381,0.3714
12,2382,0.3761
12,2383,0.3735
12,2384,0.3703
12,2385,0.3701
12,2386,0.3655
12,2387,0.3600
12,2388,0.3574
12,2389,0.3571
12,2390,0.3503
12,2391,0.3502
12,2392,0.3642
12,2393,0.3706
12,2394,0.3770
12,2395,0.3791
12,2396,0.3703
12,2397,0.3678
12,2398,0.3631
12,2399,0.3644
12,2400,0.3762
13,400,0.0729
13,401,0.0783
13,402,0.0849
13,403,0.0808
13,404,0.0742
13,405,0.0712
13,406,0.0738
13,407,0.0764
13,408,0.0728
13,409,0.0693
13,410,0.0742
13,411,0.0743
13,412,0.0761
13,413,0.0808
13,414,0.0801
13,415,0.0797
13,416,0.0827
13,417,0.0884
13,418,0.0852
13,419,0.0826
13,420,0.0821
13,421,0.0804
13,422,0.0869
13,423,0.0871
13,424,0.0788
13,425,0.0868
13,426,0.0851
13,427,0.0802
13,428,0.0844
13,429,0.0876
13,430,0.0870
13,431,0.0859
13,432,0.0916
13,433,0.0932
13,434,0.0937
13,435,0.0952
13,436,0.0913
13,437,0.0955
13,438,0.1018
13,439,0.0979
13,440,0.0978
13,441,0.0995
13,442,0.1010
13,443,0.1017
13,444,0.1038
13,445,0.1052
13,446,0.1039
13,447,0.1031
13,448,0.1040
13,449,0.1061
13,450,0.1076
13,451,0.1079
13,452,0.1052
13,453,0.1013
13,454,0.1068
13,455,0.1088
13,456,0.1081
13,457,0.1097
13,458,0.1094
13,459,0.1090
13,460,0.1091
13,461,0.1079
13,462,0.1093
13,463,0.1104
13,464,0.1086
13,465,0.1095
13,466,0.1099
13,467,0.1106
13,468,0.1142
13,469,0.1114
13,470,0.1099
13,471,0.1133
13,472,0.1142
13,473,0.1155
13,474,0.1149
13,475,0.1110
13,476,0.1147
13,477,0.1164
13,478,0.1143
13,479,0.1151
13,480,0.1139
13,481,0.1131
13,482,0.1149
13,483,0.1165
13,484,0.1200
13,485,0.1223
13,486,0.1190
13,487,0.1178
13,488,0.1183
13,489,0.1198
13,490,0.1214
13,491,0.1222
13,492,0.1216
13,493,0.1202
13,494,0.1241
13,495,0.1260
13,496,0.1248
13,497,0.1262
13,498,0.1270
13,499,0.1283
13,500,0.1304
13,501,0.1300
13,502,0.1304
13,503,0.1316
13,504,0.1317
13,505,0.1318
13,506,0.1332
13,507,0.1358
13,508,0.1381
13,509,0.1376
13,510,0.1362
13,511,0.1367
13,512,0.1387
13,513,0.1413
13,514,0.1429
13,515,0.1418
13,516,0.1418
13,517,0.1428
13,518,0.1439
13,519,0.1441
13,520,0.1452
13,521,0.1466
13,522,0.1469
13,523,0.1481
13,524,0.1499
13,525,0.1517
13,526,0.1531
13,527,0.1533
13,528,0.1536
13,529,0.1551
13,530,0.1550
13,531,0.1561
13,532,0.1583
13,533,0.1588
13,534,0.1585
13,535,0.1590
13,536,0.1608
13,537,0.1616
13,538,0.1625
13,539,0.1637
13,540,0.1646
13,541,0.1656
13,542,0.1663
13,543,0.1665
13,544,0.1668
13,545,0.1681
13,546,0.1701
13,547,0.1718
13,548,0.1712
13,549,0.1715
13,550,0.1730
13,551,0.1738
13,552,0.1743
13,553,0.1749
13,554,0.1759
13,555,0.1776
13,556,0.1790
13,557,0.1797
13,558,0.1801
13,559,0.1808
13,560,0.1812
13,561,0.1814
13,562,0.1828
13,563,0.1833
13,564,0.1837
13,565,0.1850
13,566,0.1863
13,567,0.1869
13,568,0.1866
13,569,0.1868
13,570,0.1887
13,571,0.1904
13,572,0.1906
13,573,0.1912
13,574,0.1922
13,575,0.1931
13,576,0.1932
13,577,0.1929
13,578,0.1930
13,579,0.1940
13,580,0.1958
13,581,0.1965
13,582,0.1966
13,583,0.1967
13,584,0.1971
13,585,0.1976
13,586,0.1981
13,587,0.1988
13,588,0.2003
13,589,0.2010
13,590,0.2007
13,591,0.2011
13,592,0.2013
13,593,0.2016
13,594,0.2024
13,595,0.2031
13,596,0.2036
13,597,0.2041
13,598,0.2046
13,599,0.2050
13,600,0.2052
13,601,0.2054
13,602,0.2062
13,603,0.2067
13,604,0.2070
13,605,0.2079
13,606,0.2073
13,607,0.2074
13,608,0.2089
13,609,0.2094
13,610,0.2096
13,611,0.2099
13,612,0.2103
13,613,0.2105
13,614,0.2112
13,615,0.2118
13,616,0.2109
13,617,0.2120
13,618,0.2137
13,619,0.2141
13,620,0.2129
13,621,0.2127
13,622,0.2134
13,623,0.2136
13,624,0.2148
13,625,0.2153
13,626,0.2153
13,627,0.2164
13,628,0.2163
13,629,0.2161
13,630,0.2170
13,631,0.2170
13,632,0.2175
13,633,0.2184
13,634,0.2191
13,635,0.2192
13,636,0.2194
13,637,0.2199
13,638,0.2198
13,639,0.2204
13,640,0.2217
13,641,0.2227
13,642,0.2221
13,643,0.2220
13,644,0.2227
13,645,0.2225
13,646,0.2237
13,647,0.2247
13,648,0.2244
13,649,0.2251
13,650,0.2258
13,651,0.2263
13,652,0.2271
13,653,0.2274
13,654,0.2277
13,655,0.2280
13,656,0.2278
13,657,0.2281
13,658,0.2287
13,659,0.2295
13,660,0.2307
13,661,0.2308
13,662,0.2302
13,663,0.2309
13,664,0.2318
13,665,0.2325
13,666,0.2328
13,667,0.2329
13,668,0.2332
13,669,0.2337
13,670,0.2345
13,671,0.2349
13,672,0.2354
13,673,0.2360
13,674,0.2360
13,675,0.2365
13,676,0.2372
13,677,0.2381
13,678,0.2385
13,679,0.2390
13,680,0.2398
13,681,0.2407
13,682,0.2408
13,683,0.2407
13,684,0.2408
13,685,0.2411
13,686,0.2420
13,687,0.2430
13,688,0.2437
13,689,0.2443
13,690,0.2445
13,691,0.2449
13,692,0.2459
13,693,0.2468
13,694,0.2470
13,695,0.2470
13,696,0.2478
13,697,0.2482
13,698,0.2484
13,699,0.2488
13,700,0.2499
13,701,0.2504
13,702,0.2508
13,703,0.2515
13,704,0.2518
13,705,0.2522
13,706,0.2528
13,707,0.2530
13,708,0.2537
13,709,0.2544
13,710,0.2550
13,711,0.2560
13,712,0.2566
13,713,0.2568
13,714,0.2570
13,715,0.2574
13,716,0.2582
13,717,0.2591
13,718,0.2592
13,719,0.2596
13,720,0.2606
13,721,0.2617
13,722,0.2619
13,723,0.2624
13,724,0.2630
13,725,0.2633
13,726,0.2643
13,727,0.2649
13,728,0.2650
13,729,0.2656
13,730,0.2662
13,731,0.2668
13,732,0.2673
13,733,0.2674
13,734,0.2680
13,735,0.2689
13,736,0.2696
13,737,0.2701
13,738,0.2708
13,739,0.2716
13,740,0.2717
13,741,0.2719
13,742,0.2724
13,743,0.2734
13,744,0.2741
13,745,0.2747
13,746,0.2751
13,747,0.2756
13,748,0.2764
13,749,0.2769
13,750,0.2772
13,751,0.2775
13,752,0.2780
13,753,0.2787
13,754,0.2795
13,755,0.2804
13,756,0.2806
13,757,0.2811
13,758,0.2821
13,759,0.2825
13,760,0.2825
13,761,0.2826
13,762,0.2834
13,763,0.2840
13,764,0.2845
13,765,0.2850
13,766,0.2859
13,767,0.2864
13,768,0.2868
13,769,0.2874
13,770,0.2878
13,771,0.2887
13,772,0.2894
13,773,0.2895
13,774,0.2904
13,775,0.2908
13,776,0.2910
13,777,0.2920
13,778,0.2922
13,779,0.2925
13,780,0.2931
13,781,0.2938
13,782,0.2942
13,783,0.2947
13,784,0.2952
13,785,0.2952
13,786,0.2954
13,787,0.2962
13,788,0.2971
13,789,0.2969
13,790,0.2974
13,791,0.2984
13,792,0.2987
13,793,0.2993
13,794,0.2992
13,795,0.2989
13,796,0.3001
13,797,0.3012
13,798,0.3013
13,799,0.3008
13,800,0.3018
13,801,0.3029
13,802,0.3036
13,803,0.3039
13,804,0.3041
13,805,0.3046
13,806,0.3050
13,807,0.3048
13,808,0.3053
13,809,0.3062
13,810,0.3068
13,811,0.3068
13,812,0.3074
13,813,0.3081
13,814,0.3085
13,815,0.3089
13,816,0.3089
13,817,0.3089
13,818,0.3095
13,819,0.3101
13,820,0.3108
13,821,0.3113
13,822,0.3112
13,823,0.3114
13,824,0.3120
13,825,0.3129
13,826,0.3134
13,827,0.3128
13,828,0.3126
13,829,0.3135
13,830,0.3140
13,831,0.3148
13,832,0.3148
13,833,0.3142
13,834,0.3153
13,835,0.3163
13,836,0.3172
13,837,0.3178
13,838,0.3167
13,839,0.3166
13,840,0.3172
13,841,0.3179
13,842,0.3192
13,843,0.3200
13,844,0.3201
13,845,0.3202
13,846,0.3204
13,847,0.3207
13,848,0.3209
13,849,0.3208
13,850,0.3204
13,851,0.3207
13,852,0.3220
13,853,0.3233
13,854,0.3237
13,855,0.3237
13,856,0.3236
13,857,0.3232
13,858,0.3234
13,859,0.3242
13,860,0.3251
13,861,0.3253
13,862,0.3254
13,863,0.3259
13,864,0.3270
13,865,0.3266
13,866,0.3260
13,867,0.3260
13,868,0.3267
13,869,0.3278
13,870,0.3293
13,871,0.3300
13,872,0.3289
13,873,0.3295
13,874,0.3294
13,875,0.3289
13,876,0.3308
13,877,0.3312
13,878,0.3309
13,879,0.3309
13,880,0.3311
13,881,0.3321
13,882,0.3330
13,883,0.3332
13,884,0.3338
13,885,0.3342
13,886,0.3343
13,887,0.3341
13,888,0.3339
13,889,0.3347
13,890,0.3355
13,891,0.3354
13,892,0.3350
13,893,0.3354
13,894,0.3365
13,895,0.3377
13,896,0.3390
13,897,0.3394
13,898,0.3392
13,899,0.3388
13,900,0.3390
13,901,0.3396
13,902,0.3399
13,903,0.3394
13,904,0.3397
13,905,0.3401
13,906,0.3410
13,907,0.3426
13,908,0.3416
13,909,0.3419
13,910,0.3440
13,911,0.3453
13,912,0.3446
13,913,0.3443
13,914,0.3448
13,915,0.3441
13,916,0.3439
13,917,0.3451
13,918,0.3465
13,919,0.3461
13,920,0.3472
13,921,0.3470
13,922,0.3457
13,923,0.3472
13,924,0.3480
13,925,0.3493
13,926,0.3500
13,927,0.3468
13,928,0.3480
13,929,0.3497
13,930,0.3503
13,931,0.3527
13,932,0.3512
13,933,0.3510
13,934,0.3534
13,935,0.3535
13,936,0.3528
13,937,0.3532
13,938,0.3544
13,939,0.3532
13,940,0.3539
13,941,0.3555
13,942,0.3564
13,943,0.3560
13,944,0.3554
13,945,0.3549
13,946,0.3556
13,947,0.3584
13,948,0.3587
13,949,0.3593
13,950,0.3604
13,951,0.3581
13,952,0.3579
13,953,0.3584
13,954,0.3592
13,955,0.3617
13,956,0.3582
13,957,0.3559
13,958,0.3584
13,959,0.3622
13,960,0.3627
13,961,0.3622
13,962,0.3616
13,963,0.3604
13,964,0.3615
13,965,0.3626
13,966,0.3635
13,967,0.3653
13,968,0.3638
13,969,0.3638
13,970,0.3654
13,971,0.3653
13,972,0.3657
13,973,0.3671
13,974,0.3684
13,975,0.3684
13,976,0.3685
13,977,0.3659
13,978,0.3654
13,979,0.3717
13,980,0.3729
13,981,0.3717
13,982,0.3691
13,983,0.3667
13,984,0.3719
13,985,0.3740
13,986,0.3742
13,987,0.3752
13,988,0.3735
13,989,0.3706
13,990,0.3706
13,991,0.3737
13,992,0.3720
13,993,0.3732
13,994,0.3750
13,995,0.3753
13,996,0.3752
13,997,0.3726
13,998,0.3736
13,999,0.3787
13,1000,0.3801
13,1001,0.3790
13,1002,0.3807
13,1003,0.3803
13,1004,0.3797
13,1005,0.3820
13,1006,0.3834
13,1007,0.3846
13,1008,0.3874
13,1009,0.3898
13,1010,0.3905
13,1011,0.3897
13,1012,0.3891
13,1013,0.3879
13,1014,0.3861
13,1015,0.3873
13,1016,0.3889
13,1017,0.3918
13,1018,0.3953
13,1019,0.3945
13,1020,0.3939
13,1021,0.3944
13,1022,0.3953
13,1023,0.3961
13,1024,0.3986
13,1025,0.3990
13,1026,0.3977
13,1027,0.3977
13,1028,0.3979
13,1029,0.3985
13,1030,0.4004
13,1031,0.4004
13,1032,0.3980
13,1033,0.3980
13,1034,0.3973
13,1035,0.3953
13,1036,0.3959
13,1037,0.3967
13,1038,0.3976
13,1039,0.3988
13,1040,0.4015
13,1041,0.4025
13,1042,0.4026
13,1043,0.4039
13,1044,0.4032
13,1045,0.4033
13,1046,0.4037
13,1047,0.4029
13,1048,0.4041
13,1049,0.4044
13,1050,0.4049
13,1051,0.4059
13,1052,0.4060
13,1053,0.4049
13,1054,0.4051
13,1055,0.4064
13,1056,0.4059
13,1057,0.4074
13,1058,0.4096
13,1059,0.4084
13,1060,0.4089
13,1061,0.4093
13,1062,0.4088
13,1063,0.4104
13,1064,0.4116
13,1065,0.4117
13,1066,0.4114
13,1067,0.4111
13,1068,0.4098
13,1069,0.4091
13,1070,0.4098
13,1071,0.4104
13,1072,0.4102
13,1073,0.4108
13,1074,0.4118
13,1075,0.4124
13,1076,0.4135
13,1077,0.4154
13,1078,0.4169
13,1079,0.4167
13,1080,0.4161
13,1081,0.4155
13,1082,0.4156
13,1083,0.4158
13,1084,0.4168
13,1085,0.4190
13,1086,0.4204
13,1087,0.4214
13,1088,0.4205
13,1089,0.4194
13,1090,0.4193
13,1091,0.4196
13,1092,0.4201
13,1093,0.4213
13,1094,0.4218
13,1095,0.4219
13,1096,0.4222
13,1097,0.4219
13,1098,0.4203
13,1099,0.4204
13,1100,0.4209
13,1101,0.4214
13,1102,0.4228
13,1103,0.4243
13,1104,0.4253
13,1105,0.4252
13,1106,0.4260
13,1107,0.4273
13,1108,0.4263
13,1109,0.4271
13,1110,0.4285
13,1111,0.4281
13,1112,0.4284
13,1113,0.4298
13,1114,0.4297
13,1115,0.4277
13,1116,0.4280
13,1117,0.4291
13,1118,0.4296
13,1119,0.4305
13,1120,0.4312
13,1121,0.4306
13,1122,0.4305
13,1123,0.4305
13,1124,0.4310
13,1125,0.4308
13,1126,0.4305
13,1127,0.4311
13,1128,0.4330
13,1129,0.4334
13,1130,0.4334
13,1131,0.4337
13,1132,0.4331
13,1133,0.4333
13,1134,0.4341
13,1135,0.4363
13,1136,0.4361
13,1137,0.4356
13,1138,0.4359
13,1139,0.4345
13,1140,0.4352
13,1141,0.4373
13,1142,0.4382
13,1143,0.4392
13,1144,0.4398
13,1145,0.4398
13,1146,0.4397
13,1147,0.4393
13,1148,0.4395
13,1149,0.4400
13,1150,0.4401
13,1151,0.4408
13,1152,0.4405
13,1153,0.4400
13,1154,0.4402
13,1155,0.4398
13,1156,0.4403
13,1157,0.4415
13,1158,0.4419
13,1159,0.4425
13,1160,0.4437
13,1161,0.4439
13,1162,0.4428
13,1163,0.4434
13,1164,0.4451
13,1165,0.4456
13,1166,0.4466
13,1167,0.4470
13,1168,0.4461
13,1169,0.4453
13,1170,0.4454
13,1171,0.4459
13,1172,0.4458
13,1173,0.4458
13,1174,0.4471
13,1175,0.4482
13,1176,0.4488
13,1177,0.4502
13,1178,0.4506
13,1179,0.4490
13,1180,0.4490
13,1181,0.4497
13,1182,0.4501
13,1183,0.4507
13,1184,0.4513
13,1185,0.4517
13,1186,0.4522
13,1187,0.4526
13,1188,0.4537
13,1189,0.4546
13,1190,0.4545
13,1191,0.4544
13,1192,0.4550
13,1193,0.4550
13,1194,0.4544
13,1195,0.4543
13,1196,0.4542
13,1197,0.4542
13,1198,0.4545
13,1199,0.4546
13,1200,0.4542
13,1201,0.4545
13,1202,0.4556
13,1203,0.4562
13,1204,0.4570
13,1205,0.4581
13,1206,0.4582
13,1207,0.4582
13,1208,0.4580
13,1209,0.4578
13,1210,0.4580
13,1211,0.4583
13,1212,0.4585
13,1213,0.4590
13,1214,0.4594
13,1215,0.4595
13,1216,0.4598
13,1217,0.4604
13,1218,0.4607
13,1219,0.4607
13,1220,0.4610
13,1221,0.4615
13,1222,0.4617
13,1223,0.4622
13,1224,0.4621
13,1225,0.4614
13,1226,0.4617
13,1227,0.4626
13,1228,0.4630
13,1229,0.4636
13,1230,0.4650
13,1231,0.4652
13,1232,0.4648
13,1233,0.4645
13,1234,0.4638
13,1235,0.4635
13,1236,0.4629
13,1237,0.4630
13,1238,0.4635
13,1239,0.4640
13,1240,0.4651
13,1241,0.4657
13,1242,0.4660
13,1243,0.4666
13,1244,0.4673
13,1245,0.4671
13,1246,0.4669
13,1247,0.4667
13,1248,0.4666
13,1249,0.4661
13,1250,0.4664
13,1251,0.4675
13,1252,0.4678
13,1253,0.4679
13,1254,0.4682
13,1255,0.4680
13,1256,0.4682
13,1257,0.4694
13,1258,0.4695
13,1259,0.4685
13,1260,0.4684
13,1261,0.4679
13,1262,0.4680
13,1263,0.4688
13,1264,0.4702
13,1265,0.4709
13,1266,0.4712
13,1267,0.4715
13,1268,0.4712
13,1269,0.4717
13,1270,0.4728
13,1271,0.4733
13,1272,0.4743
13,1273,0.4743
13,1274,0.4733
13,1275,0.4733
13,1276,0.4734
13,1277,0.4735
13,1278,0.4742
13,1279,0.4746
13,1280,0.4750
13,1281,0.4750
13,1282,0.4744
13,1283,0.4742
13,1284,0.4734
13,1285,0.4736
13,1286,0.4740
13,1287,0.4741
13,1288,0.4745
13,1289,0.4748
13,1290,0.4751
13,1291,0.4757
13,1292,0.4758
13,1293,0.4756
13,1294,0.4754
13,1295,0.4752
13,1296,0.4750
13,1297,0.4746
13,1298,0.4748
13,1299,0.4753
13,1300,0.4759
13,1301,0.4774
13,1302,0.4779
13,1303,0.4774
13,1304,0.4775
13,1305,0.4771
13,1306,0.4772
13,1307,0.4787
13,1308,0.4791
13,1309,0.4790
13,1310,0.4785
13,1311,0.4785
13,1312,0.4781
13,1313,0.4779
13,1314,0.4782
13,1315,0.4785
13,1316,0.4787
13,1317,0.4786
13,1318,0.4785
13,1319,0.4789
13,1320,0.4789
13,1321,0.4791
13,1322,0.4802
13,1323,0.4807
13,1324,0.4811
13,1325,0.4811
13,1326,0.4806
13,1327,0.4804
13,1328,0.4796
13,1329,0.4795
13,1330,0.4802
13,1331,0.4807
13,1332,0.4811
13,1333,0.4816
13,1334,0.4818
13,1335,0.4817
13,1336,0.4817
13,1337,0.4815
13,1338,0.4815
13,1339,0.4819
13,1340,0.4816
13,1341,0.4809
13,1342,0.4808
13,1343,0.4804
13,1344,0.4804
13,1345,0.4813
13,1346,0.4816
13,1347,0.4816
13,1348,0.4815
13,1349,0.4810
13,1350,0.4811
13,1351,0.4817
13,1352,0.4819
13,1353,0.4821
13,1354,0.4825
13,1355,0.4830
13,1356,0.4832
13,1357,0.4833
13,1358,0.4836
13,1359,0.4839
13,1360,0.4840
13,1361,0.4840
13,1362,0.4843
13,1363,0.4842
13,1364,0.4836
13,1365,0.4834
13,1366,0.4838
13,1367,0.4836
13,1368,0.4831
13,1369,0.4827
13,1370,0.4822
13,1371,0.4817
13,1372,0.4810
13,1373,0.4807
13,1374,0.4804
13,1375,0.4801
13,1376,0.4803
13,1377,0.4799
13,1378,0.4790
13,1379,0.4782
13,1380,0.4775
13,1381,0.4766
13,1382,0.4753
13,1383,0.4743
13,1384,0.4735
13,1385,0.4724
13,1386,0.4718
13,1387,0.4719
13,1388,0.4710
13,1389,0.4699
13,1390,0.4685
13,1391,0.4661
13,1392,0.4649
13,1393,0.4643
13,1394,0.4631
13,1395,0.4624
13,1396,0.4608
13,1397,0.4582
13,1398,0.4564
13,1399,0.4547
13,1400,0.4530
13,1401,0.4515
13,1402,0.4502
13,1403,0.4490
13,1404,0.4478
13,1405,0.4470
13,1406,0.4458
13,1407,0.4439
13,1408,0.4427
13,1409,0.4415
13,1410,0.4406
13,1411,0.4398
13,1412,0.4396
13,1413,0.4396
13,1414,0.4399
13,1415,0.4406
13,1416,0.4420
13,1417,0.4432
13,1418,0.4446
13,1419,0.4460
13,1420,0.4479
13,1421,0.4493
13,1422,0.4506
13,1423,0.4518
13,1424,0.4528
13,1425,0.4538
13,1426,0.4547
13,1427,0.4559
13,1428,0.4576
13,1429,0.4587
13,1430,0.4598
13,1431,0.4606
13,1432,0.4604
13,1433,0.4612
13,1434,0.4625
13,1435,0.4637
13,1436,0.4659
13,1437,0.4670
13,1438,0.4671
13,1439,0.4678
13,1440,0.4682
13,1441,0.4689
13,1442,0.4705
13,1443,0.4716
13,1444,0.4723
13,1445,0.4730
13,1446,0.4734
13,1447,0.4740
13,1448,0.4747
13,1449,0.4755
13,1450,0.4761
13,1451,0.4766
13,1452,0.4769
13,1453,0.4767
13,1454,0.4766
13,1455,0.4762
13,1456,0.4763
13,1457,0.4764
13,1458,0.4767
13,1459,0.4776
13,1460,0.4780
13,1461,0.4782
13,1462,0.4783
13,1463,0.4780
13,1464,0.4782
13,1465,0.4787
13,1466,0.4791
13,1467,0.4798
13,1468,0.4802
13,1469,0.4801
13,1470,0.4805
13,1471,0.4809
13,1472,0.4814
13,1473,0.4819
13,1474,0.4825
13,1475,0.4832
13,1476,0.4837
13,1477,0.4842
13,1478,0.4847
13,1479,0.4851
13,1480,0.4853
13,1481,0.4856
13,1482,0.4858
13,1483,0.4856
13,1484,0.4855
13,1485,0.4854
13,1486,0.4853
13,1487,0.4849
13,1488,0.4848
13,1489,0.4849
13,1490,0.4852
13,1491,0.4854
13,1492,0.4861
13,1493,0.4863
13,1494,0.4864
13,1495,0.4866
13,1496,0.4866
13,1497,0.4868
13,1498,0.4871
13,1499,0.4874
13,1500,0.4878
13,1501,0.4881
13,1502,0.4883
13,1503,0.4888
13,1504,0.4893
13,1505,0.4897
13,1506,0.4903
13,1507,0.4906
13,1508,0.4907
13,1509,0.4907
13,1510,0.4903
13,1511,0.4905
13,1512,0.4912
13,1513,0.4914
13,1514,0.4920
13,1515,0.4924
13,1516,0.4923
13,1517,0.4926
13,1518,0.4932
13,1519,0.4935
13,1520,0.4934
13,1521,0.4935
13,1522,0.4938
13,1523,0.4939
13,1524,0.4940
13,1525,0.4939
13,1526,0.4930
13,1527,0.4930
13,1528,0.4939
13,1529,0.4940
13,1530,0.4936
13,1531,0.4939
13,1532,0.4938
13,1533,0.4938
13,1534,0.4947
13,1535,0.4951
13,1536,0.4948
13,1537,0.4949
13,1538,0.4952
13,1539,0.4955
13,1540,0.4963
13,1541,0.4965
13,1542,0.4961
13,1543,0.4959
13,1544,0.4960
13,1545,0.4959
13,1546,0.4961
13,1547,0.4972
13,1548,0.4973
13,1549,0.4970
13,1550,0.4970
13,1551,0.4969
13,1552,0.4972
13,1553,0.4979
13,1554,0.4980
13,1555,0.4979
13,1556,0.4981
13,1557,0.4979
13,1558,0.4980
13,1559,0.4985
13,1560,0.4988
13,1561,0.4989
13,1562,0.4990
13,1563,0.4991
13,1564,0.4992
13,1565,0.4993
13,1566,0.4992
13,1567,0.4990
13,1568,0.4989
13,1569,0.4982
13,1570,0.4984
13,1571,0.4995
13,1572,0.5000
13,1573,0.5011
13,1574,0.5011
13,1575,0.5002
13,1576,0.4999
13,1577,0.4988
13,1578,0.4988
13,1579,0.4996
13,1580,0.5000
13,1581,0.5013
13,1582,0.5013
13,1583,0.5001
13,1584,0.5002
13,1585,0.5003
13,1586,0.5005
13,1587,0.5018
13,1588,0.5021
13,1589,0.5013
13,1590,0.5014
13,1591,0.5018
13,1592,0.5019
13,1593,0.5023
13,1594,0.5024
13,1595,0.5018
13,1596,0.5017
13,1597,0.5015
13,1598,0.5016
13,1599,0.5020
13,1600,0.5023
13,1601,0.5029
13,1602,0.5031
13,1603,0.5031
13,1604,0.5031
13,1605,0.5027
13,1606,0.5028
13,1607,0.5032
13,1608,0.5035
13,1609,0.5041
13,1610,0.5043
13,1611,0.5043
13,1612,0.5042
13,1613,0.5035
13,1614,0.5035
13,1615,0.5039
13,1616,0.5041
13,1617,0.5050
13,1618,0.5052
13,1619,0.5051
13,1620,0.5048
13,1621,0.5039
13,1622,0.5036
13,1623,0.5032
13,1624,0.5034
13,1625,0.5051
13,1626,0.5053
13,1627,0.5052
13,1628,0.5050
13,1629,0.5035
13,1630,0.5030
13,1631,0.5031
13,1632,0.5034
13,1633,0.5045
13,1634,0.5050
13,1635,0.5053
13,1636,0.5056
13,1637,0.5057
13,1638,0.5056
13,1639,0.5054
13,1640,0.5055
13,1641,0.5054
13,1642,0.5052
13,1643,0.5054
13,1644,0.5056
13,1645,0.5057
13,1646,0.5057
13,1647,0.5059
13,1648,0.5059
13,1649,0.5051
13,1650,0.5049
13,1651,0.5051
13,1652,0.5054
13,1653,0.5066
13,1654,0.5067
13,1655,0.5061
13,1656,0.5059
13,1657,0.5050
13,1658,0.5047
13,1659,0.5052
13,1660,0.5055
13,1661,0.5060
13,1662,0.5065
13,1663,0.5072
13,1664,0.5076
13,1665,0.5074
13,1666,0.5075
13,1667,0.5078
13,1668,0.5079
13,1669,0.5086
13,1670,0.5085
13,1671,0.5070
13,1672,0.5070
13,1673,0.5078
13,1674,0.5079
13,1675,0.5089
13,1676,0.5090
13,1677,0.5076
13,1678,0.5071
13,1679,0.5063
13,1680,0.5065
13,1681,0.5077
13,1682,0.5083
13,1683,0.5101
13,1684,0.5104
13,1685,0.5086
13,1686,0.5083
13,1687,0.5079
13,1688,0.5079
13,1689,0.5094
13,1690,0.5098
13,1691,0.5091
13,1692,0.5091
13,1693,0.5092
13,1694,0.5092
13,1695,0.5096
13,1696,0.5094
13,1697,0.5085
13,1698,0.5083
13,1699,0.5083
13,1700,0.5081
13,1701,0.5081
13,1702,0.5080
13,1703,0.5077
13,1704,0.5078
13,1705,0.5083
13,1706,0.5089
13,1707,0.5098
13,1708,0.5102
13,1709,0.5110
13,1710,0.5110
13,1711,0.5103
13,1712,0.5097
13,1713,0.5083
13,1714,0.5082
13,1715,0.5087
13,1716,0.5090
13,1717,0.5103
13,1718,0.5096
13,1719,0.5082
13,1720,0.5068
13,1721,0.5064
13,1722,0.5071
13,1723,0.5081
13,1724,0.5092
13,1725,0.5102
13,1726,0.5101
13,1727,0.5095
13,1728,0.5093
13,1729,0.5090
13,1730,0.5091
13,1731,0.5100
13,1732,0.5103
13,1733,0.5097
13,1734,0.5090
13,1735,0.5082
13,1736,0.5083
13,1737,0.5091
13,1738,0.5099
13,1739,0.5103
13,1740,0.5095
13,1741,0.5086
13,1742,0.5082
13,1743,0.5082
13,1744,0.5090
13,1745,0.5098
13,1746,0.5095
13,1747,0.5092
13,1748,0.5090
13,1749,0.5083
13,1750,0.5092
13,1751,0.5094
13,1752,0.5099
13,1753,0.5100
13,1754,0.5093
13,1755,0.5088
13,1756,0.5083
13,1757,0.5076
13,1758,0.5060
13,1759,0.5064
13,1760,0.5083
13,1761,0.5092
13,1762,0.5114
13,1763,0.5116
13,1764,0.5093
13,1765,0.5087
13,1766,0.5088
13,1767,0.5081
13,1768,0.5076
13,1769,0.5075
13,1770,0.5066
13,1771,0.5076
13,1772,0.5090
13,1773,0.5096
13,1774,0.5099
13,1775,0.5102
13,1776,0.5108
13,1777,0.5106
13,1778,0.5111
13,1779,0.5109
13,1780,0.5094
13,1781,0.5090
13,1782,0.5085
13,1783,0.5085
13,1784,0.5090
13,1785,0.5088
13,1786,0.5085
13,1787,0.5082
13,1788,0.5084
13,1789,0.5086
13,1790,0.5084
13,1791,0.5082
13,1792,0.5078
13,1793,0.5078
13,1794,0.5093
13,1795,0.5107
13,1796,0.5110
13,1797,0.5115
13,1798,0.5116
13,1799,0.5111
13,1800,0.5110
13,1801,0.5108
13,1802,0.5105
13,1803,0.5102
13,1804,0.5096
13,1805,0.5079
13,1806,0.5070
13,1807,0.5074
13,1808,0.5079
13,1809,0.5092
13,1810,0.5105
13,1811,0.5118
13,1812,0.5126
13,1813,0.5135
13,1814,0.5145
13,1815,0.5141
13,1816,0.5138
13,1817,0.5142
13,1818,0.5148
13,1819,0.5156
13,1820,0.5164
13,1821,0.5150
13,1822,0.5115
13,1823,0.5092
13,1824,0.5071
13,1825,0.5065
13,1826,0.5084
13,1827,0.5091
13,1828,0.5098
13,1829,0.5102
13,1830,0.5092
13,1831,0.5091
13,1832,0.5100
13,1833,0.5098
13,1834,0.5102
13,1835,0.5112
13,1836,0.5132
13,1837,0.5145
13,1838,0.5158
13,1839,0.5169
13,1840,0.5173
13,1841,0.5157
13,1842,0.5141
13,1843,0.5132
13,1844,0.5129
13,1845,0.5106
13,1846,0.5099
13,1847,0.5104
13,1848,0.5084
13,1849,0.5086
13,1850,0.5100
13,1851,0.5105
13,1852,0.5101
13,1853,0.5086
13,1854,0.5076
13,1855,0.5054
13,1856,0.5059
13,1857,0.5046
13,1858,0.5052
13,1859,0.5058
13,1860,0.5046
13,1861,0.5050
13,1862,0.5057
13,1863,0.5058
13,1864,0.5061
13,1865,0.5063
13,1866,0.5065
13,1867,0.5058
13,1868,0.5068
13,1869,0.5051
13,1870,0.5011
13,1871,0.4994
13,1872,0.4980
13,1873,0.4967
13,1874,0.4953
13,1875,0.4950
13,1876,0.4939
13,1877,0.4910
13,1878,0.4905
13,1879,0.4901
13,1880,0.4901
13,1881,0.4901
13,1882,0.4879
13,1883,0.4857
13,1884,0.4809
13,1885,0.4786
13,1886,0.4772
13,1887,0.4759
13,1888,0.4729
13,1889,0.4712
13,1890,0.4660
13,1891,0.4585
13,1892,0.4547
13,1893,0.4531
13,1894,0.4499
13,1895,0.4484
13,1896,0.4455
13,1897,0.4421
13,1898,0.4354
13,1899,0.4306
13,1900,0.4287
13,1901,0.4264
13,1902,0.4234
13,1903,0.4201
13,1904,0.4165
13,1905,0.4137
13,1906,0.4107
13,1907,0.4079
13,1908,0.4062
13,1909,0.4040
13,1910,0.4010
13,1911,0.3990
13,1912,0.3987
13,1913,0.4003
13,1914,0.4005
13,1915,0.4015
13,1916,0.4029
13,1917,0.4039
13,1918,0.4050
13,1919,0.4071
13,1920,0.4088
13,1921,0.4090
13,1922,0.4097
13,1923,0.4104
13,1924,0.4104
13,1925,0.4123
13,1926,0.4155
13,1927,0.4177
13,1928,0.4208
13,1929,0.4233
13,1930,0.4257
13,1931,0.4268
13,1932,0.4267
13,1933,0.4267
13,1934,0.4275
13,1935,0.4277
13,1936,0.4278
13,1937,0.4286
13,1938,0.4294
13,1939,0.4291
13,1940,0.4298
13,1941,0.4326
13,1942,0.4340
13,1943,0.4355
13,1944,0.4352
13,1945,0.4352
13,1946,0.4342
13,1947,0.4341
13,1948,0.4335
13,1949,0.4344
13,1950,0.4370
13,1951,0.4382
13,1952,0.4400
13,1953,0.4412
13,1954,0.4417
13,1955,0.4417
13,1956,0.4417
13,1957,0.4408
13,1958,0.4417
13,1959,0.4437
13,1960,0.4445
13,1961,0.4453
13,1962,0.4467
13,1963,0.4476
13,1964,0.4485
13,1965,0.4505
13,1966,0.4526
13,1967,0.4532
13,1968,0.4521
13,1969,0.4525
13,1970,0.4537
13,1971,0.4540
13,1972,0.4538
13,1973,0.4546
13,1974,0.4559
13,1975,0.4562
13,1976,0.4565
13,1977,0.4571
13,1978,0.4570
13,1979,0.4555
13,1980,0.4561
13,1981,0.4585
13,1982,0.4599
13,1983,0.4620
13,1984,0.4627
13,1985,0.4616
13,1986,0.4623
13,1987,0.4636
13,1988,0.4642
13,1989,0.4663
13,1990,0.4670
13,1991,0.4669
13,1992,0.4654
13,1993,0.4640
13,1994,0.4611
13,1995,0.4607
13,1996,0.4610
13,1997,0.4613
13,1998,0.4636
13,1999,0.4650
13,2000,0.4652
13,2001,0.4665
13,2002,0.4691
13,2003,0.4709
13,2004,0.4729
13,2005,0.4753
13,2006,0.4767
13,2007,0.4770
13,2008,0.4781
13,2009,0.4797
13,2010,0.4800
13,2011,0.4793
13,2012,0.4795
13,2013,0.4781
13,2014,0.4785
13,2015,0.4818
13,2016,0.4842
13,2017,0.4846
13,2018,0.4838
13,2019,0.4844
13,2020,0.4838
13,2021,0.4837
13,2022,0.4859
13,2023,0.4858
13,2024,0.4823
13,2025,0.4818
13,2026,0.4827
13,2027,0.4831
13,2028,0.4852
13,2029,0.4862
13,2030,0.4864
13,2031,0.4847
13,2032,0.4856
13,2033,0.4877
13,2034,0.4882
13,2035,0.4893
13,2036,0.4897
13,2037,0.4879
13,2038,0.4878
13,2039,0.4896
13,2040,0.4904
13,2041,0.4916
13,2042,0.4918
13,2043,0.4916
13,2044,0.4898
13,2045,0.4901
13,2046,0.4915
13,2047,0.4914
13,2048,0.4924
13,2049,0.4919
13,2050,0.4886
13,2051,0.4878
13,2052,0.4886
13,2053,0.4885
13,2054,0.4885
13,2055,0.4889
13,2056,0.4893
13,2057,0.4891
13,2058,0.4894
13,2059,0.4908
13,2060,0.4909
13,2061,0.4903
13,2062,0.4894
13,2063,0.4866
13,2064,0.4867
13,2065,0.4892
13,2066,0.4897
13,2067,0.4911
13,2068,0.4921
13,2069,0.4916
13,2070,0.4908
13,2071,0.4899
13,2072,0.4894
13,2073,0.4894
13,2074,0.4880
13,2075,0.4884
13,2076,0.4912
13,2077,0.4922
13,2078,0.4934
13,2079,0.4935
13,2080,0.4925
13,2081,0.4914
13,2082,0.4892
13,2083,0.4872
13,2084,0.4848
13,2085,0.4823
13,2086,0.4822
13,2087,0.4833
13,2088,0.4847
13,2089,0.4889
13,2090,0.4911
13,2091,0.4927
13,2092,0.4937
13,2093,0.4940
13,2094,0.4945
13,2095,0.4949
13,2096,0.4942
13,2097,0.4921
13,2098,0.4914
13,2099,0.4903
13,2100,0.4899
13,2101,0.4919
13,2102,0.4935
13,2103,0.4922
13,2104,0.4881
13,2105,0.4872
13,2106,0.4853
13,2107,0.4847
13,2108,0.4876
13,2109,0.4880
13,2110,0.4855
13,2111,0.4856
13,2112,0.4882
13,2113,0.4889
13,2114,0.4896
13,2115,0.4905
13,2116,0.4914
13,2117,0.4899
13,2118,0.4889
13,2119,0.4884
13,2120,0.4877
13,2121,0.4851
13,2122,0.4845
13,2123,0.4850
13,2124,0.4858
13,2125,0.4881
13,2126,0.4886
13,2127,0.4891
13,2128,0.4897
13,2129,0.4883
13,2130,0.4886
13,2131,0.4918
13,2132,0.4924
13,2133,0.4917
13,2134,0.4921
13,2135,0.4913
13,2136,0.4882
13,2137,0.4877
13,2138,0.4880
13,2139,0.4885
13,2140,0.4907
13,2141,0.4905
13,2142,0.4888
13,2143,0.4885
13,2144,0.4878
13,2145,0.4876
13,2146,0.4904
13,2147,0.4897
13,2148,0.4856
13,2149,0.4837
13,2150,0.4808
13,2151,0.4789
13,2152,0.4781
13,2153,0.4798
13,2154,0.4794
13,2155,0.4788
13,2156,0.4778
13,2157,0.4754
13,2158,0.4749
13,2159,0.4753
13,2160,0.4750
13,2161,0.4764
13,2162,0.4756
13,2163,0.4721
13,2164,0.4710
13,2165,0.4710
13,2166,0.4698
13,2167,0.4685
13,2168,0.4679
13,2169,0.4665
13,2170,0.4658
13,2171,0.4648
13,2172,0.4649
13,2173,0.4646
13,2174,0.4633
13,2175,0.4625
13,2176,0.4627
13,2177,0.4623
13,2178,0.4622
13,2179,0.4605
13,2180,0.4570
13,2181,0.4554
13,2182,0.4529
13,2183,0.4520
13,2184,0.4559
13,2185,0.4554
13,2186,0.4515
13,2187,0.4499
13,2188,0.4466
13,2189,0.4444
13,2190,0.4442
13,2191,0.4448
13,2192,0.4438
13,2193,0.4422
13,2194,0.4408
13,2195,0.4389
13,2196,0.4372
13,2197,0.4361
13,2198,0.4338
13,2199,0.4298
13,2200,0.4279
13,2201,0.4257
13,2202,0.4246
13,2203,0.4267
13,2204,0.4269
13,2205,0.4268
13,2206,0.4260
13,2207,0.4229
13,2208,0.4220
13,2209,0.4215
13,2210,0.4217
13,2211,0.4239
13,2212,0.4267
13,2213,0.4281
13,2214,0.4286
13,2215,0.4307
13,2216,0.4323
13,2217,0.4353
13,2218,0.4409
13,2219,0.4440
13,2220,0.4474
13,2221,0.4492
13,2222,0.4489
13,2223,0.4494
13,2224,0.4488
13,2225,0.4494
13,2226,0.4524
13,2227,0.4522
13,2228,0.4493
13,2229,0.4489
13,2230,0.4482
13,2231,0.4473
13,2232,0.4486
13,2233,0.4493
13,2234,0.4484
13,2235,0.4481
13,2236,0.4481
13,2237,0.4494
13,2238,0.4487
13,2239,0.4462
13,2240,0.4461
13,2241,0.4465
13,2242,0.4460
13,2243,0.4454
13,2244,0.4469
13,2245,0.4489
13,2246,0.4502
13,2247,0.4538
13,2248,0.4555
13,2249,0.4535
13,2250,0.4549
13,2251,0.4606
13,2252,0.4617
13,2253,0.4621
13,2254,0.4610
13,2255,0.4544
13,2256,0.4513
13,2257,0.4487
13,2258,0.4475
13,2259,0.4492
13,2260,0.4496
13,2261,0.4492
13,2262,0.4505
13,2263,0.4518
13,2264,0.4524
13,2265,0.4542
13,2266,0.4586
13,2267,0.4594
13,2268,0.4594
13,2269,0.4579
13,2270,0.4526
13,2271,0.4518
13,2272,0.4532
13,2273,0.4522
13,2274,0.4524
13,2275,0.4518
13,2276,0.4480
13,2277,0.4471
13,2278,0.4488
13,2279,0.4491
13,2280,0.4498
13,2281,0.4498
13,2282,0.4481
13,2283,0.4485
13,2284,0.4509
13,2285,0.4511
13,2286,0.4517
13,2287,0.4513
13,2288,0.4471
13,2289,0.4453
13,2290,0.4445
13,2291,0.4437
13,2292,0.4444
13,2293,0.4439
13,2294,0.4430
13,2295,0.4426
13,2296,0.4394
13,2297,0.4332
13,2298,0.4310
13,2299,0.4277
13,2300,0.4281
13,2301,0.4339
13,2302,0.4354
13,2303,0.4354
13,2304,0.4382
13,2305,0.4438
13,2306,0.4432
13,2307,0.4413
13,2308,0.4399
13,2309,0.4306
13,2310,0.4299
13,2311,0.4365
13,2312,0.4395
13,2313,0.4467
13,2314,0.4472
13,2315,0.4429
13,2316,0.4400
13,2317,0.4317
13,2318,0.4282
13,2319,0.4250
13,2320,0.4267
13,2321,0.4347
13,2322,0.4397
13,2323,0.4524
13,2324,0.4557
13,2325,0.4502
13,2326,0.4468
13,2327,0.4355
13,2328,0.4301
13,2329,0.4299
13,2330,0.4288
13,2331,0.4333
13,2332,0.4322
13,2333,0.4284
13,2334,0.4201
13,2335,0.4184
13,2336,0.4166
13,2337,0.4131
13,2338,0.4129
13,2339,0.4122
13,2340,0.4066
13,2341,0.4078
13,2342,0.4172
13,2343,0.4188
13,2344,0.4180
13,2345,0.4173
13,2346,0.4127
13,2347,0.4136
13,2348,0.4179
13,2349,0.4197
13,2350,0.4251
13,2351,0.4242
13,2352,0.4168
13,2353,0.4149
13,2354,0.4120
13,2355,0.4113
13,2356,0.4178
13,2357,0.4158
13,2358,0.4046
13,2359,0.4050
13,2360,0.4096
13,2361,0.4104
13,2362,0.4182
13,2363,0.4217
13,2364,0.4199
13,2365,0.4155
13,2366,0.4079
13,2367,0.4057
13,2368,0.4003
13,2369,0.3973
13,2370,0.4010
13,2371,0.4044
13,2372,0.4090
13,2373,0.4097
13,2374,0.4123
13,2375,0.4121
13,2376,0.4032
13,2377,0.3987
13,2378,0.3972
13,2379,0.3951
13,2380,0.3925
13,2381,0.3914
13,2382,0.3906
13,2383,0.3919
13,2384,0.4007
13,2385,0.4012
13,2386,0.3908
13,2387,0.3921
13,2388,0.3988
13,2389,0.4003
13,2390,0.4150
13,2391,0.4174
13,2392,0.3972
13,2393,0.3886
13,2394,0.3792
13,2395,0.3757
13,2396,0.3854
13,2397,0.3903
13,2398,0.3984
13,2399,0.4021
13,2400,0.3995
14,400,0.1363
14,401,0.1366
14,402,0.1212
14,403,0.1151
14,404,0.1282
14,405,0.1394
14,406,0.1354
14,407,0.1345
14,408,0.1364
14,409,0.1382
14,410,0.1369
14,411,0.1425
14,412,0.1501
14,413,0.1539
14,414,0.1492
14,415,0.1513
14,416,0.1532
14,417,0.1488
14,418,0.1526
14,419,0.1540
14,420,0.1556
14,421,0.1665
14,422,0.1714
14,423,0.1677
14,424,0.1597
14,425,0.1605
14,426,0.1636
14,427,0.1655
14,428,0.1653
14,429,0.1678
14,430,0.1691
14,431,0.1695
14,432,0.1721
14,433,0.1738
14,434,0.1758
14,435,0.1786
14,436,0.1793
14,437,0.1826
14,438,0.1878
14,439,0.1918
14,440,0.1928
14,441,0.1915
14,442,0.1910
14,443,0.1973
14,444,0.2004
14,445,0.1986
14,446,0.1952
14,447,0.2011
14,448,0.2053
14,449,0.2058
14,450,0.2076
14,451,0.2063
14,452,0.2065
14,453,0.2093
14,454,0.2054
14,455,0.2048
14,456,0.2070
14,457,0.2079
14,458,0.2105
14,459,0.2142
14,460,0.2168
14,461,0.2143
14,462,0.2130
14,463,0.2126
14,464,0.2124
14,465,0.2160
14,466,0.2171
14,467,0.2173
14,468,0.2217
14,469,0.2207
14,470,0.2182
14,471,0.2178
14,472,0.2188
14,473,0.2181
14,474,0.2186
14,475,0.2233
14,476,0.2261
14,477,0.2277
14,478,0.2273
14,479,0.2226
14,480,0.2236
14,481,0.2267
14,482,0.2280
14,483,0.2308
14,484,0.2332
14,485,0.2339
14,486,0.2328
14,487,0.2328
14,488,0.2331
14,489,0.2339
14,490,0.2373
14,491,0.2402
14,492,0.2424
14,493,0.2442
14,494,0.2433
14,495,0.2435
14,496,0.2460
14,497,0.2493
14,498,0.2509
14,499,0.2519
14,500,0.2536
14,501,0.2558
14,502,0.2561
14,503,0.2561
14,504,0.2586
14,505,0.2606
14,506,0.2637
14,507,0.2676
14,508,0.2690
14,509,0.2689
14,510,0.2692
14,511,0.2712
14,512,0.2734
14,513,0.2764
14,514,0.2790
14,515,0.2785
14,516,0.2804
14,517,0.2828
14,518,0.2838
14,519,0.2853
14,520,0.2879
14,521,0.2911
14,522,0.2937
14,523,0.2935
14,524,0.2940
14,525,0.2965
14,526,0.2985
14,527,0.3009
14,528,0.3031
14,529,0.3047
14,530,0.3052
14,531,0.3067
14,532,0.3092
14,533,0.3115
14,534,0.3138
14,535,0.3156
14,536,0.3165
14,537,0.3177
14,538,0.3193
14,539,0.3213
14,540,0.3236
14,541,0.3260
14,542,0.3270
14,543,0.3268
14,544,0.3285
14,545,0.3307
14,546,0.3329
14,547,0.3348
14,548,0.3356
14,549,0.3369
14,550,0.3387
14,551,0.3398
14,552,0.3419
14,553,0.3440
14,554,0.3451
14,555,0.3464
14,556,0.3470
14,557,0.3479
14,558,0.3502
14,559,0.3517
14,560,0.3530
14,561,0.3543
14,562,0.3552
14,563,0.3558
14,564,0.3566
14,565,0.3580
14,566,0.3593
14,567,0.3607
14,568,0.3619
14,569,0.3627
14,570,0.3636
14,571,0.3648
14,572,0.3663
14,573,0.3669
14,574,0.3683
14,575,0.3699
14,576,0.3703
14,577,0.3706
14,578,0.3710
14,579,0.3719
14,580,0.3739
14,581,0.3745
14,582,0.3748
14,583,0.3759
14,584,0.3758
14,585,0.3764
14,586,0.3777
14,587,0.3789
14,588,0.3789
14,589,0.3791
14,590,0.3801
14,591,0.3807
14,592,0.3818
14,593,0.3829
14,594,0.3832
14,595,0.3833
14,596,0.3845
14,597,0.3863
14,598,0.3867
14,599,0.3870
14,600,0.3875
14,601,0.3881
14,602,0.3882
14,603,0.3890
14,604,0.3899
14,605,0.3896
14,606,0.3909
14,607,0.3917
14,608,0.3914
14,609,0.3918
14,610,0.3928
14,611,0.3938
14,612,0.3944
14,613,0.3956
14,614,0.3958
14,615,0.3951
14,616,0.3956
14,617,0.3967
14,618,0.3972
14,619,0.3967
14,620,0.3974
14,621,0.3982
14,622,0.3988
14,623,0.3991
14,624,0.3999
14,625,0.4005
14,626,0.4010
14,627,0.4020
14,628,0.4020
14,629,0.4017
14,630,0.4020
14,631,0.4028
14,632,0.4033
14,633,0.4037
14,634,0.4048
14,635,0.4049
14,636,0.4049
14,637,0.4057
14,638,0.4074
14,639,0.4078
14,640,0.4075
14,641,0.4079
14,642,0.4082
14,643,0.4088
14,644,0.4098
14,645,0.4109
14,646,0.4107
14,647,0.4106
14,648,0.4117
14,649,0.4120
14,650,0.4132
14,651,0.4143
14,652,0.4139
14,653,0.4145
14,654,0.4150
14,655,0.4151
14,656,0.4154
14,657,0.4161
14,658,0.4166
14,659,0.4168
14,660,0.4180
14,661,0.4183
14,662,0.4182
14,663,0.4192
14,664,0.4200
14,665,0.4209
14,666,0.4219
14,667,0.4222
14,668,0.4219
14,669,0.4219
14,670,0.4231
14,671,0.4238
14,672,0.4244
14,673,0.4251
14,674,0.4254
14,675,0.4257
14,676,0.4260
14,677,0.4264
14,678,0.4269
14,679,0.4283
14,680,0.4294
14,681,0.4290
14,682,0.4294
14,683,0.4303
14,684,0.4313
14,685,0.4323
14,686,0.4327
14,687,0.4328
14,688,0.4332
14,689,0.4343
14,690,0.4344
14,691,0.4344
14,692,0.4358
14,693,0.4366
14,694,0.4368
14,695,0.4369
14,696,0.4377
14,697,0.4379
14,698,0.4385
14,699,0.4399
14,700,0.4399
14,701,0.4405
14,702,0.4413
14,703,0.4419
14,704,0.4425
14,705,0.4429
14,706,0.4433
14,707,0.4444
14,708,0.4451
14,709,0.4454
14,710,0.4457
14,711,0.4458
14,712,0.4468
14,713,0.4480
14,714,0.4484
14,715,0.4486
14,716,0.4489
14,717,0.4495
14,718,0.4499
14,719,0.4505
14,720,0.4515
14,721,0.4525
14,722,0.4526
14,723,0.4528
14,724,0.4533
14,725,0.4540
14,726,0.4545
14,727,0.4553
14,728,0.4562
14,729,0.4564
14,730,0.4573
14,731,0.4578
14,732,0.4576
14,733,0.4586
14,734,0.4593
14,735,0.4596
14,736,0.4601
14,737,0.4605
14,738,0.4612
14,739,0.4619
14,740,0.4622
14,741,0.4630
14,742,0.4632
14,743,0.4629
14,744,0.4638
14,745,0.4645
14,746,0.4651
14,747,0.4658
14,748,0.4663
14,749,0.4664
14,750,0.4665
14,751,0.4670
14,752,0.4680
14,753,0.4685
14,754,0.4686
14,755,0.4696
14,756,0.4702
14,757,0.4707
14,758,0.4713
14,759,0.4720
14,760,0.4719
14,761,0.4717
14,762,0.4725
14,763,0.4730
14,764,0.4736
14,765,0.4739
14,766,0.4738
14,767,0.4744
14,768,0.4749
14,769,0.4753
14,770,0.4763
14,771,0.4767
14,772,0.4766
14,773,0.4769
14,774,0.4776
14,775,0.4780
14,776,0.4782
14,777,0.4788
14,778,0.4796
14,779,0.4800
14,780,0.4802
14,781,0.4804
14,782,0.4805
14,783,0.4808
14,784,0.4813
14,785,0.4819
14,786,0.4818
14,787,0.4817
14,788,0.4824
14,789,0.4828
14,790,0.4834
14,791,0.4841
14,792,0.4841
14,793,0.4843
14,794,0.4844
14,795,0.4846
14,796,0.4851
14,797,0.4858
14,798,0.4860
14,799,0.4857
14,800,0.4862
14,801,0.4861
14,802,0.4859
14,803,0.4866
14,804,0.4870
14,805,0.4871
14,806,0.4874
14,807,0.4882
14,808,0.4876
14,809,0.4880
14,810,0.4890
14,811,0.4886
14,812,0.4890
14,813,0.4895
14,814,0.4896
14,815,0.4897
14,816,0.4896
14,817,0.4896
14,818,0.4900
14,819,0.4899
14,820,0.4897
14,821,0.4900
14,822,0.4912
14,823,0.4908
14,824,0.4910
14,825,0.4915
14,826,0.4910
14,827,0.4909
14,828,0.4913
14,829,0.4920
14,830,0.4917
14,831,0.4922
14,832,0.4921
14,833,0.4913
14,834,0.4917
14,835,0.4925
14,836,0.4931
14,837,0.4929
14,838,0.4926
14,839,0.4928
14,840,0.4927
14,841,0.4921
14,842,0.4940
14,843,0.4947
14,844,0.4940
14,845,0.4936
14,846,0.4943
14,847,0.4944
14,848,0.4937
14,849,0.4939
14,850,0.4944
14,851,0.4943
14,852,0.4940
14,853,0.4952
14,854,0.4957
14,855,0.4956
14,856,0.4954
14,857,0.4952
14,858,0.4953
14,859,0.4956
14,860,0.4956
14,861,0.4953
14,862,0.4959
14,863,0.4964
14,864,0.4957
14,865,0.4959
14,866,0.4969
14,867,0.4974
14,868,0.4965
14,869,0.4972
14,870,0.4974
14,871,0.4967
14,872,0.4961
14,873,0.4977
14,874,0.4987
14,875,0.4983
14,876,0.4984
14,877,0.4985
14,878,0.4988
14,879,0.4992
14,880,0.4989
14,881,0.4985
14,882,0.4991
14,883,0.5001
14,884,0.4995
14,885,0.4987
14,886,0.4984
14,887,0.4989
14,888,0.4998
14,889,0.4998
14,890,0.5000
14,891,0.5010
14,892,0.5009
14,893,0.5010
14,894,0.5012
14,895,0.5014
14,896,0.5020
14,897,0.5026
14,898,0.5024
14,899,0.5012
14,900,0.5032
14,901,0.5038
14,902,0.5035
14,903,0.5045
14,904,0.5046
14,905,0.5049
14,906,0.5051
14,907,0.5045
14,908,0.5047
14,909,0.5049
14,910,0.5053
14,911,0.5064
14,912,0.5058
14,913,0.5055
14,914,0.5060
14,915,0.5064
14,916,0.5049
14,917,0.5057
14,918,0.5083
14,919,0.5072
14,920,0.5067
14,921,0.5066
14,922,0.5076
14,923,0.5108
14,924,0.5095
14,925,0.5089
14,926,0.5098
14,927,0.5073
14,928,0.5094
14,929,0.5113
14,930,0.5109
14,931,0.5126
14,932,0.5129
14,933,0.5112
14,934,0.5095
14,935,0.5107
14,936,0.5124
14,937,0.5128
14,938,0.5119
14,939,0.5115
14,940,0.5138
14,941,0.5157
14,942,0.5153
14,943,0.5137
14,944,0.5119
14,945,0.5126
14,946,0.5159
14,947,0.5183
14,948,0.5168
14,949,0.5153
14,950,0.5158
14,951,0.5166
14,952,0.5137
14,953,0.5137
14,954,0.5177
14,955,0.5193
14,956,0.5175
14,957,0.5144
14,958,0.5139
14,959,0.5183
14,960,0.5188
14,961,0.5193
14,962,0.5203
14,963,0.5184
14,964,0.5194
14,965,0.5198
14,966,0.5182
14,967,0.5160
14,968,0.5188
14,969,0.5218
14,970,0.5222
14,971,0.5204
14,972,0.5196
14,973,0.5210
14,974,0.5231
14,975,0.5230
14,976,0.5217
14,977,0.5223
14,978,0.5241
14,979,0.5245
14,980,0.5247
14,981,0.5235
14,982,0.5233
14,983,0.5260
14,984,0.5236
14,985,0.5231
14,986,0.5256
14,987,0.5288
14,988,0.5273
14,989,0.5258
14,990,0.5257
14,991,0.5275
14,992,0.5317
14,993,0.5285
14,994,0.5265
14,995,0.5298
14,996,0.5292
14,997,0.5334
14,998,0.5324
14,999,0.5254
14,1000,0.5241
14,1001,0.5222
14,1002,0.5238
14,1003,0.5261
14,1004,0.5254
14,1005,0.5231
14,1006,0.5208
14,1007,0.5181
14,1008,0.5168
14,1009,0.5196
14,1010,0.5204
14,1011,0.5216
14,1012,0.5214
14,1013,0.5220
14,1014,0.5200
14,1015,0.5192
14,1016,0.5206
14,1017,0.5225
14,1018,0.5258
14,1019,0.5272
14,1020,0.5264
14,1021,0.5254
14,1022,0.5245
14,1023,0.5246
14,1024,0.5270
14,1025,0.5279
14,1026,0.5283
14,1027,0.5300
14,1028,0.5305
14,1029,0.5305
14,1030,0.5317
14,1031,0.5302
14,1032,0.5283
14,1033,0.5272
14,1034,0.5251
14,1035,0.5251
14,1036,0.5274
14,1037,0.5288
14,1038,0.5296
14,1039,0.5309
14,1040,0.5322
14,1041,0.5318
14,1042,0.5327
14,1043,0.5348
14,1044,0.5345
14,1045,0.5335
14,1046,0.5317
14,1047,0.5300
14,1048,0.5296
14,1049,0.5298
14,1050,0.5299
14,1051,0.5307
14,1052,0.5318
14,1053,0.5330
14,1054,0.5334
14,1055,0.5347
14,1056,0.5347
14,1057,0.5335
14,1058,0.5331
14,1059,0.5337
14,1060,0.5353
14,1061,0.5363
14,1062,0.5376
14,1063,0.5378
14,1064,0.5369
14,1065,0.5376
14,1066,0.5379
14,1067,0.5377
14,1068,0.5370
14,1069,0.5363
14,1070,0.5359
14,1071,0.5357
14,1072,0.5366
14,1073,0.5385
14,1074,0.5386
14,1075,0.5380
14,1076,0.5389
14,1077,0.5392
14,1078,0.5402
14,1079,0.5416
14,1080,0.5410
14,1081,0.5408
14,1082,0.5408
14,1083,0.5415
14,1084,0.5417
14,1085,0.5424
14,1086,0.5413
14,1087,0.5405
14,1088,0.5393
14,1089,0.5376
14,1090,0.5379
14,1091,0.5391
14,1092,0.5394
14,1093,0.5391
14,1094,0.5392
14,1095,0.5395
14,1096,0.5406
14,1097,0.5414
14,1098,0.5433
14,1099,0.5440
14,1100,0.5442
14,1101,0.5433
14,1102,0.5430
14,1103,0.5445
14,1104,0.5455
14,1105,0.5475
14,1106,0.5494
14,1107,0.5495
14,1108,0.5497
14,1109,0.5495
14,1110,0.5484
14,1111,0.5475
14,1112,0.5472
14,1113,0.5469
14,1114,0.5471
14,1115,0.5485
14,1116,0.5492
14,1117,0.5500
14,1118,0.5493
14,1119,0.5497
14,1120,0.5497
14,1121,0.5489
14,1122,0.5499
14,1123,0.5499
14,1124,0.5503
14,1125,0.5512
14,1126,0.5510
14,1127,0.5516
14,1128,0.5524
14,1129,0.5526
14,1130,0.5531
14,1131,0.5534
14,1132,0.5533
14,1133,0.5533
14,1134,0.5538
14,1135,0.5534
14,1136,0.5524
14,1137,0.5515
14,1138,0.5508
14,1139,0.5508
14,1140,0.5514
14,1141,0.5514
14,1142,0.5520
14,1143,0.5534
14,1144,0.5536
14,1145,0.5533
14,1146,0.5536
14,1147,0.5535
14,1148,0.5539
14,1149,0.5552
14,1150,0.5560
14,1151,0.5572
14,1152,0.5565
14,1153,0.5557
14,1154,0.5559
14,1155,0.5559
14,1156,0.5557
14,1157,0.5559
14,1158,0.5566
14,1159,0.5572
14,1160,0.5581
14,1161,0.5585
14,1162,0.5584
14,1163,0.5588
14,1164,0.5592
14,1165,0.5594
14,1166,0.5600
14,1167,0.5603
14,1168,0.5599
14,1169,0.5600
14,1170,0.5599
14,1171,0.5601
14,1172,0.5599
14,1173,0.5598
14,1174,0.5605
14,1175,0.5599
14,1176,0.5599
14,1177,0.5600
14,1178,0.5603
14,1179,0.5608
14,1180,0.5611
14,1181,0.5613
14,1182,0.5616
14,1183,0.5618
14,1184,0.5618
14,1185,0.5619
14,1186,0.5619
14,1187,0.5614
14,1188,0.5614
14,1189,0.5628
14,1190,0.5634
14,1191,0.5640
14,1192,0.5649
14,1193,0.5652
14,1194,0.5648
14,1195,0.5649
14,1196,0.5652
14,1197,0.5652
14,1198,0.5654
14,1199,0.5653
14,1200,0.5647
14,1201,0.5645
14,1202,0.5638
14,1203,0.5641
14,1204,0.5654
14,1205,0.5665
14,1206,0.5674
14,1207,0.5683
14,1208,0.5682
14,1209,0.5680
14,1210,0.5682
14,1211,0.5688
14,1212,0.5689
14,1213,0.5687
14,1214,0.5688
14,1215,0.5687
14,1216,0.5691
14,1217,0.5705
14,1218,0.5711
14,1219,0.5719
14,1220,0.5719
14,1221,0.5706
14,1222,0.5700
14,1223,0.5692
14,1224,0.5686
14,1225,0.5690
14,1226,0.5699
14,1227,0.5703
14,1228,0.5707
14,1229,0.5712
14,1230,0.5714
14,1231,0.5715
14,1232,0.5719
14,1233,0.5721
14,1234,0.5717
14,1235,0.5717
14,1236,0.5717
14,1237,0.5718
14,1238,0.5718
14,1239,0.5720
14,1240,0.5726
14,1241,0.5731
14,1242,0.5737
14,1243,0.5748
14,1244,0.5753
14,1245,0.5754
14,1246,0.5751
14,1247,0.5747
14,1248,0.5749
14,1249,0.5756
14,1250,0.5759
14,1251,0.5763
14,1252,0.5769
14,1253,0.5778
14,1254,0.5779
14,1255,0.5776
14,1256,0.5778
14,1257,0.5774
14,1258,0.5771
14,1259,0.5773
14,1260,0.5774
14,1261,0.5767
14,1262,0.5767
14,1263,0.5768
14,1264,0.5774
14,1265,0.5780
14,1266,0.5784
14,1267,0.5789
14,1268,0.5794
14,1269,0.5796
14,1270,0.5795
14,1271,0.5797
14,1272,0.5798
14,1273,0.5800
14,1274,0.5804
14,1275,0.5809
14,1276,0.5815
14,1277,0.5818
14,1278,0.5823
14,1279,0.5823
14,1280,0.5815
14,1281,0.5813
14,1282,0.5812
14,1283,0.5812
14,1284,0.5813
14,1285,0.5815
14,1286,0.5823
14,1287,0.5820
14,1288,0.5820
14,1289,0.5820
14,1290,0.5819
14,1291,0.5815
14,1292,0.5813
14,1293,0.5814
14,1294,0.5814
14,1295,0.5814
14,1296,0.5814
14,1297,0.5810
14,1298,0.5814
14,1299,0.5827
14,1300,0.5830
14,1301,0.5832
14,1302,0.5836
14,1303,0.5835
14,1304,0.5833
14,1305,0.5831
14,1306,0.5832
14,1307,0.5833
14,1308,0.5831
14,1309,0.5832
14,1310,0.5839
14,1311,0.5841
14,1312,0.5838
14,1313,0.5837
14,1314,0.5835
14,1315,0.5837
14,1316,0.5844
14,1317,0.5842
14,1318,0.5837
14,1319,0.5839
14,1320,0.5838
14,1321,0.5842
14,1322,0.5861
14,1323,0.5867
14,1324,0.5867
14,1325,0.5867
14,1326,0.5861
14,1327,0.5859
14,1328,0.5856
14,1329,0.5857
14,1330,0.5866
14,1331,0.5869
14,1332,0.5870
14,1333,0.5870
14,1334,0.5869
14,1335,0.5865
14,1336,0.5862
14,1337,0.5858
14,1338,0.5861
14,1339,0.5869
14,1340,0.5868
14,1341,0.5866
14,1342,0.5869
14,1343,0.5867
14,1344,0.5870
14,1345,0.5889
14,1346,0.5893
14,1347,0.5888
14,1348,0.5886
14,1349,0.5877
14,1350,0.5876
14,1351,0.5881
14,1352,0.5887
14,1353,0.5902
14,1354,0.5908
14,1355,0.5910
14,1356,0.5910
14,1357,0.5906
14,1358,0.5892
14,1359,0.5891
14,1360,0.5895
14,1361,0.5897
14,1362,0.5908
14,1363,0.5907
14,1364,0.5899
14,1365,0.5896
14,1366,0.5890
14,1367,0.5890
14,1368,0.5898
14,1369,0.5899
14,1370,0.5898
14,1371,0.5897
14,1372,0.5897
14,1373,0.5893
14,1374,0.5886
14,1375,0.5884
14,1376,0.5878
14,1377,0.5877
14,1378,0.5888
14,1379,0.5891
14,1380,0.5896
14,1381,0.5895
14,1382,0.5885
14,1383,0.5878
14,1384,0.5872
14,1385,0.5863
14,1386,0.5857
14,1387,0.5854
14,1388,0.5848
14,1389,0.5841
14,1390,0.5829
14,1391,0.5813
14,1392,0.5800
14,1393,0.5783
14,1394,0.5770
14,1395,0.5760
14,1396,0.5751
14,1397,0.5748
14,1398,0.5737
14,1399,0.5725
14,1400,0.5713
14,1401,0.5697
14,1402,0.5684
14,1403,0.5677
14,1404,0.5666
14,1405,0.5654
14,1406,0.5642
14,1407,0.5628
14,1408,0.5617
14,1409,0.5602
14,1410,0.5594
14,1411,0.5592
14,1412,0.5591
14,1413,0.5595
14,1414,0.5600
14,1415,0.5607
14,1416,0.5614
14,1417,0.5624
14,1418,0.5636
14,1419,0.5645
14,1420,0.5651
14,1421,0.5663
14,1422,0.5679
14,1423,0.5690
14,1424,0.5706
14,1425,0.5715
14,1426,0.5714
14,1427,0.5722
14,1428,0.5736
14,1429,0.5745
14,1430,0.5758
14,1431,0.5763
14,1432,0.5759
14,1433,0.5763
14,1434,0.5770
14,1435,0.5776
14,1436,0.5786
14,1437,0.5794
14,1438,0.5802
14,1439,0.5807
14,1440,0.5810
14,1441,0.5813
14,1442,0.5809
14,1443,0.5811
14,1444,0.5822
14,1445,0.5827
14,1446,0.5834
14,1447,0.5838
14,1448,0.5840
14,1449,0.5836
14,1450,0.5836
14,1451,0.5834
14,1452,0.5837
14,1453,0.5841
14,1454,0.5845
14,1455,0.5853
14,1456,0.5855
14,1457,0.5854
14,1458,0.5855
14,1459,0.5856
14,1460,0.5858
14,1461,0.5862
14,1462,0.5866
14,1463,0.5871
14,1464,0.5874
14,1465,0.5878
14,1466,0.5880
14,1467,0.5879
14,1468,0.5883
14,1469,0.5893
14,1470,0.5896
14,1471,0.5899
14,1472,0.5900
14,1473,0.5896
14,1474,0.5895
14,1475,0.5897
14,1476,0.5897
14,1477,0.5896
14,1478,0.5898
14,1479,0.5903
14,1480,0.5906
14,1481,0.5915
14,1482,0.5915
14,1483,0.5903
14,1484,0.5902
14,1485,0.5905
14,1486,0.5905
14,1487,0.5911
14,1488,0.5914
14,1489,0.5915
14,1490,0.5905
14,1491,0.5908
14,1492,0.5917
14,1493,0.5921
14,1494,0.5927
14,1495,0.5930
14,1496,0.5930
14,1497,0.5931
14,1498,0.5932
14,1499,0.5932
14,1500,0.5931
14,1501,0.5930
14,1502,0.5928
14,1503,0.5927
14,1504,0.5926
14,1505,0.5929
14,1506,0.5935
14,1507,0.5938
14,1508,0.5945
14,1509,0.5946
14,1510,0.5943
14,1511,0.5942
14,1512,0.5939
14,1513,0.5940
14,1514,0.5945
14,1515,0.5948
14,1516,0.5951
14,1517,0.5953
14,1518,0.5951
14,1519,0.5952
14,1520,0.5957
14,1521,0.5959
14,1522,0.5963
14,1523,0.5964
14,1524,0.5955
14,1525,0.5956
14,1526,0.5961
14,1527,0.5963
14,1528,0.5970
14,1529,0.5972
14,1530,0.5964
14,1531,0.5963
14,1532,0.5968
14,1533,0.5969
14,1534,0.5973
14,1535,0.5975
14,1536,0.5970
14,1537,0.5971
14,1538,0.5979
14,1539,0.5982
14,1540,0.5982
14,1541,0.5986
14,1542,0.5988
14,1543,0.5989
14,1544,0.5991
14,1545,0.5995
14,1546,0.5995
14,1547,0.5987
14,1548,0.5987
14,1549,0.5987
14,1550,0.5988
14,1551,0.5992
14,1552,0.5992
14,1553,0.5992
14,1554,0.5991
14,1555,0.5985
14,1556,0.5988
14,1557,0.5994
14,1558,0.5997
14,1559,0.6006
14,1560,0.6009
14,1561,0.6006
14,1562,0.6003
14,1563,0.5999
14,1564,0.5996
14,1565,0.5992
14,1566,0.5988
14,1567,0.5983
14,1568,0.5984
14,1569,0.5988
14,1570,0.5990
14,1571,0.5999
14,1572,0.6001
14,1573,0.5998
14,1574,0.5997
14,1575,0.5995
14,1576,0.5995
14,1577,0.5994
14,1578,0.5998
14,1579,0.6009
14,1580,0.6012
14,1581,0.6016
14,1582,0.6015
14,1583,0.6002
14,1584,0.6000
14,1585,0.6001
14,1586,0.6004
14,1587,0.6015
14,1588,0.6020
14,1589,0.6025
14,1590,0.6026
14,1591,0.6026
14,1592,0.6023
14,1593,0.6013
14,1594,0.6012
14,1595,0.6014
14,1596,0.6016
14,1597,0.6025
14,1598,0.6027
14,1599,0.6022
14,1600,0.6024
14,1601,0.6026
14,1602,0.6027
14,1603,0.6032
14,1604,0.6034
14,1605,0.6031
14,1606,0.6034
14,1607,0.6043
14,1608,0.6046
14,1609,0.6050
14,1610,0.6050
14,1611,0.6039
14,1612,0.6034
14,1613,0.6031
14,1614,0.6028
14,1615,0.6030
14,1616,0.6031
14,1617,0.6035
14,1618,0.6035
14,1619,0.6034
14,1620,0.6035
14,1621,0.6036
14,1622,0.6038
14,1623,0.6047
14,1624,0.6048
14,1625,0.6042
14,1626,0.6040
14,1627,0.6037
14,1628,0.6034
14,1629,0.6034
14,1630,0.6033
14,1631,0.6024
14,1632,0.6026
14,1633,0.6040
14,1634,0.6045
14,1635,0.6051
14,1636,0.6056
14,1637,0.6057
14,1638,0.6053
14,1639,0.6044
14,1640,0.6042
14,1641,0.6033
14,1642,0.6032
14,1643,0.6051
14,1644,0.6056
14,1645,0.6055
14,1646,0.6058
14,1647,0.6061
14,1648,0.6057
14,1649,0.6048
14,1650,0.6044
14,1651,0.6030
14,1652,0.6027
14,1653,0.6042
14,1654,0.6046
14,1655,0.6046
14,1656,0.6047
14,1657,0.6040
14,1658,0.6040
14,1659,0.6046
14,1660,0.6047
14,1661,0.6048
14,1662,0.6051
14,1663,0.6054
14,1664,0.6054
14,1665,0.6056
14,1666,0.6057
14,1667,0.6052
14,1668,0.6052
14,1669,0.6055
14,1670,0.6059
14,1671,0.6067
14,1672,0.6068
14,1673,0.6067
14,1674,0.6067
14,1675,0.6064
14,1676,0.6062
14,1677,0.6064
14,1678,0.6064
14,1679,0.6060
14,1680,0.6060
14,1681,0.6063
14,1682,0.6063
14,1683,0.6065
14,1684,0.6065
14,1685,0.6059
14,1686,0.6058
14,1687,0.6057
14,1688,0.6059
14,1689,0.6070
14,1690,0.6069
14,1691,0.6058
14,1692,0.6061
14,1693,0.6068
14,1694,0.6066
14,1695,0.6067
14,1696,0.6068
14,1697,0.6059
14,1698,0.6055
14,1699,0.6060
14,1700,0.6062
14,1701,0.6058
14,1702,0.6054
14,1703,0.6051
14,1704,0.6047
14,1705,0.6037
14,1706,0.6039
14,1707,0.6056
14,1708,0.6061
14,1709,0.6066
14,1710,0.6065
14,1711,0.6055
14,1712,0.6051
14,1713,0.6048
14,1714,0.6048
14,1715,0.6049
14,1716,0.6053
14,1717,0.6065
14,1718,0.6058
14,1719,0.6058
14,1720,0.6058
14,1721,0.6048
14,1722,0.6058
14,1723,0.6069
14,1724,0.6077
14,1725,0.6093
14,1726,0.6091
14,1727,0.6075
14,1728,0.6068
14,1729,0.6062
14,1730,0.6068
14,1731,0.6088
14,1732,0.6093
14,1733,0.6085
14,1734,0.6075
14,1735,0.6061
14,1736,0.6061
14,1737,0.6071
14,1738,0.6081
14,1739,0.6084
14,1740,0.6078
14,1741,0.6070
14,1742,0.6059
14,1743,0.6056
14,1744,0.6057
14,1745,0.6055
14,1746,0.6056
14,1747,0.6067
14,1748,0.6070
14,1749,0.6070
14,1750,0.6067
14,1751,0.6066
14,1752,0.6069
14,1753,0.6071
14,1754,0.6076
14,1755,0.6074
14,1756,0.6069
14,1757,0.6061
14,1758,0.6041
14,1759,0.6040
14,1760,0.6050
14,1761,0.6054
14,1762,0.6067
14,1763,0.6071
14,1764,0.6063
14,1765,0.6062
14,1766,0.6068
14,1767,0.6068
14,1768,0.6068
14,1769,0.6068
14,1770,0.6065
14,1771,0.6057
14,1772,0.6044
14,1773,0.6037
14,1774,0.6035
14,1775,0.6035
14,1776,0.6047
14,1777,0.6054
14,1778,0.6056
14,1779,0.6047
14,1780,0.6039
14,1781,0.6044
14,1782,0.6049
14,1783,0.6066
14,1784,0.6085
14,1785,0.6086
14,1786,0.6084
14,1787,0.6080
14,1788,0.6077
14,1789,0.6076
14,1790,0.6072
14,1791,0.6075
14,1792,0.6079
14,1793,0.6077
14,1794,0.6071
14,1795,0.6068
14,1796,0.6059
14,1797,0.6063
14,1798,0.6068
14,1799,0.6080
14,1800,0.6085
14,1801,0.6086
14,1802,0.6084
14,1803,0.6074
14,1804,0.6072
14,1805,0.6071
14,1806,0.6064
14,1807,0.6065
14,1808,0.6060
14,1809,0.6060
14,1810,0.6073
14,1811,0.6089
14,1812,0.6094
14,1813,0.6099
14,1814,0.6107
14,1815,0.6102
14,1816,0.6102
14,1817,0.6105
14,1818,0.6092
14,1819,0.6092
14,1820,0.6094
14,1821,0.6088
14,1822,0.6100
14,1823,0.6105
14,1824,0.6091
14,1825,0.6093
14,1826,0.6096
14,1827,0.6081
14,1828,0.6078
14,1829,0.6082
14,1830,0.6080
14,1831,0.6076
14,1832,0.6076
14,1833,0.6080
14,1834,0.6092
14,1835,0.6124
14,1836,0.6155
14,1837,0.6164
14,1838,0.6149
14,1839,0.6123
14,1840,0.6096
14,1841,0.6075
14,1842,0.6066
14,1843,0.6064
14,1844,0.6082
14,1845,0.6073
14,1846,0.6070
14,1847,0.6086
14,1848,0.6072
14,1849,0.6085
14,1850,0.6091
14,1851,0.6068
14,1852,0.6070
14,1853,0.6079
14,1854,0.6080
14,1855,0.6083
14,1856,0.6116
14,1857,0.6095
14,1858,0.6081
14,1859,0.6074
14,1860,0.6047
14,1861,0.6044
14,1862,0.6042
14,1863,0.6046
14,1864,0.6063
14,1865,0.6066
14,1866,0.6066
14,1867,0.6078
14,1868,0.6057
14,1869,0.6027
14,1870,0.6014
14,1871,0.6000
14,1872,0.5992
14,1873,0.5997
14,1874,0.6001
14,1875,0.6011
14,1876,0.6008
14,1877,0.5992
14,1878,0.5999
14,1879,0.5996
14,1880,0.5980
14,1881,0.5985
14,1882,0.5970
14,1883,0.5949
14,1884,0.5905
14,1885,0.5879
14,1886,0.5847
14,1887,0.5833
14,1888,0.5827
14,1889,0.5834
14,1890,0.5818
14,1891,0.5793
14,1892,0.5779
14,1893,0.5758
14,1894,0.5734
14,1895,0.5721
14,1896,0.5698
14,1897,0.5658
14,1898,0.5623
14,1899,0.5592
14,1900,0.5576
14,1901,0.5556
14,1902,0.5512
14,1903,0.5479
14,1904,0.5446
14,1905,0.5420
14,1906,0.5394
14,1907,0.5377
14,1908,0.5379
14,1909,0.5364
14,1910,0.5346
14,1911,0.5342
14,1912,0.5327
14,1913,0.5296
14,1914,0.5287
14,1915,0.5283
14,1916,0.5290
14,1917,0.5325
14,1918,0.5341
14,1919,0.5362
14,1920,0.5362
14,1921,0.5360
14,1922,0.5349
14,1923,0.5350
14,1924,0.5352
14,1925,0.5363
14,1926,0.5390
14,1927,0.5395
14,1928,0.5392
14,1929,0.5397
14,1930,0.5393
14,1931,0.5391
14,1932,0.5402
14,1933,0.5423
14,1934,0.5439
14,1935,0.5454
14,1936,0.5472
14,1937,0.5495
14,1938,0.5510
14,1939,0.5531
14,1940,0.5541
14,1941,0.5538
14,1942,0.5538
14,1943,0.5533
14,1944,0.5518
14,1945,0.5523
14,1946,0.5539
14,1947,0.5547
14,1948,0.5563
14,1949,0.5573
14,1950,0.5575
14,1951,0.5578
14,1952,0.5581
14,1953,0.5584
14,1954,0.5587
14,1955,0.5590
14,1956,0.5583
14,1957,0.5560
14,1958,0.5568
14,1959,0.5593
14,1960,0.5595
14,1961,0.5608
14,1962,0.5615
14,1963,0.5581
14,1964,0.5579
14,1965,0.5612
14,1966,0.5626
14,1967,0.5639
14,1968,0.5660
14,1969,0.5662
14,1970,0.5646
14,1971,0.5646
14,1972,0.5647
14,1973,0.5642
14,1974,0.5638
14,1975,0.5636
14,1976,0.5623
14,1977,0.5623
14,1978,0.5636
14,1979,0.5649
14,1980,0.5660
14,1981,0.5673
14,1982,0.5685
14,1983,0.5698
14,1984,0.5708
14,1985,0.5719
14,1986,0.5725
14,1987,0.5732
14,1988,0.5728
14,1989,0.5708
14,1990,0.5697
14,1991,0.5686
14,1992,0.5668
14,1993,0.5656
14,1994,0.5642
14,1995,0.5647
14,1996,0.5668
14,1997,0.5674
14,1998,0.5688
14,1999,0.5700
14,2000,0.5695
14,2001,0.5699
14,2002,0.5711
14,2003,0.5730
14,2004,0.5748
14,2005,0.5768
14,2006,0.5776
14,2007,0.5786
14,2008,0.5785
14,2009,0.5761
14,2010,0.5756
14,2011,0.5759
14,2012,0.5759
14,2013,0.5767
14,2014,0.5770
14,2015,0.5777
14,2016,0.5765
14,2017,0.5770
14,2018,0.5777
14,2019,0.5788
14,2020,0.5806
14,2021,0.5821
14,2022,0.5838
14,2023,0.5851
14,2024,0.5867
14,2025,0.5875
14,2026,0.5868
14,2027,0.5873
14,2028,0.5900
14,2029,0.5899
14,2030,0.5887
14,2031,0.5861
14,2032,0.5857
14,2033,0.5838
14,2034,0.5835
14,2035,0.5861
14,2036,0.5874
14,2037,0.5874
14,2038,0.5885
14,2039,0.5923
14,2040,0.5934
14,2041,0.5930
14,2042,0.5926
14,2043,0.5915
14,2044,0.5884
14,2045,0.5872
14,2046,0.5865
14,2047,0.5863
14,2048,0.5868
14,2049,0.5868
14,2050,0.5873
14,2051,0.5873
14,2052,0.5870
14,2053,0.5868
14,2054,0.5862
14,2055,0.5863
14,2056,0.5867
14,2057,0.5878
14,2058,0.5877
14,2059,0.5874
14,2060,0.5874
14,2061,0.5864
14,2062,0.5861
14,2063,0.5868
14,2064,0.5870
14,2065,0.5874
14,2066,0.5871
14,2067,0.5868
14,2068,0.5865
14,2069,0.5860
14,2070,0.5850
14,2071,0.5839
14,2072,0.5825
14,2073,0.5819
14,2074,0.5808
14,2075,0.5807
14,2076,0.5819
14,2077,0.5825
14,2078,0.5831
14,2079,0.5841
14,2080,0.5863
14,2081,0.5870
14,2082,0.5871
14,2083,0.5873
14,2084,0.5869
14,2085,0.5857
14,2086,0.5860
14,2087,0.5878
14,2088,0.5877
14,2089,0.5867
14,2090,0.5876
14,2091,0.5889
14,2092,0.5893
14,2093,0.5911
14,2094,0.5917
14,2095,0.5903
14,2096,0.5894
14,2097,0.5892
14,2098,0.5885
14,2099,0.5868
14,2100,0.5854
14,2101,0.5842
14,2102,0.5824
14,2103,0.5817
14,2104,0.5812
14,2105,0.5816
14,2106,0.5833
14,2107,0.5840
14,2108,0.5854
14,2109,0.5855
14,2110,0.5845
14,2111,0.5836
14,2112,0.5820
14,2113,0.5812
14,2114,0.5808
14,2115,0.5807
14,2116,0.5817
14,2117,0.5817
14,2118,0.5820
14,2119,0.5824
14,2120,0.5833
14,2121,0.5845
14,2122,0.5849
14,2123,0.5854
14,2124,0.5856
14,2125,0.5860
14,2126,0.5846
14,2127,0.5805
14,2128,0.5801
14,2129,0.5793
14,2130,0.5800
14,2131,0.5877
14,2132,0.5893
14,2133,0.5872
14,2134,0.5847
14,2135,0.5845
14,2136,0.5823
14,2137,0.5827
14,2138,0.5879
14,2139,0.5880
14,2140,0.5847
14,2141,0.5839
14,2142,0.5822
14,2143,0.5822
14,2144,0.5846
14,2145,0.5861
14,2146,0.5889
14,2147,0.5893
14,2148,0.5877
14,2149,0.5870
14,2150,0.5840
14,2151,0.5831
14,2152,0.5838
14,2153,0.5874
14,2154,0.5866
14,2155,0.5851
14,2156,0.5844
14,2157,0.5812
14,2158,0.5803
14,2159,0.5829
14,2160,0.5822
14,2161,0.5792
14,2162,0.5776
14,2163,0.5753
14,2164,0.5741
14,2165,0.5745
14,2166,0.5740
14,2167,0.5731
14,2168,0.5725
14,2169,0.5716
14,2170,0.5713
14,2171,0.5707
14,2172,0.5702
14,2173,0.5701
14,2174,0.5701
14,2175,0.5699
14,2176,0.5708
14,2177,0.5696
14,2178,0.5668
14,2179,0.5648
14,2180,0.5613
14,2181,0.5596
14,2182,0.5589
14,2183,0.5585
14,2184,0.5596
14,2185,0.5592
14,2186,0.5589
14,2187,0.5577
14,2188,0.5543
14,2189,0.5523
14,2190,0.5513
14,2191,0.5481
14,2192,0.5470
14,2193,0.5476
14,2194,0.5470
14,2195,0.5462
14,2196,0.5460
14,2197,0.5461
14,2198,0.5457
14,2199,0.5465
14,2200,0.5449
14,2201,0.5402
14,2202,0.5381
14,2203,0.5351
14,2204,0.5341
14,2205,0.5373
14,2206,0.5377
14,2207,0.5380
14,2208,0.5373
14,2209,0.5334
14,2210,0.5319
14,2211,0.5316
14,2212,0.5307
14,2213,0.5302
14,2214,0.5306
14,2215,0.5312
14,2216,0.5309
14,2217,0.5333
14,2218,0.5389
14,2219,0.5412
14,2220,0.5436
14,2221,0.5452
14,2222,0.5442
14,2223,0.5450
14,2224,0.5476
14,2225,0.5478
14,2226,0.5476
14,2227,0.5464
14,2228,0.5405
14,2229,0.5399
14,2230,0.5435
14,2231,0.5441
14,2232,0.5461
14,2233,0.5483
14,2234,0.5488
14,2235,0.5492
14,2236,0.5500
14,2237,0.5533
14,2238,0.5523
14,2239,0.5485
14,2240,0.5464
14,2241,0.5429
14,2242,0.5411
14,2243,0.5393
14,2244,0.5396
14,2245,0.5423
14,2246,0.5435
14,2247,0.5455
14,2248,0.5477
14,2249,0.5490
14,2250,0.5512
14,2251,0.5564
14,2252,0.5586
14,2253,0.5608
14,2254,0.5595
14,2255,0.5523
14,2256,0.5497
14,2257,0.5459
14,2258,0.5445
14,2259,0.5504
14,2260,0.5514
14,2261,0.5498
14,2262,0.5475
14,2263,0.5475
14,2264,0.5466
14,2265,0.5452
14,2266,0.5448
14,2267,0.5462
14,2268,0.5462
14,2269,0.5483
14,2270,0.5559
14,2271,0.5585
14,2272,0.5593
14,2273,0.5584
14,2274,0.5551
14,2275,0.5528
14,2276,0.5479
14,2277,0.5458
14,2278,0.5458
14,2279,0.5450
14,2280,0.5442
14,2281,0.5443
14,2282,0.5446
14,2283,0.5454
14,2284,0.5498
14,2285,0.5498
14,2286,0.5467
14,2287,0.5449
14,2288,0.5390
14,2289,0.5370
14,2290,0.5382
14,2291,0.5388
14,2292,0.5436
14,2293,0.5439
14,2294,0.5421
14,2295,0.5384
14,2296,0.5353
14,2297,0.5274
14,2298,0.5273
14,2299,0.5328
14,2300,0.5330
14,2301,0.5337
14,2302,0.5348
14,2303,0.5322
14,2304,0.5334
14,2305,0.5412
14,2306,0.5408
14,2307,0.5342
14,2308,0.5341
14,2309,0.5344
14,2310,0.5332
14,2311,0.5359
14,2312,0.5355
14,2313,0.5302
14,2314,0.5269
14,2315,0.5241
14,2316,0.5230
14,2317,0.5228
14,2318,0.5216
14,2319,0.5212
14,2320,0.5216
14,2321,0.5214
14,2322,0.5205
14,2323,0.5197
14,2324,0.5209
14,2325,0.5264
14,2326,0.5250
14,2327,0.5202
14,2328,0.5175
14,2329,0.5053
14,2330,0.5014
14,2331,0.5117
14,2332,0.5125
14,2333,0.5107
14,2334,0.5067
14,2335,0.5075
14,2336,0.5042
14,2337,0.5048
14,2338,0.5128
14,2339,0.5160
14,2340,0.5155
14,2341,0.5166
14,2342,0.5218
14,2343,0.5198
14,2344,0.5119
14,2345,0.5070
14,2346,0.4986
14,2347,0.4957
14,2348,0.4958
14,2349,0.4965
14,2350,0.5005
14,2351,0.5028
14,2352,0.5049
14,2353,0.5088
14,2354,0.5170
14,2355,0.5174
14,2356,0.5133
14,2357,0.5132
14,2358,0.5087
14,2359,0.5079
14,2360,0.5148
14,2361,0.5159
14,2362,0.5155
14,2363,0.5114
14,2364,0.4997
14,2365,0.4963
14,2366,0.4924
14,2367,0.4920
14,2368,0.4993
14,2369,0.5056
14,2370,0.5160
14,2371,0.5202
14,2372,0.5249
14,2373,0.5255
14,2374,0.5151
14,2375,0.5113
14,2376,0.5062
14,2377,0.5076
14,2378,0.5222
14,2379,0.5244
14,2380,0.5226
14,2381,0.5221
14,2382,0.5114
14,2383,0.5056
14,2384,0.5083
14,2385,0.5064
14,2386,0.4974
14,2387,0.4954
14,2388,0.4982
14,2389,0.4989
14,2390,0.5010
14,2391,0.5058
14,2392,0.5123
14,2393,0.5154
14,2394,0.5240
14,2395,0.5262
14,2396,0.5136
14,2397,0.5111
14,2398,0.5116
14,2399,0.5130
14,2400,0.5194
15,400,0.0753
15,401,0.0714
15,402,0.0537
15,403,0.0554
15,404,0.0523
15,405,0.0540
15,406,0.0651
15,407,0.0649
15,408,0.0662
15,409,0.0677
15,410,0.0636
15,411,0.0634
15,412,0.0633
15,413,0.0632
15,414,0.0689
15,415,0.0716
15,416,0.0746
15,417,0.0799
15,418,0.0768
15,419,0.0730
15,420,0.0733
15,421,0.0786
15,422,0.0778
15,423,0.0762
15,424,0.0770
15,425,0.0764
15,426,0.0765
15,427,0.0775
15,428,0.0793
15,429,0.0822
15,430,0.0810
15,431,0.0784
15,432,0.0837
15,433,0.0848
15,434,0.0859
15,435,0.0896
15,436,0.0846
15,437,0.0861
15,438,0.0919
15,439,0.0925
15,440,0.0885
15,441,0.0895
15,442,0.0955
15,443,0.0923
15,444,0.0941
15,445,0.0969
15,446,0.0951
15,447,0.0969
15,448,0.0980
15,449,0.0979
15,450,0.0990
15,451,0.1009
15,452,0.1007
15,453,0.0986
15,454,0.1011
15,455,0.1019
15,456,0.1010
15,457,0.1011
15,458,0.1021
15,459,0.1024
15,460,0.1012
15,461,0.0992
15,462,0.1029
15,463,0.1069
15,464,0.1060
15,465,0.1045
15,466,0.1042
15,467,0.1037
15,468,0.1002
15,469,0.1025
15,470,0.1067
15,471,0.1087
15,472,0.1079
15,473,0.1060
15,474,0.1048
15,475,0.1060
15,476,0.1070
15,477,0.1078
15,478,0.1083
15,479,0.1083
15,480,0.1089
15,481,0.1099
15,482,0.1109
15,483,0.1119
15,484,0.1142
15,485,0.1152
15,486,0.1109
15,487,0.1134
15,488,0.1162
15,489,0.1157
15,490,0.1157
15,491,0.1178
15,492,0.1192
15,493,0.1177
15,494,0.1211
15,495,0.1229
15,496,0.1219
15,497,0.1218
15,498,0.1239
15,499,0.1260
15,500,0.1263
15,501,0.1264
15,502,0.1270
15,503,0.1282
15,504,0.1294
15,505,0.1303
15,506,0.1326
15,507,0.1359
15,508,0.1349
15,509,0.1350
15,510,0.1357
15,511,0.1356
15,512,0.1374
15,513,0.1394
15,514,0.1405
15,515,0.1398
15,516,0.1414
15,517,0.1442
15,518,0.1464
15,519,0.1451
15,520,0.1447
15,521,0.1465
15,522,0.1498
15,523,0.1490
15,524,0.1491
15,525,0.1518
15,526,0.1517
15,527,0.1537
15,528,0.1569
15,529,0.1591
15,530,0.1579
15,531,0.1582
15,532,0.1605
15,533,0.1616
15,534,0.1625
15,535,0.1631
15,536,0.1637
15,537,0.1664
15,538,0.1680
15,539,0.1690
15,540,0.1711
15,541,0.1725
15,542,0.1734
15,543,0.1744
15,544,0.1753
15,545,0.1764
15,546,0.1775
15,547,0.1785
15,548,0.1798
15,549,0.1816
15,550,0.1837
15,551,0.1852
15,552,0.1855
15,553,0.1867
15,554,0.1896
15,555,0.1906
15,556,0.1909
15,557,0.1917
15,558,0.1939
15,559,0.1950
15,560,0.1959
15,561,0.1973
15,562,0.1991
15,563,0.2007
15,564,0.2018
15,565,0.2025
15,566,0.2048
15,567,0.2059
15,568,0.2059
15,569,0.2070
15,570,0.2085
15,571,0.2103
15,572,0.2120
15,573,0.2123
15,574,0.2132
15,575,0.2149
15,576,0.2165
15,577,0.2174
15,578,0.2179
15,579,0.2185
15,580,0.2194
15,581,0.2196
15,582,0.2203
15,583,0.2223
15,584,0.2229
15,585,0.2237
15,586,0.2246
15,587,0.2252
15,588,0.2265
15,589,0.2273
15,590,0.2272
15,591,0.2283
15,592,0.2285
15,593,0.2286
15,594,0.2301
15,595,0.2311
15,596,0.2318
15,597,0.2323
15,598,0.2324
15,599,0.2333
15,600,0.2342
15,601,0.2343
15,602,0.2351
15,603,0.2354
15,604,0.2358
15,605,0.2372
15,606,0.2368
15,607,0.2370
15,608,0.2388
15,609,0.2387
15,610,0.2381
15,611,0.2382
15,612,0.2399
15,613,0.2411
15,614,0.2413
15,615,0.2411
15,616,0.2416
15,617,0.2424
15,618,0.2427
15,619,0.2425
15,620,0.2428
15,621,0.2430
15,622,0.2435
15,623,0.2447
15,624,0.2452
15,625,0.2453
15,626,0.2452
15,627,0.2454
15,628,0.2457
15,629,0.2465
15,630,0.2477
15,631,0.2479
15,632,0.2484
15,633,0.2488
15,634,0.2481
15,635,0.2486
15,636,0.2495
15,637,0.2501
15,638,0.2509
15,639,0.2513
15,640,0.2514
15,641,0.2515
15,642,0.2521
15,643,0.2530
15,644,0.2537
15,645,0.2536
15,646,0.2541
15,647,0.2547
15,648,0.2551
15,649,0.2553
15,650,0.2559
15,651,0.2565
15,652,0.2567
15,653,0.2572
15,654,0.2577
15,655,0.2580
15,656,0.2584
15,657,0.2588
15,658,0.2598
15,659,0.2613
15,660,0.2607
15,661,0.2608
15,662,0.2616
15,663,0.2615
15,664,0.2623
15,665,0.2634
15,666,0.2640
15,667,0.2641
15,668,0.2643
15,669,0.2648
15,670,0.2660
15,671,0.2667
15,672,0.2669
15,673,0.2668
15,674,0.2673
15,675,0.2677
15,676,0.2682
15,677,0.2688
15,678,0.2689
15,679,0.2696
15,680,0.2704
15,681,0.2708
15,682,0.2716
15,683,0.2721
15,684,0.2724
15,685,0.2728
15,686,0.2733
15,687,0.2737
15,688,0.2742
15,689,0.2750
15,690,0.2753
15,691,0.2757
15,692,0.2769
15,693,0.2771
15,694,0.2771
15,695,0.2775
15,696,0.2787
15,697,0.2792
15,698,0.2795
15,699,0.2799
15,700,0.2801
15,701,0.2808
15,702,0.2820
15,703,0.2829
15,704,0.2835
15,705,0.2839
15,706,0.2841
15,707,0.2846
15,708,0.2853
15,709,0.2860
15,710,0.2865
15,711,0.2866
15,712,0.2873
15,713,0.2882
15,714,0.2884
15,715,0.2888
15,716,0.2892
15,717,0.2898
15,718,0.2907
15,719,0.2908
15,720,0.2911
15,721,0.2921
15,722,0.2924
15,723,0.2930
15,724,0.2938
15,725,0.2945
15,726,0.2954
15,727,0.2958
15,728,0.2959
15,729,0.2966
15,730,0.2971
15,731,0.2978
15,732,0.2984
15,733,0.2981
15,734,0.2986
15,735,0.2997
15,736,0.3005
15,737,0.3011
15,738,0.3015
15,739,0.3019
15,740,0.3024
15,741,0.3026
15,742,0.3030
15,743,0.3037
15,744,0.3050
15,745,0.3051
15,746,0.3048
15,747,0.3053
15,748,0.3064
15,749,0.3068
15,750,0.3068
15,751,0.3073
15,752,0.3081
15,753,0.3090
15,754,0.3096
15,755,0.3094
15,756,0.3099
15,757,0.3108
15,758,0.3114
15,759,0.3117
15,760,0.3119
15,761,0.3123
15,762,0.3130
15,763,0.3127
15,764,0.3135
15,765,0.3149
15,766,0.3149
15,767,0.3149
15,768,0.3151
15,769,0.3156
15,770,0.3166
15,771,0.3168
15,772,0.3167
15,773,0.3173
15,774,0.3177
15,775,0.3181
15,776,0.3184
15,777,0.3188
15,778,0.3200
15,779,0.3205
15,780,0.3202
15,781,0.3205
15,782,0.3207
15,783,0.3211
15,784,0.3215
15,785,0.3216
15,786,0.3222
15,787,0.3229
15,788,0.3233
15,789,0.3235
15,790,0.3237
15,791,0.3241
15,792,0.3247
15,793,0.3244
15,794,0.3240
15,795,0.3242
15,796,0.3252
15,797,0.3258
15,798,0.3258
15,799,0.3256
15,800,0.3270
15,801,0.3271
15,802,0.3269
15,803,0.3277
15,804,0.3281
15,805,0.3287
15,806,0.3289
15,807,0.3281
15,808,0.3287
15,809,0.3294
15,810,0.3295
15,811,0.3292
15,812,0.3302
15,813,0.3311
15,814,0.3310
15,815,0.3306
15,816,0.3308
15,817,0.3313
15,818,0.3316
15,819,0.3315
15,820,0.3315
15,821,0.3319
15,822,0.3326
15,823,0.3328
15,824,0.3324
15,825,0.3323
15,826,0.3338
15,827,0.3337
15,828,0.3336
15,829,0.3338
15,830,0.3335
15,831,0.3344
15,832,0.3348
15,833,0.3343
15,834,0.3347
15,835,0.3352
15,836,0.3353
15,837,0.3349
15,838,0.3349
15,839,0.3353
15,840,0.3357
15,841,0.3359
15,842,0.3364
15,843,0.3366
15,844,0.3366
15,845,0.3369
15,846,0.3370
15,847,0.3368
15,848,0.3367
15,849,0.3377
15,850,0.3371
15,851,0.3367
15,852,0.3373
15,853,0.3377
15,854,0.3378
15,855,0.3382
15,856,0.3391
15,857,0.3395
15,858,0.3391
15,859,0.3389
15,860,0.3394
15,861,0.3399
15,862,0.3397
15,863,0.3397
15,864,0.3407
15,865,0.3410
15,866,0.3406
15,867,0.3406
15,868,0.3417
15,869,0.3412
15,870,0.3414
15,871,0.3424
15,872,0.3427
15,873,0.3426
15,874,0.3424
15,875,0.3425
15,876,0.3428
15,877,0.3434
15,878,0.3434
15,879,0.3431
15,880,0.3434
15,881,0.3437
15,882,0.3439
15,883,0.3440
15,884,0.3448
15,885,0.3450
15,886,0.3450
15,887,0.3453
15,888,0.3456
15,889,0.3456
15,890,0.3457
15,891,0.3462
15,892,0.3456
15,893,0.3458
15,894,0.3466
15,895,0.3471
15,896,0.3480
15,897,0.3479
15,898,0.3476
15,899,0.3483
15,900,0.3493
15,901,0.3498
15,902,0.3498
15,903,0.3499
15,904,0.3507
15,905,0.3509
15,906,0.3507
15,907,0.3513
15,908,0.3508
15,909,0.3507
15,910,0.3518
15,911,0.3535
15,912,0.3531
15,913,0.3529
15,914,0.3534
15,915,0.3532
15,916,0.3526
15,917,0.3532
15,918,0.3542
15,919,0.3526
15,920,0.3535
15,921,0.3550
15,922,0.3550
15,923,0.3527
15,924,0.3562
15,925,0.3589
15,926,0.3577
15,927,0.3564
15,928,0.3576
15,929,0.3573
15,930,0.3558
15,931,0.3588
15,932,0.3597
15,933,0.3590
15,934,0.3589
15,935,0.3612
15,936,0.3602
15,937,0.3599
15,938,0.3611
15,939,0.3596
15,940,0.3601
15,941,0.3612
15,942,0.3616
15,943,0.3616
15,944,0.3613
15,945,0.3622
15,946,0.3641
15,947,0.3649
15,948,0.3655
15,949,0.3664
15,950,0.3663
15,951,0.3629
15,952,0.3625
15,953,0.3638
15,954,0.3653
15,955,0.3673
15,956,0.3668
15,957,0.3650
15,958,0.3649
15,959,0.3701
15,960,0.3709
15,961,0.3698
15,962,0.3687
15,963,0.3681
15,964,0.3667
15,965,0.3665
15,966,0.3682
15,967,0.3710
15,968,0.3714
15,969,0.3715
15,970,0.3711
15,971,0.3688
15,972,0.3737
15,973,0.3753
15,974,0.3735
15,975,0.3739
15,976,0.3715
15,977,0.3692
15,978,0.3704
15,979,0.3757
15,980,0.3761
15,981,0.3728
15,982,0.3710
15,983,0.3742
15,984,0.3757
15,985,0.3775
15,986,0.3797
15,987,0.3810
15,988,0.3785
15,989,0.3743
15,990,0.3755
15,991,0.3824
15,992,0.3816
15,993,0.3772
15,994,0.3759
15,995,0.3781
15,996,0.3749
15,997,0.3786
15,998,0.3821
15,999,0.3805
15,1000,0.3766
15,1001,0.3752
15,1002,0.3768
15,1003,0.3776
15,1004,0.3790
15,1005,0.3775
15,1006,0.3755
15,1007,0.3750
15,1008,0.3752
15,1009,0.3759
15,1010,0.3765
15,1011,0.3779
15,1012,0.3785
15,1013,0.3771
15,1014,0.3750
15,1015,0.3747
15,1016,0.3755
15,1017,0.3783
15,1018,0.3819
15,1019,0.3829
15,1020,0.3824
15,1021,0.3810
15,1022,0.3808
15,1023,0.3806
15,1024,0.3805
15,1025,0.3808
15,1026,0.3814
15,1027,0.3819
15,1028,0.3836
15,1029,0.3851
15,1030,0.3847
15,1031,0.3838
15,1032,0.3821
15,1033,0.3817
15,1034,0.3826
15,1035,0.3833
15,1036,0.3852
15,1037,0.3867
15,1038,0.3867
15,1039,0.3856
15,1040,0.3848
15,1041,0.3846
15,1042,0.3848
15,1043,0.3861
15,1044,0.3877
15,1045,0.3882
15,1046,0.3870
15,1047,0.3861
15,1048,0.3860
15,1049,0.3857
15,1050,0.3864
15,1051,0.3865
15,1052,0.3869
15,1053,0.3873
15,1054,0.3885
15,1055,0.3885
15,1056,0.3889
15,1057,0.3899
15,1058,0.3908
15,1059,0.3915
15,1060,0.3929
15,1061,0.3950
15,1062,0.3957
15,1063,0.3950
15,1064,0.3947
15,1065,0.3940
15,1066,0.3924
15,1067,0.3917
15,1068,0.3923
15,1069,0.3919
15,1070,0.3907
15,1071,0.3916
15,1072,0.3916
15,1073,0.3923
15,1074,0.3945
15,1075,0.3944
15,1076,0.3949
15,1077,0.3960
15,1078,0.3950
15,1079,0.3951
15,1080,0.3962
15,1081,0.3939
15,1082,0.3935
15,1083,0.3945
15,1084,0.3956
15,1085,0.3965
15,1086,0.3983
15,1087,0.4000
15,1088,0.3995
15,1089,0.3978
15,1090,0.3974
15,1091,0.3980
15,1092,0.3969
15,1093,0.3961
15,1094,0.3958
15,1095,0.3951
15,1096,0.3960
15,1097,0.3968
15,1098,0.3985
15,1099,0.3994
15,1100,0.4005
15,1101,0.4006
15,1102,0.4009
15,1103,0.4013
15,1104,0.4014
15,1105,0.4019
15,1106,0.4032
15,1107,0.4040
15,1108,0.4047
15,1109,0.4058
15,1110,0.4048
15,1111,0.4034
15,1112,0.4033
15,1113,0.4035
15,1114,0.4035
15,1115,0.4051
15,1116,0.4056
15,1117,0.4048
15,1118,0.4051
15,1119,0.4055
15,1120,0.4048
15,1121,0.4058
15,1122,0.4067
15,1123,0.4069
15,1124,0.4080
15,1125,0.4075
15,1126,0.4067
15,1127,0.4069
15,1128,0.4077
15,1129,0.4081
15,1130,0.4094
15,1131,0.4102
15,1132,0.4109
15,1133,0.4112
15,1134,0.4115
15,1135,0.4109
15,1136,0.4103
15,1137,0.4098
15,1138,0.4091
15,1139,0.4090
15,1140,0.4101
15,1141,0.4107
15,1142,0.4112
15,1143,0.4127
15,1144,0.4130
15,1145,0.4119
15,1146,0.4118
15,1147,0.4116
15,1148,0.4118
15,1149,0.4126
15,1150,0.4131
15,1151,0.4139
15,1152,0.4141
15,1153,0.4134
15,1154,0.4133
15,1155,0.4136
15,1156,0.4140
15,1157,0.4149
15,1158,0.4162
15,1159,0.4171
15,1160,0.4175
15,1161,0.4178
15,1162,0.4179
15,1163,0.4183
15,1164,0.4186
15,1165,0.4191
15,1166,0.4207
15,1167,0.4211
15,1168,0.4204
15,1169,0.4202
15,1170,0.4206
15,1171,0.4202
15,1172,0.4203
15,1173,0.4218
15,1174,0.4223
15,1175,0.4221
15,1176,0.4222
15,1177,0.4221
15,1178,0.4219
15,1179,0.4213
15,1180,0.4213
15,1181,0.4212
15,1182,0.4218
15,1183,0.4235
15,1184,0.4240
15,1185,0.4246
15,1186,0.4245
15,1187,0.4235
15,1188,0.4233
15,1189,0.4234
15,1190,0.4241
15,1191,0.4247
15,1192,0.4251
15,1193,0.4252
15,1194,0.4246
15,1195,0.4247
15,1196,0.4251
15,1197,0.4252
15,1198,0.4256
15,1199,0.4259
15,1200,0.4261
15,1201,0.4263
15,1202,0.4270
15,1203,0.4274
15,1204,0.4276
15,1205,0.4283
15,1206,0.4280
15,1207,0.4272
15,1208,0.4272
15,1209,0.4273
15,1210,0.4276
15,1211,0.4287
15,1212,0.4291
15,1213,0.4288
15,1214,0.4288
15,1215,0.4287
15,1216,0.4289
15,1217,0.4297
15,1218,0.4302
15,1219,0.4307
15,1220,0.4312
15,1221,0.4315
15,1222,0.4318
15,1223,0.4324
15,1224,0.4325
15,1225,0.4322
15,1226,0.4320
15,1227,0.4317
15,1228,0.4317
15,1229,0.4318
15,1230,0.4324
15,1231,0.4326
15,1232,0.4323
15,1233,0.4326
15,1234,0.4336
15,1235,0.4336
15,1236,0.4337
15,1237,0.4337
15,1238,0.4328
15,1239,0.4327
15,1240,0.4334
15,1241,0.4335
15,1242,0.4328
15,1243,0.4334
15,1244,0.4339
15,1245,0.4344
15,1246,0.4353
15,1247,0.4357
15,1248,0.4360
15,1249,0.4357
15,1250,0.4358
15,1251,0.4360
15,1252,0.4362
15,1253,0.4361
15,1254,0.4361
15,1255,0.4359
15,1256,0.4360
15,1257,0.4366
15,1258,0.4367
15,1259,0.4365
15,1260,0.4364
15,1261,0.4358
15,1262,0.4357
15,1263,0.4357
15,1264,0.4364
15,1265,0.4377
15,1266,0.4385
15,1267,0.4389
15,1268,0.4392
15,1269,0.4394
15,1270,0.4390
15,1271,0.4388
15,1272,0.4389
15,1273,0.4390
15,1274,0.4389
15,1275,0.4390
15,1276,0.4396
15,1277,0.4398
15,1278,0.4399
15,1279,0.4399
15,1280,0.4397
15,1281,0.4397
15,1282,0.4398
15,1283,0.4397
15,1284,0.4397
15,1285,0.4399
15,1286,0.4397
15,1287,0.4395
15,1288,0.4397
15,1289,0.4401
15,1290,0.4402
15,1291,0.4402
15,1292,0.4408
15,1293,0.4418
15,1294,0.4419
15,1295,0.4423
15,1296,0.4420
15,1297,0.4395
15,1298,0.4391
15,1299,0.4397
15,1300,0.4399
15,1301,0.4408
15,1302,0.4415
15,1303,0.4423
15,1304,0.4426
15,1305,0.4430
15,1306,0.4432
15,1307,0.4429
15,1308,0.4422
15,1309,0.4425
15,1310,0.4438
15,1311,0.4435
15,1312,0.4428
15,1313,0.4426
15,1314,0.4414
15,1315,0.4413
15,1316,0.4427
15,1317,0.4430
15,1318,0.4432
15,1319,0.4432
15,1320,0.4424
15,1321,0.4427
15,1322,0.4440
15,1323,0.4440
15,1324,0.4437
15,1325,0.4436
15,1326,0.4421
15,1327,0.4417
15,1328,0.4426
15,1329,0.4432
15,1330,0.4444
15,1331,0.4450
15,1332,0.4453
15,1333,0.4455
15,1334,0.4454
15,1335,0.4444
15,1336,0.4444
15,1337,0.4445
15,1338,0.4449
15,1339,0.4460
15,1340,0.4462
15,1341,0.4460
15,1342,0.4461
15,1343,0.4456
15,1344,0.4459
15,1345,0.4473
15,1346,0.4475
15,1347,0.4474
15,1348,0.4475
15,1349,0.4473
15,1350,0.4472
15,1351,0.4478
15,1352,0.4479
15,1353,0.4474
15,1354,0.4473
15,1355,0.4479
15,1356,0.4479
15,1357,0.4476
15,1358,0.4469
15,1359,0.4471
15,1360,0.4472
15,1361,0.4474
15,1362,0.4486
15,1363,0.4487
15,1364,0.4479
15,1365,0.4477
15,1366,0.4474
15,1367,0.4470
15,1368,0.4463
15,1369,0.4465
15,1370,0.4475
15,1371,0.4474
15,1372,0.4471
15,1373,0.4472
15,1374,0.4468
15,1375,0.4467
15,1376,0.4479
15,1377,0.4482
15,1378,0.4480
15,1379,0.4477
15,1380,0.4469
15,1381,0.4463
15,1382,0.4454
15,1383,0.4447
15,1384,0.4442
15,1385,0.4439
15,1386,0.4436
15,1387,0.4434
15,1388,0.4428
15,1389,0.4420
15,1390,0.4413
15,1391,0.4402
15,1392,0.4395
15,1393,0.4391
15,1394,0.4386
15,1395,0.4383
15,1396,0.4374
15,1397,0.4362
15,1398,0.4353
15,1399,0.4341
15,1400,0.4330
15,1401,0.4322
15,1402,0.4314
15,1403,0.4304
15,1404,0.4295
15,1405,0.4290
15,1406,0.4283
15,1407,0.4274
15,1408,0.4268
15,1409,0.4261
15,1410,0.4258
15,1411,0.4261
15,1412,0.4261
15,1413,0.4263
15,1414,0.4264
15,1415,0.4264
15,1416,0.4260
15,1417,0.4267
15,1418,0.4281
15,1419,0.4291
15,1420,0.4306
15,1421,0.4316
15,1422,0.4322
15,1423,0.4329
15,1424,0.4341
15,1425,0.4346
15,1426,0.4343
15,1427,0.4351
15,1428,0.4363
15,1429,0.4370
15,1430,0.4386
15,1431,0.4392
15,1432,0.4386
15,1433,0.4389
15,1434,0.4394
15,1435,0.4399
15,1436,0.4410
15,1437,0.4416
15,1438,0.4421
15,1439,0.4424
15,1440,0.4424
15,1441,0.4425
15,1442,0.4425
15,1443,0.4427
15,1444,0.4431
15,1445,0.4436
15,1446,0.4444
15,1447,0.4448
15,1448,0.4449
15,1449,0.4449
15,1450,0.4448
15,1451,0.4443
15,1452,0.4445
15,1453,0.4452
15,1454,0.4456
15,1455,0.4464
15,1456,0.4468
15,1457,0.4470
15,1458,0.4472
15,1459,0.4473
15,1460,0.4474
15,1461,0.4476
15,1462,0.4477
15,1463,0.4478
15,1464,0.4478
15,1465,0.4476
15,1466,0.4476
15,1467,0.4477
15,1468,0.4479
15,1469,0.4486
15,1470,0.4489
15,1471,0.4491
15,1472,0.4492
15,1473,0.4490
15,1474,0.4488
15,1475,0.4483
15,1476,0.4482
15,1477,0.4482
15,1478,0.4484
15,1479,0.4489
15,1480,0.4493
15,1481,0.4500
15,1482,0.4502
15,1483,0.4501
15,1484,0.4502
15,1485,0.4500
15,1486,0.4500
15,1487,0.4506
15,1488,0.4508
15,1489,0.4510
15,1490,0.4509
15,1491,0.4512
15,1492,0.4514
15,1493,0.4517
15,1494,0.4524
15,1495,0.4527
15,1496,0.4527
15,1497,0.4530
15,1498,0.4534
15,1499,0.4536
15,1500,0.4541
15,1501,0.4540
15,1502,0.4534
15,1503,0.4533
15,1504,0.4533
15,1505,0.4532
15,1506,0.4533
15,1507,0.4535
15,1508,0.4534
15,1509,0.4535
15,1510,0.4539
15,1511,0.4542
15,1512,0.4544
15,1513,0.4545
15,1514,0.4545
15,1515,0.4547
15,1516,0.4548
15,1517,0.4550
15,1518,0.4552
15,1519,0.4556
15,1520,0.4563
15,1521,0.4566
15,1522,0.4574
15,1523,0.4575
15,1524,0.4568
15,1525,0.4564
15,1526,0.4556
15,1527,0.4554
15,1528,0.4559
15,1529,0.4560
15,1530,0.4559
15,1531,0.4562
15,1532,0.4568
15,1533,0.4570
15,1534,0.4576
15,1535,0.4579
15,1536,0.4573
15,1537,0.4572
15,1538,0.4574
15,1539,0.4575
15,1540,0.4580
15,1541,0.4581
15,1542,0.4579
15,1543,0.4577
15,1544,0.4580
15,1545,0.4576
15,1546,0.4577
15,1547,0.4583
15,1548,0.4585
15,1549,0.4587
15,1550,0.4585
15,1551,0.4580
15,1552,0.4580
15,1553,0.4580
15,1554,0.4580
15,1555,0.4583
15,1556,0.4585
15,1557,0.4582
15,1558,0.4584
15,1559,0.4591
15,1560,0.4594
15,1561,0.4598
15,1562,0.4599
15,1563,0.4596
15,1564,0.4599
15,1565,0.4605
15,1566,0.4607
15,1567,0.4614
15,1568,0.4613
15,1569,0.4605
15,1570,0.4601
15,1571,0.4596
15,1572,0.4596
15,1573,0.4601
15,1574,0.4603
15,1575,0.4609
15,1576,0.4610
15,1577,0.4602
15,1578,0.4602
15,1579,0.4607
15,1580,0.4610
15,1581,0.4620
15,1582,0.4620
15,1583,0.4609
15,1584,0.4607
15,1585,0.4605
15,1586,0.4606
15,1587,0.4617
15,1588,0.4618
15,1589,0.4614
15,1590,0.4613
15,1591,0.4611
15,1592,0.4610
15,1593,0.4614
15,1594,0.4616
15,1595,0.4616
15,1596,0.4618
15,1597,0.4624
15,1598,0.4624
15,1599,0.4621
15,1600,0.4621
15,1601,0.4617
15,1602,0.4618
15,1603,0.4625
15,1604,0.4628
15,1605,0.4630
15,1606,0.4634
15,1607,0.4636
15,1608,0.4638
15,1609,0.4638
15,1610,0.4639
15,1611,0.4640
15,1612,0.4641
15,1613,0.4641
15,1614,0.4642
15,1615,0.4647
15,1616,0.4647
15,1617,0.4646
15,1618,0.4644
15,1619,0.4636
15,1620,0.4633
15,1621,0.4634
15,1622,0.4632
15,1623,0.4628
15,1624,0.4627
15,1625,0.4626
15,1626,0.4626
15,1627,0.4630
15,1628,0.4631
15,1629,0.4627
15,1630,0.4627
15,1631,0.4625
15,1632,0.4627
15,1633,0.4637
15,1634,0.4641
15,1635,0.4646
15,1636,0.4646
15,1637,0.4637
15,1638,0.4633
15,1639,0.4623
15,1640,0.4624
15,1641,0.4634
15,1642,0.4638
15,1643,0.4646
15,1644,0.4651
15,1645,0.4649
15,1646,0.4652
15,1647,0.4662
15,1648,0.4664
15,1649,0.4662
15,1650,0.4662
15,1651,0.4660
15,1652,0.4658
15,1653,0.4658
15,1654,0.4657
15,1655,0.4653
15,1656,0.4651
15,1657,0.4651
15,1658,0.4652
15,1659,0.4652
15,1660,0.4656
15,1661,0.4664
15,1662,0.4667
15,1663,0.4669
15,1664,0.4671
15,1665,0.4667
15,1666,0.4667
15,1667,0.4670
15,1668,0.4672
15,1669,0.4676
15,1670,0.4677
15,1671,0.4676
15,1672,0.4675
15,1673,0.4672
15,1674,0.4670
15,1675,0.4670
15,1676,0.4668
15,1677,0.4666
15,1678,0.4664
15,1679,0.4661
15,1680,0.4660
15,1681,0.4659
15,1682,0.4660
15,1683,0.4666
15,1684,0.4665
15,1685,0.4663
15,1686,0.4660
15,1687,0.4647
15,1688,0.4648
15,1689,0.4659
15,1690,0.4664
15,1691,0.4678
15,1692,0.4683
15,1693,0.4679
15,1694,0.4678
15,1695,0.4676
15,1696,0.4676
15,1697,0.4675
15,1698,0.4675
15,1699,0.4679
15,1700,0.4679
15,1701,0.4676
15,1702,0.4674
15,1703,0.4668
15,1704,0.4666
15,1705,0.4666
15,1706,0.4669
15,1707,0.4678
15,1708,0.4679
15,1709,0.4677
15,1710,0.4676
15,1711,0.4670
15,1712,0.4672
15,1713,0.4680
15,1714,0.4681
15,1715,0.4681
15,1716,0.4683
15,1717,0.4684
15,1718,0.4688
15,1719,0.4691
15,1720,0.4685
15,1721,0.4674
15,1722,0.4674
15,1723,0.4676
15,1724,0.4675
15,1725,0.4685
15,1726,0.4687
15,1727,0.4681
15,1728,0.4685
15,1729,0.4684
15,1730,0.4681
15,1731,0.4683
15,1732,0.4682
15,1733,0.4687
15,1734,0.4688
15,1735,0.4681
15,1736,0.4680
15,1737,0.4673
15,1738,0.4670
15,1739,0.4676
15,1740,0.4679
15,1741,0.4678
15,1742,0.4680
15,1743,0.4681
15,1744,0.4675
15,1745,0.4674
15,1746,0.4684
15,1747,0.4688
15,1748,0.4690
15,1749,0.4693
15,1750,0.4678
15,1751,0.4674
15,1752,0.4678
15,1753,0.4678
15,1754,0.4681
15,1755,0.4679
15,1756,0.4670
15,1757,0.4666
15,1758,0.4659
15,1759,0.4660
15,1760,0.4673
15,1761,0.4677
15,1762,0.4680
15,1763,0.4678
15,1764,0.4664
15,1765,0.4662
15,1766,0.4669
15,1767,0.4670
15,1768,0.4674
15,1769,0.4675
15,1770,0.4672
15,1771,0.4672
15,1772,0.4669
15,1773,0.4668
15,1774,0.4672
15,1775,0.4676
15,1776,0.4687
15,1777,0.4689
15,1778,0.4682
15,1779,0.4679
15,1780,0.4675
15,1781,0.4677
15,1782,0.4687
15,1783,0.4697
15,1784,0.4703
15,1785,0.4707
15,1786,0.4700
15,1787,0.4685
15,1788,0.4680
15,1789,0.4681
15,1790,0.4694
15,1791,0.4703
15,1792,0.4700
15,1793,0.4698
15,1794,0.4691
15,1795,0.4693
15,1796,0.4701
15,1797,0.4694
15,1798,0.4696
15,1799,0.4703
15,1800,0.4709
15,1801,0.4725
15,1802,0.4724
15,1803,0.4713
15,1804,0.4705
15,1805,0.4684
15,1806,0.4670
15,1807,0.4677
15,1808,0.4692
15,1809,0.4709
15,1810,0.4725
15,1811,0.4723
15,1812,0.4710
15,1813,0.4699
15,1814,0.4704
15,1815,0.4714
15,1816,0.4727
15,1817,0.4739
15,1818,0.4736
15,1819,0.4727
15,1820,0.4714
15,1821,0.4705
15,1822,0.4700
15,1823,0.4697
15,1824,0.4702
15,1825,0.4708
15,1826,0.4712
15,1827,0.4715
15,1828,0.4710
15,1829,0.4688
15,1830,0.4665
15,1831,0.4707
15,1832,0.4683
15,1833,0.4668
15,1834,0.4669
15,1835,0.4684
15,1836,0.4705
15,1837,0.4725
15,1838,0.4745
15,1839,0.4737
15,1840,0.4729
15,1841,0.4736
15,1842,0.4723
15,1843,0.4707
15,1844,0.4687
15,1845,0.4668
15,1846,0.4653
15,1847,0.4645
15,1848,0.4646
15,1849,0.4679
15,1850,0.4706
15,1851,0.4703
15,1852,0.4704
15,1853,0.4695
15,1854,0.4699
15,1855,0.4698
15,1856,0.4722
15,1857,0.4725
15,1858,0.4728
15,1859,0.4709
15,1860,0.4677
15,1861,0.4676
15,1862,0.4666
15,1863,0.4671
15,1864,0.4701
15,1865,0.4711
15,1866,0.4717
15,1867,0.4733
15,1868,0.4724
15,1869,0.4689
15,1870,0.4691
15,1871,0.4676
15,1872,0.4660
15,1873,0.4663
15,1874,0.4644
15,1875,0.4598
15,1876,0.4563
15,1877,0.4564
15,1878,0.4557
15,1879,0.4555
15,1880,0.4573
15,1881,0.4564
15,1882,0.4545
15,1883,0.4534
15,1884,0.4525
15,1885,0.4513
15,1886,0.4501
15,1887,0.4482
15,1888,0.4469
15,1889,0.4477
15,1890,0.4474
15,1891,0.4472
15,1892,0.4468
15,1893,0.4456
15,1894,0.4442
15,1895,0.4433
15,1896,0.4415
15,1897,0.4387
15,1898,0.4359
15,1899,0.4329
15,1900,0.4314
15,1901,0.4299
15,1902,0.4279
15,1903,0.4254
15,1904,0.4221
15,1905,0.4196
15,1906,0.4170
15,1907,0.4150
15,1908,0.4139
15,1909,0.4127
15,1910,0.4117
15,1911,0.4104
15,1912,0.4101
15,1913,0.4109
15,1914,0.4108
15,1915,0.4109
15,1916,0.4109
15,1917,0.4092
15,1918,0.4089
15,1919,0.4102
15,1920,0.4099
15,1921,0.4099
15,1922,0.4120
15,1923,0.4127
15,1924,0.4125
15,1925,0.4137
15,1926,0.4157
15,1927,0.4164
15,1928,0.4169
15,1929,0.4176
15,1930,0.4182
15,1931,0.4177
15,1932,0.4166
15,1933,0.4179
15,1934,0.4189
15,1935,0.4191
15,1936,0.4209
15,1937,0.4253
15,1938,0.4266
15,1939,0.4273
15,1940,0.4276
15,1941,0.4263
15,1942,0.4255
15,1943,0.4250
15,1944,0.4230
15,1945,0.4237
15,1946,0.4255
15,1947,0.4263
15,1948,0.4299
15,1949,0.4299
15,1950,0.4257
15,1951,0.4245
15,1952,0.4233
15,1953,0.4226
15,1954,0.4230
15,1955,0.4243
15,1956,0.4257
15,1957,0.4272
15,1958,0.4287
15,1959,0.4320
15,1960,0.4329
15,1961,0.4317
15,1962,0.4316
15,1963,0.4301
15,1964,0.4302
15,1965,0.4314
15,1966,0.4324
15,1967,0.4336
15,1968,0.4358
15,1969,0.4364
15,1970,0.4361
15,1971,0.4368
15,1972,0.4376
15,1973,0.4377
15,1974,0.4381
15,1975,0.4378
15,1976,0.4360
15,1977,0.4350
15,1978,0.4338
15,1979,0.4334
15,1980,0.4337
15,1981,0.4350
15,1982,0.4354
15,1983,0.4369
15,1984,0.4370
15,1985,0.4349
15,1986,0.4350
15,1987,0.4363
15,1988,0.4372
15,1989,0.4401
15,1990,0.4413
15,1991,0.4419
15,1992,0.4410
15,1993,0.4414
15,1994,0.4416
15,1995,0.4420
15,1996,0.4435
15,1997,0.4437
15,1998,0.4422
15,1999,0.4422
15,2000,0.4425
15,2001,0.4429
15,2002,0.4436
15,2003,0.4458
15,2004,0.4473
15,2005,0.4490
15,2006,0.4497
15,2007,0.4499
15,2008,0.4507
15,2009,0.4512
15,2010,0.4512
15,2011,0.4519
15,2012,0.4515
15,2013,0.4484
15,2014,0.4476
15,2015,0.4484
15,2016,0.4480
15,2017,0.4482
15,2018,0.4494
15,2019,0.4504
15,2020,0.4514
15,2021,0.4515
15,2022,0.4519
15,2023,0.4516
15,2024,0.4489
15,2025,0.4486
15,2026,0.4500
15,2027,0.4507
15,2028,0.4523
15,2029,0.4533
15,2030,0.4538
15,2031,0.4527
15,2032,0.4539
15,2033,0.4567
15,2034,0.4572
15,2035,0.4575
15,2036,0.4575
15,2037,0.4552
15,2038,0.4543
15,2039,0.4548
15,2040,0.4546
15,2041,0.4540
15,2042,0.4533
15,2043,0.4525
15,2044,0.4510
15,2045,0.4509
15,2046,0.4514
15,2047,0.4516
15,2048,0.4525
15,2049,0.4530
15,2050,0.4533
15,2051,0.4532
15,2052,0.4526
15,2053,0.4527
15,2054,0.4520
15,2055,0.4528
15,2056,0.4545
15,2057,0.4584
15,2058,0.4596
15,2059,0.4610
15,2060,0.4611
15,2061,0.4590
15,2062,0.4584
15,2063,0.4576
15,2064,0.4579
15,2065,0.4597
15,2066,0.4603
15,2067,0.4615
15,2068,0.4618
15,2069,0.4605
15,2070,0.4596
15,2071,0.4588
15,2072,0.4577
15,2073,0.4574
15,2074,0.4572
15,2075,0.4574
15,2076,0.4586
15,2077,0.4591
15,2078,0.4606
15,2079,0.4601
15,2080,0.4573
15,2081,0.4562
15,2082,0.4542
15,2083,0.4535
15,2084,0.4544
15,2085,0.4563
15,2086,0.4580
15,2087,0.4612
15,2088,0.4612
15,2089,0.4601
15,2090,0.4596
15,2091,0.4566
15,2092,0.4558
15,2093,0.4563
15,2094,0.4569
15,2095,0.4585
15,2096,0.4589
15,2097,0.4606
15,2098,0.4603
15,2099,0.4558
15,2100,0.4547
15,2101,0.4539
15,2102,0.4543
15,2103,0.4554
15,2104,0.4596
15,2105,0.4610
15,2106,0.4621
15,2107,0.4617
15,2108,0.4586
15,2109,0.4586
15,2110,0.4594
15,2111,0.4595
15,2112,0.4632
15,2113,0.4631
15,2114,0.4583
15,2115,0.4563
15,2116,0.4542
15,2117,0.4518
15,2118,0.4514
15,2119,0.4538
15,2120,0.4542
15,2121,0.4538
15,2122,0.4550
15,2123,0.4575
15,2124,0.4582
15,2125,0.4591
15,2126,0.4597
15,2127,0.4590
15,2128,0.4585
15,2129,0.4581
15,2130,0.4580
15,2131,0.4572
15,2132,0.4567
15,2133,0.4578
15,2134,0.4582
15,2135,0.4573
15,2136,0.4550
15,2137,0.4545
15,2138,0.4536
15,2139,0.4532
15,2140,0.4541
15,2141,0.4542
15,2142,0.4528
15,2143,0.4535
15,2144,0.4570
15,2145,0.4582
15,2146,0.4592
15,2147,0.4597
15,2148,0.4584
15,2149,0.4572
15,2150,0.4551
15,2151,0.4546
15,2152,0.4544
15,2153,0.4545
15,2154,0.4541
15,2155,0.4547
15,2156,0.4547
15,2157,0.4538
15,2158,0.4532
15,2159,0.4532
15,2160,0.4526
15,2161,0.4508
15,2162,0.4498
15,2163,0.4494
15,2164,0.4489
15,2165,0.4491
15,2166,0.4484
15,2167,0.4469
15,2168,0.4459
15,2169,0.4444
15,2170,0.4429
15,2171,0.4431
15,2172,0.4448
15,2173,0.4449
15,2174,0.4462
15,2175,0.4452
15,2176,0.4416
15,2177,0.4405
15,2178,0.4403
15,2179,0.4390
15,2180,0.4380
15,2181,0.4371
15,2182,0.4353
15,2183,0.4340
15,2184,0.4345
15,2185,0.4333
15,2186,0.4296
15,2187,0.4279
15,2188,0.4270
15,2189,0.4259
15,2190,0.4257
15,2191,0.4251
15,2192,0.4255
15,2193,0.4264
15,2194,0.4263
15,2195,0.4268
15,2196,0.4269
15,2197,0.4252
15,2198,0.4251
15,2199,0.4278
15,2200,0.4265
15,2201,0.4221
15,2202,0.4202
15,2203,0.4167
15,2204,0.4149
15,2205,0.4164
15,2206,0.4163
15,2207,0.4141
15,2208,0.4144
15,2209,0.4178
15,2210,0.4184
15,2211,0.4176
15,2212,0.4189
15,2213,0.4201
15,2214,0.4196
15,2215,0.4204
15,2216,0.4230
15,2217,0.4259
15,2218,0.4294
15,2219,0.4306
15,2220,0.4330
15,2221,0.4331
15,2222,0.4285
15,2223,0.4274
15,2224,0.4269
15,2225,0.4274
15,2226,0.4301
15,2227,0.4308
15,2228,0.4315
15,2229,0.4323
15,2230,0.4314
15,2231,0.4314
15,2232,0.4333
15,2233,0.4339
15,2234,0.4339
15,2235,0.4340
15,2236,0.4338
15,2237,0.4327
15,2238,0.4325
15,2239,0.4330
15,2240,0.4325
15,2241,0.4313
15,2242,0.4308
15,2243,0.4295
15,2244,0.4294
15,2245,0.4308
15,2246,0.4309
15,2247,0.4302
15,2248,0.4308
15,2249,0.4325
15,2250,0.4326
15,2251,0.4330
15,2252,0.4329
15,2253,0.4295
15,2254,0.4294
15,2255,0.4337
15,2256,0.4338
15,2257,0.4315
15,2258,0.4313
15,2259,0.4292
15,2260,0.4286
15,2261,0.4307
15,2262,0.4341
15,2263,0.4344
15,2264,0.4329
15,2265,0.4330
15,2266,0.4319
15,2267,0.4338
15,2268,0.4388
15,2269,0.4398
15,2270,0.4408
15,2271,0.4404
15,2272,0.4365
15,2273,0.4350
15,2274,0.4347
15,2275,0.4336
15,2276,0.4319
15,2277,0.4313
15,2278,0.4317
15,2279,0.4308
15,2280,0.4291
15,2281,0.4288
15,2282,0.4271
15,2283,0.4279
15,2284,0.4344
15,2285,0.4354
15,2286,0.4340
15,2287,0.4330
15,2288,0.4263
15,2289,0.4245
15,2290,0.4275
15,2291,0.4283
15,2292,0.4315
15,2293,0.4320
15,2294,0.4307
15,2295,0.4265
15,2296,0.4242
15,2297,0.4201
15,2298,0.4196
15,2299,0.4218
15,2300,0.4220
15,2301,0.4229
15,2302,0.4242
15,2303,0.4248
15,2304,0.4251
15,2305,0.4277
15,2306,0.4267
15,2307,0.4194
15,2308,0.4205
15,2309,0.4256
15,2310,0.4276
15,2311,0.4343
15,2312,0.4360
15,2313,0.4321
15,2314,0.4297
15,2315,0.4269
15,2316,0.4243
15,2317,0.4176
15,2318,0.4171
15,2319,0.4238
15,2320,0.4243
15,2321,0.4237
15,2322,0.4246
15,2323,0.4196
15,2324,0.4198
15,2325,0.4295
15,2326,0.4333
15,2327,0.4372
15,2328,0.4370
15,2329,0.4306
15,2330,0.4252
15,2331,0.4151
15,2332,0.4087
15,2333,0.4041
15,2334,0.4000
15,2335,0.4003
15,2336,0.4051
15,2337,0.4073
15,2338,0.4118
15,2339,0.4138
15,2340,0.4134
15,2341,0.4155
15,2342,0.4195
15,2343,0.4199
15,2344,0.4202
15,2345,0.4181
15,2346,0.4103
15,2347,0.4090
15,2348,0.4102
15,2349,0.4103
15,2350,0.4129
15,2351,0.4142
15,2352,0.4144
15,2353,0.4141
15,2354,0.4148
15,2355,0.4141
15,2356,0.4089
15,2357,0.4091
15,2358,0.4153
15,2359,0.4138
15,2360,0.4110
15,2361,0.4072
15,2362,0.3913
15,2363,0.3905
15,2364,0.4042
15,2365,0.4066
15,2366,0.4104
15,2367,0.4130
15,2368,0.4069
15,2369,0.4047
15,2370,0.4102
15,2371,0.4089
15,2372,0.4000
15,2373,0.3960
15,2374,0.3898
15,2375,0.3887
15,2376,0.3961
15,2377,0.3979
15,2378,0.3986
15,2379,0.4010
15,2380,0.4001
15,2381,0.4018
15,2382,0.4135
15,2383,0.4139
15,2384,0.4028
15,2385,0.3998
15,2386,0.3946
15,2387,0.3896
15,2388,0.3885
15,2389,0.3910
15,2390,0.3934
15,2391,0.3967
15,2392,0.4110
15,2393,0.4176
15,2394,0.4201
15,2395,0.4179
15,2396,0.4029
15,2397,0.3971
15,2398,0.3943
15,2399,0.3896
15,2400,0.3906
16,400,0.0864
16,401,0.0893
16,402,0.0886
16,403,0.0902
16,404,0.0838
16,405,0.0836
16,406,0.0944
16,407,0.0891
16,408,0.0823
16,409,0.0818
16,410,0.0893
16,411,0.0889
16,412,0.0865
16,413,0.0867
16,414,0.0897
16,415,0.0919
16,416,0.0943
16,417,0.0968
16,418,0.0924
16,419,0.0955
16,420,0.1030
16,421,0.1022
16,422,0.1014
16,423,0.1021
16,424,0.1033
16,425,0.1008
16,426,0.1031
16,427,0.1055
16,428,0.1026
16,429,0.1048
16,430,0.1060
16,431,0.1061
16,432,0.1110
16,433,0.1119
16,434,0.1117
16,435,0.1131
16,436,0.1129
16,437,0.1135
16,438,0.1156
16,439,0.1187
16,440,0.1192
16,441,0.1184
16,442,0.1180
16,443,0.1191
16,444,0.1220
16,445,0.1236
16,446,0.1223
16,447,0.1245
16,448,0.1265
16,449,0.1274
16,450,0.1284
16,451,0.1282
16,452,0.1280
16,453,0.1288
16,454,0.1300
16,455,0.1299
16,456,0.1299
16,457,0.1320
16,458,0.1329
16,459,0.1324
16,460,0.1317
16,461,0.1332
16,462,0.1330
16,463,0.1334
16,464,0.1362
16,465,0.1367
16,466,0.1355
16,467,0.1349
16,468,0.1373
16,469,0.1381
16,470,0.1376
16,471,0.1367
16,472,0.1369
16,473,0.1392
16,474,0.1413
16,475,0.1408
16,476,0.1421
16,477,0.1430
16,478,0.1429
16,479,0.1431
16,480,0.1434
16,481,0.1437
16,482,0.1441
16,483,0.1472
16,484,0.1496
16,485,0.1497
16,486,0.1475
16,487,0.1486
16,488,0.1500
16,489,0.1502
16,490,0.1527
16,491,0.1526
16,492,0.1522
16,493,0.1547
16,494,0.1552
16,495,0.1560
16,496,0.1580
16,497,0.1597
16,498,0.1602
16,499,0.1608
16,500,0.1624
16,501,0.1629
16,502,0.1634
16,503,0.1643
16,504,0.1653
16,505,0.1664
16,506,0.1677
16,507,0.1694
16,508,0.1707
16,509,0.1711
16,510,0.1709
16,511,0.1712
16,512,0.1732
16,513,0.1754
16,514,0.1767
16,515,0.1768
16,516,0.1782
16,517,0.1797
16,518,0.1802
16,519,0.1818
16,520,0.1826
16,521,0.1830
16,522,0.1844
16,523,0.1854
16,524,0.1866
16,525,0.1882
16,526,0.1890
16,527,0.1898
16,528,0.1911
16,529,0.1931
16,530,0.1941
16,531,0.1950
16,532,0.1961
16,533,0.1968
16,534,0.1984
16,535,0.1997
16,536,0.2001
16,537,0.2012
16,538,0.2025
16,539,0.2037
16,540,0.2046
16,541,0.2062
16,542,0.2078
16,543,0.2089
16,544,0.2097
16,545,0.2104
16,546,0.2117
16,547,0.2138
16,548,0.2148
16,549,0.2157
16,550,0.2167
16,551,0.2178
16,552,0.2188
16,553,0.2201
16,554,0.2217
16,555,0.2231
16,556,0.2242
16,557,0.2250
16,558,0.2258
16,559,0.2274
16,560,0.2289
16,561,0.2298
16,562,0.2315
16,563,0.2323
16,564,0.2332
16,565,0.2351
16,566,0.2364
16,567,0.2375
16,568,0.2385
16,569,0.2396
16,570,0.2406
16,571,0.2418
16,572,0.2433
16,573,0.2434
16,574,0.2444
16,575,0.2461
16,576,0.2471
16,577,0.2483
16,578,0.2491
16,579,0.2496
16,580,0.2513
16,581,0.2519
16,582,0.2524
16,583,0.2538
16,584,0.2546
16,585,0.2556
16,586,0.2567
16,587,0.2575
16,588,0.2584
16,589,0.2594
16,590,0.2604
16,591,0.2613
16,592,0.2619
16,593,0.2625
16,594,0.2638
16,595,0.2641
16,596,0.2646
16,597,0.2658
16,598,0.2667
16,599,0.2673
16,600,0.2679
16,601,0.2687
16,602,0.2698
16,603,0.2706
16,604,0.2711
16,605,0.2719
16,606,0.2722
16,607,0.2727
16,608,0.2735
16,609,0.2741
16,610,0.2751
16,611,0.2761
16,612,0.2766
16,613,0.2772
16,614,0.2781
16,615,0.2789
16,616,0.2791
16,617,0.2800
16,618,0.2810
16,619,0.2817
16,620,0.2823
16,621,0.2830
16,622,0.2839
16,623,0.2848
16,624,0.2851
16,625,0.2855
16,626,0.2863
16,627,0.2872
16,628,0.2878
16,629,0.2882
16,630,0.2888
16,631,0.2895
16,632,0.2902
16,633,0.2909
16,634,0.2916
16,635,0.2925
16,636,0.2929
16,637,0.2929
16,638,0.2942
16,639,0.2949
16,640,0.2954
16,641,0.2966
16,642,0.2971
16,643,0.2974
16,644,0.2979
16,645,0.2987
16,646,0.2993
16,647,0.3001
16,648,0.3012
16,649,0.3016
16,650,0.3021
16,651,0.3028
16,652,0.3033
16,653,0.3040
16,654,0.3048
16,655,0.3054
16,656,0.3062
16,657,0.3068
16,658,0.3072
16,659,0.3076
16,660,0.3083
16,661,0.3089
16,662,0.3094
16,663,0.3104
16,664,0.3109
16,665,0.3114
16,666,0.3124
16,667,0.3132
16,668,0.3137
16,669,0.3141
16,670,0.3146
16,671,0.3150
16,672,0.3158
16,673,0.3169
16,674,0.3174
16,675,0.3179
16,676,0.3188
16,677,0.3199
16,678,0.3202
16,679,0.3207
16,680,0.3213
16,681,0.3222
16,682,0.3228
16,683,0.3235
16,684,0.3244
16,685,0.3251
16,686,0.3257
16,687,0.3263
16,688,0.3269
16,689,0.3277
16,690,0.3282
16,691,0.3288
16,692,0.3300
16,693,0.3305
16,694,0.3307
16,695,0.3310
16,696,0.3320
16,697,0.3327
16,698,0.3333
16,699,0.3341
16,700,0.3348
16,701,0.3354
16,702,0.3361
16,703,0.3369
16,704,0.3376
16,705,0.3380
16,706,0.3383
16,707,0.3391
16,708,0.3398
16,709,0.3405
16,710,0.3413
16,711,0.3422
16,712,0.3427
16,713,0.3431
16,714,0.3438
16,715,0.3442
16,716,0.3449
16,717,0.3459
16,718,0.3464
16,719,0.3469
16,720,0.3475
16,721,0.3482
16,722,0.3489
16,723,0.3497
16,724,0.3502
16,725,0.3503
16,726,0.3511
16,727,0.3519
16,728,0.3526
16,729,0.3533
16,730,0.3541
16,731,0.3547
16,732,0.3552
16,733,0.3556
16,734,0.3560
16,735,0.3566
16,736,0.3573
16,737,0.3580
16,738,0.3587
16,739,0.3592
16,740,0.3593
16,741,0.3602
16,742,0.3610
16,743,0.3614
16,744,0.3624
16,745,0.3629
16,746,0.3630
16,747,0.3634
16,748,0.3643
16,749,0.3651
16,750,0.3656
16,751,0.3662
16,752,0.3667
16,753,0.3673
16,754,0.3680
16,755,0.3684
16,756,0.3689
16,757,0.3695
16,758,0.3700
16,759,0.3704
16,760,0.3710
16,761,0.3719
16,762,0.3727
16,763,0.3730
16,764,0.3733
16,765,0.3738
16,766,0.3741
16,767,0.3743
16,768,0.3748
16,769,0.3756
16,770,0.3762
16,771,0.3767
16,772,0.3772
16,773,0.3778
16,774,0.3787
16,775,0.3790
16,776,0.3789
16,777,0.3794
16,778,0.3800
16,779,0.3804
16,780,0.3809
16,781,0.3816
16,782,0.3817
16,783,0.3820
16,784,0.3827
16,785,0.3829
16,786,0.3834
16,787,0.3839
16,788,0.3843
16,789,0.3849
16,790,0.3854
16,791,0.3855
16,792,0.3852
16,793,0.3859
16,794,0.3867
16,795,0.3871
16,796,0.3873
16,797,0.3879
16,798,0.3883
16,799,0.3882
16,800,0.3890
16,801,0.3892
16,802,0.3893
16,803,0.3902
16,804,0.3905
16,805,0.3909
16,806,0.3912
16,807,0.3914
16,808,0.3918
16,809,0.3922
16,810,0.3925
16,811,0.3928
16,812,0.3930
16,813,0.3934
16,814,0.3939
16,815,0.3943
16,816,0.3947
16,817,0.3951
16,818,0.3953
16,819,0.3951
16,820,0.3953
16,821,0.3958
16,822,0.3961
16,823,0.3963
16,824,0.3968
16,825,0.3972
16,826,0.3968
16,827,0.3971
16,828,0.3976
16,829,0.3981
16,830,0.3981
16,831,0.3984
16,832,0.3986
16,833,0.3986
16,834,0.3991
16,835,0.3995
16,836,0.3998
16,837,0.3998
16,838,0.4000
16,839,0.4005
16,840,0.4009
16,841,0.4011
16,842,0.4016
16,843,0.4023
16,844,0.4029
16,845,0.4026
16,846,0.4024
16,847,0.4025
16,848,0.4029
16,849,0.4032
16,850,0.4035
16,851,0.4036
16,852,0.4037
16,853,0.4041
16,854,0.4046
16,855,0.4047
16,856,0.4047
16,857,0.4054
16,858,0.4054
16,859,0.4055
16,860,0.4065
16,861,0.4063
16,862,0.4065
16,863,0.4069
16,864,0.4071
16,865,0.4067
16,866,0.4071
16,867,0.4079
16,868,0.4079
16,869,0.4083
16,870,0.4087
16,871,0.4088
16,872,0.4086
16,873,0.4087
16,874,0.4090
16,875,0.4094
16,876,0.4100
16,877,0.4103
16,878,0.4104
16,879,0.4107
16,880,0.4118
16,881,0.4124
16,882,0.4122
16,883,0.4115
16,884,0.4119
16,885,0.4121
16,886,0.4125
16,887,0.4135
16,888,0.4132
16,889,0.4133
16,890,0.4135
16,891,0.4134
16,892,0.4136
16,893,0.4145
16,894,0.4152
16,895,0.4152
16,896,0.4157
16,897,0.4159
16,898,0.4156
16,899,0.4150
16,900,0.4159
16,901,0.4170
16,902,0.4175
16,903,0.4171
16,904,0.4180
16,905,0.4183
16,906,0.4179
16,907,0.4182
16,908,0.4184
16,909,0.4191
16,910,0.4199
16,911,0.4196
16,912,0.4191
16,913,0.4193
16,914,0.4200
16,915,0.4199
16,916,0.4208
16,917,0.4212
16,918,0.4210
16,919,0.4212
16,920,0.4221
16,921,0.4229
16,922,0.4231
16,923,0.4229
16,924,0.4221
16,925,0.4226
16,926,0.4241
16,927,0.4239
16,928,0.4245
16,929,0.4251
16,930,0.4250
16,931,0.4240
16,932,0.4249
16,933,0.4258
16,934,0.4260
16,935,0.4269
16,936,0.4264
16,937,0.4261
16,938,0.4265
16,939,0.4264
16,940,0.4268
16,941,0.4275
16,942,0.4279
16,943,0.4281
16,944,0.4291
16,945,0.4294
16,946,0.4291
16,947,0.4305
16,948,0.4300
16,949,0.4302
16,950,0.4318
16,951,0.4314
16,952,0.4312
16,953,0.4305
16,954,0.4297
16,955,0.4311
16,956,0.4311
16,957,0.4311
16,958,0.4319
16,959,0.4335
16,960,0.4342
16,961,0.4340
16,962,0.4332
16,963,0.4329
16,964,0.4346
16,965,0.4352
16,966,0.4340
16,967,0.4336
16,968,0.4348
16,969,0.4356
16,970,0.4354
16,971,0.4353
16,972,0.4362
16,973,0.4368
16,974,0.4371
16,975,0.4377
16,976,0.4353
16,977,0.4347
16,978,0.4369
16,979,0.4402
16,980,0.4390
16,981,0.4387
16,982,0.4397
16,983,0.4402
16,984,0.4401
16,985,0.4395
16,986,0.4403
16,987,0.4425
16,988,0.4413
16,989,0.4395
16,990,0.4395
16,991,0.4414
16,992,0.4422
16,993,0.4404
16,994,0.4411
16,995,0.4436
16,996,0.4378
16,997,0.4409
16,998,0.4446
16,999,0.4440
16,1000,0.4437
16,1001,0.4438
16,1002,0.4437
16,1003,0.4434
16,1004,0.4432
16,1005,0.4442
16,1006,0.4448
16,1007,0.4449
16,1008,0.4463
16,1009,0.4468
16,1010,0.4469
16,1011,0.4464
16,1012,0.4466
16,1013,0.4463
16,1014,0.4462
16,1015,0.4462
16,1016,0.4465
16,1017,0.4460
16,1018,0.4450
16,1019,0.4452
16,1020,0.4443
16,1021,0.4439
16,1022,0.4447
16,1023,0.4455
16,1024,0.4468
16,1025,0.4476
16,1026,0.4486
16,1027,0.4495
16,1028,0.4503
16,1029,0.4507
16,1030,0.4515
16,1031,0.4514
16,1032,0.4508
16,1033,0.4497
16,1034,0.4487
16,1035,0.4493
16,1036,0.4502
16,1037,0.4508
16,1038,0.4515
16,1039,0.4523
16,1040,0.4527
16,1041,0.4529
16,1042,0.4536
16,1043,0.4551
16,1044,0.4558
16,1045,0.4563
16,1046,0.4570
16,1047,0.4571
16,1048,0.4571
16,1049,0.4569
16,1050,0.4568
16,1051,0.4566
16,1052,0.4565
16,1053,0.4562
16,1054,0.4566
16,1055,0.4566
16,1056,0.4559
16,1057,0.4556
16,1058,0.4556
16,1059,0.4560
16,1060,0.4573
16,1061,0.4586
16,1062,0.4593
16,1063,0.4598
16,1064,0.4605
16,1065,0.4617
16,1066,0.4618
16,1067,0.4616
16,1068,0.4609
16,1069,0.4604
16,1070,0.4597
16,1071,0.4593
16,1072,0.4599
16,1073,0.4602
16,1074,0.4599
16,1075,0.4602
16,1076,0.4611
16,1077,0.4611
16,1078,0.4606
16,1079,0.4604
16,1080,0.4603
16,1081,0.4595
16,1082,0.4594
16,1083,0.4604
16,1084,0.4612
16,1085,0.4616
16,1086,0.4627
16,1087,0.4645
16,1088,0.4651
16,1089,0.4651
16,1090,0.4657
16,1091,0.4651
16,1092,0.4651
16,1093,0.4666
16,1094,0.4670
16,1095,0.4674
16,1096,0.4677
16,1097,0.4678
16,1098,0.4673
16,1099,0.4671
16,1100,0.4673
16,1101,0.4670
16,1102,0.4671
16,1103,0.4670
16,1104,0.4666
16,1105,0.4672
16,1106,0.4675
16,1107,0.4675
16,1108,0.4685
16,1109,0.4690
16,1110,0.4688
16,1111,0.4691
16,1112,0.4693
16,1113,0.4692
16,1114,0.4694
16,1115,0.4698
16,1116,0.4701
16,1117,0.4703
16,1118,0.4708
16,1119,0.4709
16,1120,0.4705
16,1121,0.4707
16,1122,0.4709
16,1123,0.4713
16,1124,0.4724
16,1125,0.4726
16,1126,0.4724
16,1127,0.4723
16,1128,0.4719
16,1129,0.4719
16,1130,0.4721
16,1131,0.4724
16,1132,0.4732
16,1133,0.4736
16,1134,0.4739
16,1135,0.4745
16,1136,0.4746
16,1137,0.4747
16,1138,0.4754
16,1139,0.4754
16,1140,0.4751
16,1141,0.4750
16,1142,0.4751
16,1143,0.4749
16,1144,0.4750
16,1145,0.4757
16,1146,0.4760
16,1147,0.4762
16,1148,0.4765
16,1149,0.4770
16,1150,0.4773
16,1151,0.4773
16,1152,0.4778
16,1153,0.4784
16,1154,0.4791
16,1155,0.4793
16,1156,0.4791
16,1157,0.4785
16,1158,0.4776
16,1159,0.4776
16,1160,0.4782
16,1161,0.4787
16,1162,0.4796
16,1163,0.4801
16,1164,0.4804
16,1165,0.4805
16,1166,0.4801
16,1167,0.4802
16,1168,0.4804
16,1169,0.4805
16,1170,0.4804
16,1171,0.4803
16,1172,0.4799
16,1173,0.4796
16,1174,0.4804
16,1175,0.4815
16,1176,0.4820
16,1177,0.4828
16,1178,0.4829
16,1179,0.4822
16,1180,0.4821
16,1181,0.4821
16,1182,0.4822
16,1183,0.4825
16,1184,0.4828
16,1185,0.4832
16,1186,0.4833
16,1187,0.4834
16,1188,0.4835
16,1189,0.4835
16,1190,0.4838
16,1191,0.4841
16,1192,0.4842
16,1193,0.4843
16,1194,0.4843
16,1195,0.4846
16,1196,0.4851
16,1197,0.4854
16,1198,0.4856
16,1199,0.4858
16,1200,0.4856
16,1201,0.4858
16,1202,0.4863
16,1203,0.4865
16,1204,0.4865
16,1205,0.4869
16,1206,0.4870
16,1207,0.4873
16,1208,0.4877
16,1209,0.4877
16,1210,0.4879
16,1211,0.4881
16,1212,0.4883
16,1213,0.4888
16,1214,0.4890
16,1215,0.4887
16,1216,0.4889
16,1217,0.4892
16,1218,0.4896
16,1219,0.4905
16,1220,0.4908
16,1221,0.4904
16,1222,0.4904
16,1223,0.4902
16,1224,0.4899
16,1225,0.4903
16,1226,0.4908
16,1227,0.4907
16,1228,0.4910
16,1229,0.4913
16,1230,0.4914
16,1231,0.4916
16,1232,0.4919
16,1233,0.4919
16,1234,0.4915
16,1235,0.4915
16,1236,0.4919
16,1237,0.4920
16,1238,0.4921
16,1239,0.4922
16,1240,0.4921
16,1241,0.4921
16,1242,0.4922
16,1243,0.4926
16,1244,0.4930
16,1245,0.4935
16,1246,0.4939
16,1247,0.4943
16,1248,0.4945
16,1249,0.4944
16,1250,0.4945
16,1251,0.4944
16,1252,0.4948
16,1253,0.4954
16,1254,0.4957
16,1255,0.4961
16,1256,0.4964
16,1257,0.4964
16,1258,0.4966
16,1259,0.4971
16,1260,0.4972
16,1261,0.4969
16,1262,0.4968
16,1263,0.4964
16,1264,0.4966
16,1265,0.4969
16,1266,0.4968
16,1267,0.4970
16,1268,0.4972
16,1269,0.4975
16,1270,0.4980
16,1271,0.4982
16,1272,0.4980
16,1273,0.4981
16,1274,0.4981
16,1275,0.4982
16,1276,0.4989
16,1277,0.4989
16,1278,0.4984
16,1279,0.4983
16,1280,0.4980
16,1281,0.4980
16,1282,0.4985
16,1283,0.4987
16,1284,0.4989
16,1285,0.4991
16,1286,0.4994
16,1287,0.4997
16,1288,0.5000
16,1289,0.5002
16,1290,0.5003
16,1291,0.5000
16,1292,0.5000
16,1293,0.5001
16,1294,0.5002
16,1295,0.5006
16,1296,0.5007
16,1297,0.5006
16,1298,0.5008
16,1299,0.5008
16,1300,0.5011
16,1301,0.5018
16,1302,0.5019
16,1303,0.5018
16,1304,0.5017
16,1305,0.5010
16,1306,0.5009
16,1307,0.5012
16,1308,0.5016
16,1309,0.5018
16,1310,0.5022
16,1311,0.5025
16,1312,0.5027
16,1313,0.5029
16,1314,0.5033
16,1315,0.5033
16,1316,0.5027
16,1317,0.5028
16,1318,0.5033
16,1319,0.5035
16,1320,0.5044
16,1321,0.5045
16,1322,0.5036
16,1323,0.5035
16,1324,0.5038
16,1325,0.5039
16,1326,0.5045
16,1327,0.5048
16,1328,0.5047
16,1329,0.5047
16,1330,0.5049
16,1331,0.5049
16,1332,0.5049
16,1333,0.5047
16,1334,0.5047
16,1335,0.5048
16,1336,0.5047
16,1337,0.5046
16,1338,0.5047
16,1339,0.5047
16,1340,0.5047
16,1341,0.5049
16,1342,0.5051
16,1343,0.5048
16,1344,0.5050
16,1345,0.5057
16,1346,0.5059
16,1347,0.5058
16,1348,0.5059
16,1349,0.5058
16,1350,0.5059
16,1351,0.5064
16,1352,0.5066
16,1353,0.5063
16,1354,0.5063
16,1355,0.5062
16,1356,0.5063
16,1357,0.5064
16,1358,0.5069
16,1359,0.5071
16,1360,0.5073
16,1361,0.5073
16,1362,0.5071
16,1363,0.5071
16,1364,0.5071
16,1365,0.5071
16,1366,0.5073
16,1367,0.5075
16,1368,0.5080
16,1369,0.5080
16,1370,0.5076
16,1371,0.5075
16,1372,0.5068
16,1373,0.5066
16,1374,0.5069
16,1375,0.5070
16,1376,0.5071
16,1377,0.5070
16,1378,0.5065
16,1379,0.5063
16,1380,0.5057
16,1381,0.5054
16,1382,0.5055
16,1383,0.5054
16,1384,0.5054
16,1385,0.5055
16,1386,0.5052
16,1387,0.5048
16,1388,0.5044
16,1389,0.5040
16,1390,0.5035
16,1391,0.5031
16,1392,0.5027
16,1393,0.5020
16,1394,0.5016
16,1395,0.5012
16,1396,0.5009
16,1397,0.5008
16,1398,0.5004
16,1399,0.4996
16,1400,0.4993
16,1401,0.4990
16,1402,0.4986
16,1403,0.4983
16,1404,0.4980
16,1405,0.4977
16,1406,0.4971
16,1407,0.4966
16,1408,0.4962
16,1409,0.4956
16,1410,0.4952
16,1411,0.4951
16,1412,0.4950
16,1413,0.4946
16,1414,0.4946
16,1415,0.4949
16,1416,0.4954
16,1417,0.4959
16,1418,0.4966
16,1419,0.4974
16,1420,0.4982
16,1421,0.4990
16,1422,0.4999
16,1423,0.5006
16,1424,0.5010
16,1425,0.5015
16,1426,0.5020
16,1427,0.5025
16,1428,0.5033
16,1429,0.5037
16,1430,0.5040
16,1431,0.5043
16,1432,0.5045
16,1433,0.5047
16,1434,0.5048
16,1435,0.5051
16,1436,0.5055
16,1437,0.5058
16,1438,0.5064
16,1439,0.5068
16,1440,0.5071
16,1441,0.5074
16,1442,0.5074
16,1443,0.5076
16,1444,0.5078
16,1445,0.5081
16,1446,0.5085
16,1447,0.5088
16,1448,0.5090
16,1449,0.5089
16,1450,0.5090
16,1451,0.5092
16,1452,0.5093
16,1453,0.5094
16,1454,0.5095
16,1455,0.5093
16,1456,0.5095
16,1457,0.5099
16,1458,0.5102
16,1459,0.5108
16,1460,0.5109
16,1461,0.5107
16,1462,0.5107
16,1463,0.5106
16,1464,0.5108
16,1465,0.5116
16,1466,0.5118
16,1467,0.5118
16,1468,0.5120
16,1469,0.5118
16,1470,0.5119
16,1471,0.5123
16,1472,0.5125
16,1473,0.5130
16,1474,0.5130
16,1475,0.5127
16,1476,0.5128
16,1477,0.5128
16,1478,0.5130
16,1479,0.5138
16,1480,0.5143
16,1481,0.5148
16,1482,0.5149
16,1483,0.5146
16,1484,0.5146
16,1485,0.5143
16,1486,0.5142
16,1487,0.5144
16,1488,0.5146
16,1489,0.5149
16,1490,0.5152
16,1491,0.5154
16,1492,0.5157
16,1493,0.5158
16,1494,0.5156
16,1495,0.5155
16,1496,0.5154
16,1497,0.5156
16,1498,0.5160
16,1499,0.5161
16,1500,0.5164
16,1501,0.5164
16,1502,0.5158
16,1503,0.5158
16,1504,0.5158
16,1505,0.5161
16,1506,0.5167
16,1507,0.5169
16,1508,0.5169
16,1509,0.5171
16,1510,0.5171
16,1511,0.5173
16,1512,0.5179
16,1513,0.5182
16,1514,0.5183
16,1515,0.5184
16,1516,0.5184
16,1517,0.5183
16,1518,0.5179
16,1519,0.5180
16,1520,0.5181
16,1521,0.5183
16,1522,0.5190
16,1523,0.5193
16,1524,0.5193
16,1525,0.5192
16,1526,0.5188
16,1527,0.5188
16,1528,0.5189
16,1529,0.5192
16,1530,0.5199
16,1531,0.5201
16,1532,0.5202
16,1533,0.5202
16,1534,0.5199
16,1535,0.5198
16,1536,0.5199
16,1537,0.5200
16,1538,0.5201
16,1539,0.5203
16,1540,0.5206
16,1541,0.5208
16,1542,0.5210
16,1543,0.5211
16,1544,0.5210
16,1545,0.5208
16,1546,0.5209
16,1547,0.5211
16,1548,0.5212
16,1549,0.5215
16,1550,0.5216
16,1551,0.5214
16,1552,0.5215
16,1553,0.5214
16,1554,0.5216
16,1555,0.5220
16,1556,0.5221
16,1557,0.5224
16,1558,0.5224
16,1559,0.5223
16,1560,0.5223
16,1561,0.5222
16,1562,0.5224
16,1563,0.5228
16,1564,0.5228
16,1565,0.5229
16,1566,0.5228
16,1567,0.5222
16,1568,0.5222
16,1569,0.5225
16,1570,0.5225
16,1571,0.5226
16,1572,0.5227
16,1573,0.5227
16,1574,0.5228
16,1575,0.5229
16,1576,0.5230
16,1577,0.5230
16,1578,0.5230
16,1579,0.5230
16,1580,0.5232
16,1581,0.5234
16,1582,0.5237
16,1583,0.5242
16,1584,0.5244
16,1585,0.5242
16,1586,0.5242
16,1587,0.5240
16,1588,0.5240
16,1589,0.5244
16,1590,0.5246
16,1591,0.5247
16,1592,0.5249
16,1593,0.5250
16,1594,0.5251
16,1595,0.5250
16,1596,0.5251
16,1597,0.5253
16,1598,0.5254
16,1599,0.5257
16,1600,0.5258
16,1601,0.5256
16,1602,0.5257
16,1603,0.5258
16,1604,0.5259
16,1605,0.5263
16,1606,0.5262
16,1607,0.5255
16,1608,0.5254
16,1609,0.5254
16,1610,0.5255
16,1611,0.5263
16,1612,0.5265
16,1613,0.5263
16,1614,0.5264
16,1615,0.5268
16,1616,0.5268
16,1617,0.5269
16,1618,0.5271
16,1619,0.5271
16,1620,0.5272
16,1621,0.5277
16,1622,0.5279
16,1623,0.5278
16,1624,0.5278
16,1625,0.5277
16,1626,0.5278
16,1627,0.5284
16,1628,0.5285
16,1629,0.5285
16,1630,0.5286
16,1631,0.5284
16,1632,0.5283
16,1633,0.5283
16,1634,0.5283
16,1635,0.5280
16,1636,0.5279
16,1637,0.5277
16,1638,0.5278
16,1639,0.5282
16,1640,0.5285
16,1641,0.5293
16,1642,0.5294
16,1643,0.5286
16,1644,0.5283
16,1645,0.5275
16,1646,0.5274
16,1647,0.5283
16,1648,0.5287
16,1649,0.5292
16,1650,0.5295
16,1651,0.5294
16,1652,0.5295
16,1653,0.5294
16,1654,0.5297
16,1655,0.5303
16,1656,0.5305
16,1657,0.5308
16,1658,0.5309
16,1659,0.5306
16,1660,0.5303
16,1661,0.5295
16,1662,0.5294
16,1663,0.5296
16,1664,0.5297
16,1665,0.5304
16,1666,0.5306
16,1667,0.5305
16,1668,0.5305
16,1669,0.5306
16,1670,0.5307
16,1671,0.5310
16,1672,0.5310
16,1673,0.5307
16,1674,0.5307
16,1675,0.5308
16,1676,0.5306
16,1677,0.5306
16,1678,0.5305
16,1679,0.5300
16,1680,0.5300
16,1681,0.5306
16,1682,0.5307
16,1683,0.5307
16,1684,0.5308
16,1685,0.5307
16,1686,0.5307
16,1687,0.5312
16,1688,0.5313
16,1689,0.5311
16,1690,0.5311
16,1691,0.5310
16,1692,0.5311
16,1693,0.5312
16,1694,0.5315
16,1695,0.5322
16,1696,0.5322
16,1697,0.5320
16,1698,0.5319
16,1699,0.5313
16,1700,0.5311
16,1701,0.5313
16,1702,0.5314
16,1703,0.5314
16,1704,0.5314
16,1705,0.5316
16,1706,0.5318
16,1707,0.5318
16,1708,0.5320
16,1709,0.5323
16,1710,0.5325
16,1711,0.5331
16,1712,0.5331
16,1713,0.5328
16,1714,0.5328
16,1715,0.5322
16,1716,0.5322
16,1717,0.5326
16,1718,0.5327
16,1719,0.5328
16,1720,0.5328
16,1721,0.5328
16,1722,0.5331
16,1723,0.5333
16,1724,0.5331
16,1725,0.5330
16,1726,0.5331
16,1727,0.5329
16,1728,0.5332
16,1729,0.5335
16,1730,0.5331
16,1731,0.5330
16,1732,0.5330
16,1733,0.5330
16,1734,0.5334
16,1735,0.5336
16,1736,0.5331
16,1737,0.5328
16,1738,0.5326
16,1739,0.5324
16,1740,0.5330
16,1741,0.5334
16,1742,0.5333
16,1743,0.5336
16,1744,0.5338
16,1745,0.5338
16,1746,0.5338
16,1747,0.5337
16,1748,0.5336
16,1749,0.5337
16,1750,0.5343
16,1751,0.5343
16,1752,0.5341
16,1753,0.5337
16,1754,0.5325
16,1755,0.5322
16,1756,0.5323
16,1757,0.5324
16,1758,0.5334
16,1759,0.5336
16,1760,0.5331
16,1761,0.5332
16,1762,0.5333
16,1763,0.5336
16,1764,0.5343
16,1765,0.5346
16,1766,0.5348
16,1767,0.5347
16,1768,0.5341
16,1769,0.5340
16,1770,0.5337
16,1771,0.5331
16,1772,0.5332
16,1773,0.5336
16,1774,0.5333
16,1775,0.5339
16,1776,0.5341
16,1777,0.5338
16,1778,0.5341
16,1779,0.5343
16,1780,0.5346
16,1781,0.5349
16,1782,0.5350
16,1783,0.5348
16,1784,0.5344
16,1785,0.5346
16,1786,0.5345
16,1787,0.5343
16,1788,0.5341
16,1789,0.5338
16,1790,0.5335
16,1791,0.5338
16,1792,0.5343
16,1793,0.5345
16,1794,0.5351
16,1795,0.5356
16,1796,0.5358
16,1797,0.5351
16,1798,0.5350
16,1799,0.5346
16,1800,0.5346
16,1801,0.5356
16,1802,0.5357
16,1803,0.5354
16,1804,0.5353
16,1805,0.5345
16,1806,0.5343
16,1807,0.5345
16,1808,0.5349
16,1809,0.5357
16,1810,0.5363
16,1811,0.5363
16,1812,0.5363
16,1813,0.5360
16,1814,0.5353
16,1815,0.5343
16,1816,0.5335
16,1817,0.5336
16,1818,0.5345
16,1819,0.5355
16,1820,0.5367
16,1821,0.5378
16,1822,0.5380
16,1823,0.5383
16,1824,0.5388
16,1825,0.5378
16,1826,0.5372
16,1827,0.5374
16,1828,0.5369
16,1829,0.5369
16,1830,0.5372
16,1831,0.5367
16,1832,0.5366
16,1833,0.5372
16,1834,0.5374
16,1835,0.5373
16,1836,0.5374
16,1837,0.5385
16,1838,0.5384
16,1839,0.5374
16,1840,0.5371
16,1841,0.5355
16,1842,0.5347
16,1843,0.5346
16,1844,0.5352
16,1845,0.5351
16,1846,0.5354
16,1847,0.5350
16,1848,0.5340
16,1849,0.5336
16,1850,0.5335
16,1851,0.5341
16,1852,0.5346
16,1853,0.5349
16,1854,0.5356
16,1855,0.5370
16,1856,0.5380
16,1857,0.5385
16,1858,0.5393
16,1859,0.5383
16,1860,0.5364
16,1861,0.5354
16,1862,0.5343
16,1863,0.5339
16,1864,0.5353
16,1865,0.5352
16,1866,0.5342
16,1867,0.5337
16,1868,0.5337
16,1869,0.5322
16,1870,0.5313
16,1871,0.5318
16,1872,0.5318
16,1873,0.5319
16,1874,0.5317
16,1875,0.5319
16,1876,0.5312
16,1877,0.5302
16,1878,0.5298
16,1879,0.5295
16,1880,0.5297
16,1881,0.5292
16,1882,0.5279
16,1883,0.5269
16,1884,0.5259
16,1885,0.5250
16,1886,0.5239
16,1887,0.5235
16,1888,0.5235
16,1889,0.5234
16,1890,0.5227
16,1891,0.5218
16,1892,0.5208
16,1893,0.5190
16,1894,0.5177
16,1895,0.5169
16,1896,0.5157
16,1897,0.5142
16,1898,0.5130
16,1899,0.5116
16,1900,0.5097
16,1901,0.5072
16,1902,0.5048
16,1903,0.5028
16,1904,0.5003
16,1905,0.4992
16,1906,0.4993
16,1907,0.4993
16,1908,0.4996
16,1909,0.5010
16,1910,0.5014
16,1911,0.5009
16,1912,0.5006
16,1913,0.4996
16,1914,0.4990
16,1915,0.4986
16,1916,0.4985
16,1917,0.4983
16,1918,0.4983
16,1919,0.4982
16,1920,0.4985
16,1921,0.4993
16,1922,0.4989
16,1923,0.4992
16,1924,0.4999
16,1925,0.5007
16,1926,0.5019
16,1927,0.5025
16,1928,0.5026
16,1929,0.5031
16,1930,0.5034
16,1931,0.5034
16,1932,0.5034
16,1933,0.5042
16,1934,0.5048
16,1935,0.5058
16,1936,0.5057
16,1937,0.5044
16,1938,0.5048
16,1939,0.5063
16,1940,0.5064
16,1941,0.5065
16,1942,0.5075
16,1943,0.5078
16,1944,0.5077
16,1945,0.5082
16,1946,0.5101
16,1947,0.5109
16,1948,0.5102
16,1949,0.5107
16,1950,0.5124
16,1951,0.5130
16,1952,0.5136
16,1953,0.5137
16,1954,0.5131
16,1955,0.5118
16,1956,0.5116
16,1957,0.5115
16,1958,0.5116
16,1959,0.5129
16,1960,0.5131
16,1961,0.5124
16,1962,0.5126
16,1963,0.5133
16,1964,0.5136
16,1965,0.5139
16,1966,0.5143
16,1967,0.5148
16,1968,0.5151
16,1969,0.5153
16,1970,0.5155
16,1971,0.5159
16,1972,0.5161
16,1973,0.5163
16,1974,0.5171
16,1975,0.5175
16,1976,0.5166
16,1977,0.5170
16,1978,0.5184
16,1979,0.5193
16,1980,0.5202
16,1981,0.5222
16,1982,0.5224
16,1983,0.5207
16,1984,0.5208
16,1985,0.5210
16,1986,0.5214
16,1987,0.5234
16,1988,0.5242
16,1989,0.5236
16,1990,0.5237
16,1991,0.5239
16,1992,0.5240
16,1993,0.5240
16,1994,0.5244
16,1995,0.5246
16,1996,0.5247
16,1997,0.5249
16,1998,0.5254
16,1999,0.5254
16,2000,0.5246
16,2001,0.5247
16,2002,0.5252
16,2003,0.5262
16,2004,0.5266
16,2005,0.5271
16,2006,0.5279
16,2007,0.5288
16,2008,0.5292
16,2009,0.5303
16,2010,0.5303
16,2011,0.5285
16,2012,0.5281
16,2013,0.5287
16,2014,0.5284
16,2015,0.5277
16,2016,0.5277
16,2017,0.5279
16,2018,0.5280
16,2019,0.5281
16,2020,0.5294
16,2021,0.5294
16,2022,0.5280
16,2023,0.5276
16,2024,0.5276
16,2025,0.5275
16,2026,0.5275
16,2027,0.5281
16,2028,0.5297
16,2029,0.5305
16,2030,0.5310
16,2031,0.5318
16,2032,0.5319
16,2033,0.5307
16,2034,0.5308
16,2035,0.5318
16,2036,0.5315
16,2037,0.5304
16,2038,0.5303
16,2039,0.5305
16,2040,0.5303
16,2041,0.5310
16,2042,0.5312
16,2043,0.5313
16,2044,0.5301
16,2045,0.5300
16,2046,0.5305
16,2047,0.5307
16,2048,0.5312
16,2049,0.5313
16,2050,0.5315
16,2051,0.5315
16,2052,0.5307
16,2053,0.5309
16,2054,0.5322
16,2055,0.5324
16,2056,0.5323
16,2057,0.5322
16,2058,0.5323
16,2059,0.5314
16,2060,0.5316
16,2061,0.5332
16,2062,0.5335
16,2063,0.5334
16,2064,0.5333
16,2065,0.5319
16,2066,0.5319
16,2067,0.5330
16,2068,0.5333
16,2069,0.5343
16,2070,0.5346
16,2071,0.5344
16,2072,0.5329
16,2073,0.5328
16,2074,0.5335
16,2075,0.5329
16,2076,0.5319
16,2077,0.5316
16,2078,0.5309
16,2079,0.5304
16,2080,0.5305
16,2081,0.5308
16,2082,0.5308
16,2083,0.5311
16,2084,0.5325
16,2085,0.5338
16,2086,0.5340
16,2087,0.5334
16,2088,0.5333
16,2089,0.5329
16,2090,0.5324
16,2091,0.5316
16,2092,0.5312
16,2093,0.5305
16,2094,0.5305
16,2095,0.5315
16,2096,0.5319
16,2097,0.5323
16,2098,0.5324
16,2099,0.5322
16,2100,0.5321
16,2101,0.5320
16,2102,0.5317
16,2103,0.5314
16,2104,0.5307
16,2105,0.5303
16,2106,0.5296
16,2107,0.5293
16,2108,0.5292
16,2109,0.5295
16,2110,0.5302
16,2111,0.5307
16,2112,0.5319
16,2113,0.5328
16,2114,0.5337
16,2115,0.5342
16,2116,0.5354
16,2117,0.5348
16,2118,0.5343
16,2119,0.5331
16,2120,0.5324
16,2121,0.5305
16,2122,0.5307
16,2123,0.5327
16,2124,0.5331
16,2125,0.5340
16,2126,0.5342
16,2127,0.5329
16,2128,0.5322
16,2129,0.5310
16,2130,0.5310
16,2131,0.5320
16,2132,0.5322
16,2133,0.5323
16,2134,0.5340
16,2135,0.5339
16,2136,0.5323
16,2137,0.5322
16,2138,0.5327
16,2139,0.5328
16,2140,0.5334
16,2141,0.5331
16,2142,0.5314
16,2143,0.5309
16,2144,0.5310
16,2145,0.5308
16,2146,0.5317
16,2147,0.5315
16,2148,0.5294
16,2149,0.5286
16,2150,0.5279
16,2151,0.5278
16,2152,0.5277
16,2153,0.5288
16,2154,0.5282
16,2155,0.5264
16,2156,0.5259
16,2157,0.5247
16,2158,0.5255
16,2159,0.5295
16,2160,0.5302
16,2161,0.5306
16,2162,0.5302
16,2163,0.5266
16,2164,0.5256
16,2165,0.5266
16,2166,0.5266
16,2167,0.5269
16,2168,0.5269
16,2169,0.5262
16,2170,0.5258
16,2171,0.5254
16,2172,0.5254
16,2173,0.5251
16,2174,0.5244
16,2175,0.5241
16,2176,0.5244
16,2177,0.5241
16,2178,0.5237
16,2179,0.5233
16,2180,0.5230
16,2181,0.5217
16,2182,0.5191
16,2183,0.5178
16,2184,0.5159
16,2185,0.5148
16,2186,0.5152
16,2187,0.5157
16,2188,0.5179
16,2189,0.5180
16,2190,0.5170
16,2191,0.5162
16,2192,0.5151
16,2193,0.5124
16,2194,0.5105
16,2195,0.5095
16,2196,0.5078
16,2197,0.5049
16,2198,0.5034
16,2199,0.5027
16,2200,0.5021
16,2201,0.5018
16,2202,0.5020
16,2203,0.5033
16,2204,0.5039
16,2205,0.5051
16,2206,0.5055
16,2207,0.5038
16,2208,0.5041
16,2209,0.5057
16,2210,0.5064
16,2211,0.5072
16,2212,0.5095
16,2213,0.5106
16,2214,0.5108
16,2215,0.5112
16,2216,0.5117
16,2217,0.5122
16,2218,0.5121
16,2219,0.5124
16,2220,0.5129
16,2221,0.5141
16,2222,0.5158
16,2223,0.5168
16,2224,0.5192
16,2225,0.5196
16,2226,0.5171
16,2227,0.5168
16,2228,0.5172
16,2229,0.5166
16,2230,0.5166
16,2231,0.5165
16,2232,0.5148
16,2233,0.5143
16,2234,0.5160
16,2235,0.5164
16,2236,0.5163
16,2237,0.5160
16,2238,0.5151
16,2239,0.5126
16,2240,0.5122
16,2241,0.5118
16,2242,0.5124
16,2243,0.5151
16,2244,0.5156
16,2245,0.5154
16,2246,0.5158
16,2247,0.5155
16,2248,0.5151
16,2249,0.5154
16,2250,0.5146
16,2251,0.5108
16,2252,0.5106
16,2253,0.5133
16,2254,0.5138
16,2255,0.5157
16,2256,0.5164
16,2257,0.5136
16,2258,0.5127
16,2259,0.5125
16,2260,0.5131
16,2261,0.5154
16,2262,0.5170
16,2263,0.5168
16,2264,0.5158
16,2265,0.5161
16,2266,0.5152
16,2267,0.5148
16,2268,0.5163
16,2269,0.5158
16,2270,0.5119
16,2271,0.5125
16,2272,0.5160
16,2273,0.5168
16,2274,0.5179
16,2275,0.5193
16,2276,0.5198
16,2277,0.5192
16,2278,0.5192
16,2279,0.5182
16,2280,0.5138
16,2281,0.5119
16,2282,0.5118
16,2283,0.5110
16,2284,0.5096
16,2285,0.5095
16,2286,0.5112
16,2287,0.5112
16,2288,0.5112
16,2289,0.5115
16,2290,0.5088
16,2291,0.5086
16,2292,0.5115
16,2293,0.5132
16,2294,0.5152
16,2295,0.5189
16,2296,0.5200
16,2297,0.5195
16,2298,0.5194
16,2299,0.5183
16,2300,0.5184
16,2301,0.5193
16,2302,0.5188
16,2303,0.5173
16,2304,0.5171
16,2305,0.5164
16,2306,0.5164
16,2307,0.5193
16,2308,0.5185
16,2309,0.5143
16,2310,0.5132
16,2311,0.5118
16,2312,0.5107
16,2313,0.5113
16,2314,0.5124
16,2315,0.5139
16,2316,0.5143
16,2317,0.5152
16,2318,0.5161
16,2319,0.5142
16,2320,0.5148
16,2321,0.5193
16,2322,0.5207
16,2323,0.5216
16,2324,0.5214
16,2325,0.5182
16,2326,0.5166
16,2327,0.5164
16,2328,0.5145
16,2329,0.5110
16,2330,0.5095
16,2331,0.5096
16,2332,0.5072
16,2333,0.5045
16,2334,0.5016
16,2335,0.5027
16,2336,0.5038
16,2337,0.5041
16,2338,0.5094
16,2339,0.5086
16,2340,0.5009
16,2341,0.5003
16,2342,0.5021
16,2343,0.5039
16,2344,0.5093
16,2345,0.5099
16,2346,0.5088
16,2347,0.5074
16,2348,0.5017
16,2349,0.5015
16,2350,0.5038
16,2351,0.5059
16,2352,0.5124
16,2353,0.5142
16,2354,0.5141
16,2355,0.5133
16,2356,0.5080
16,2357,0.5079
16,2358,0.5109
16,2359,0.5106
16,2360,0.5112
16,2361,0.5112
16,2362,0.5071
16,2363,0.5066
16,2364,0.5085
16,2365,0.5109
16,2366,0.5180
16,2367,0.5183
16,2368,0.5150
16,2369,0.5129
16,2370,0.5045
16,2371,0.5007
16,2372,0.5013
16,2373,0.5009
16,2374,0.5007
16,2375,0.5014
16,2376,0.5037
16,2377,0.5055
16,2378,0.5082
16,2379,0.5100
16,2380,0.5117
16,2381,0.5127
16,2382,0.5135
16,2383,0.5130
16,2384,0.5106
16,2385,0.5093
16,2386,0.5087
16,2387,0.5058
16,2388,0.4996
16,2389,0.4979
16,2390,0.4966
16,2391,0.4964
16,2392,0.5038
16,2393,0.5059
16,2394,0.5020
16,2395,0.5017
16,2396,0.5017
16,2397,0.5013
16,2398,0.5028
16,2399,0.5045
16,2400,0.5081
17,400,0.3832
17,401,0.3944
17,402,0.3936
17,403,0.3843
17,404,0.3858
17,405,0.3908
17,406,0.3909
17,407,0.3888
17,408,0.3911
17,409,0.3957
17,410,0.3969
17,411,0.3961
17,412,0.3944
17,413,0.3926
17,414,0.3911
17,415,0.3943
17,416,0.3993
17,417,0.4025
17,418,0.4043
17,419,0.4060
17,420,0.4069
17,421,0.4058
17,422,0.4101
17,423,0.4117
17,424,0.4086
17,425,0.4134
17,426,0.4146
17,427,0.4129
17,428,0.4126
17,429,0.4174
17,430,0.4170
17,431,0.4125
17,432,0.4157
17,433,0.4190
17,434,0.4196
17,435,0.4173
17,436,0.4159
17,437,0.4193
17,438,0.4234
17,439,0.4221
17,440,0.4228
17,441,0.4237
17,442,0.4237
17,443,0.4243
17,444,0.4272
17,445,0.4281
17,446,0.4248
17,447,0.4286
17,448,0.4312
17,449,0.4308
17,450,0.4306
17,451,0.4323
17,452,0.4341
17,453,0.4343
17,454,0.4322
17,455,0.4332
17,456,0.4346
17,457,0.4324
17,458,0.4335
17,459,0.4363
17,460,0.4382
17,461,0.4371
17,462,0.4376
17,463,0.4389
17,464,0.4396
17,465,0.4398
17,466,0.4410
17,467,0.4429
17,468,0.4438
17,469,0.4434
17,470,0.4430
17,471,0.4437
17,472,0.4463
17,473,0.4476
17,474,0.4478
17,475,0.4482
17,476,0.4483
17,477,0.4487
17,478,0.4496
17,479,0.4507
17,480,0.4516
17,481,0.4520
17,482,0.4519
17,483,0.4527
17,484,0.4545
17,485,0.4555
17,486,0.4534
17,487,0.4542
17,488,0.4557
17,489,0.4566
17,490,0.4591
17,491,0.4591
17,492,0.4585
17,493,0.4598
17,494,0.4614
17,495,0.4621
17,496,0.4621
17,497,0.4630
17,498,0.4649
17,499,0.4660
17,500,0.4655
17,501,0.4661
17,502,0.4667
17,503,0.4675
17,504,0.4691
17,505,0.4691
17,506,0.4700
17,507,0.4722
17,508,0.4729
17,509,0.4730
17,510,0.4731
17,511,0.4738
17,512,0.4750
17,513,0.4752
17,514,0.4752
17,515,0.4783
17,516,0.4786
17,517,0.4781
17,518,0.4790
17,519,0.4807
17,520,0.4821
17,521,0.4829
17,522,0.4835
17,523,0.4834
17,524,0.4841
17,525,0.4858
17,526,0.4867
17,527,0.4874
17,528,0.4881
17,529,0.4888
17,530,0.4887
17,531,0.4899
17,532,0.4919
17,533,0.4923
17,534,0.4927
17,535,0.4935
17,536,0.4945
17,537,0.4947
17,538,0.4953
17,539,0.4964
17,540,0.4975
17,541,0.4981
17,542,0.4987
17,543,0.4994
17,544,0.5001
17,545,0.5005
17,546,0.5011
17,547,0.5021
17,548,0.5036
17,549,0.5046
17,550,0.5050
17,551,0.5053
17,552,0.5058
17,553,0.5063
17,554,0.5067
17,555,0.5077
17,556,0.5088
17,557,0.5096
17,558,0.5100
17,559,0.5106
17,560,0.5113
17,561,0.5120
17,562,0.5125
17,563,0.5132
17,564,0.5139
17,565,0.5142
17,566,0.5152
17,567,0.5162
17,568,0.5167
17,569,0.5168
17,570,0.5176
17,571,0.5186
17,572,0.5191
17,573,0.5191
17,574,0.5199
17,575,0.5211
17,576,0.5215
17,577,0.5218
17,578,0.5221
17,579,0.5226
17,580,0.5236
17,581,0.5240
17,582,0.5244
17,583,0.5251
17,584,0.5251
17,585,0.5256
17,586,0.5264
17,587,0.5269
17,588,0.5274
17,589,0.5279
17,590,0.5283
17,591,0.5293
17,592,0.5297
17,593,0.5299
17,594,0.5307
17,595,0.5310
17,596,0.5311
17,597,0.5314
17,598,0.5317
17,599,0.5320
17,600,0.5325
17,601,0.5332
17,602,0.5339
17,603,0.5341
17,604,0.5343
17,605,0.5352
17,606,0.5354
17,607,0.5353
17,608,0.5356
17,609,0.5366
17,610,0.5368
17,611,0.5368
17,612,0.5372
17,613,0.5376
17,614,0.5382
17,615,0.5389
17,616,0.5392
17,617,0.5392
17,618,0.5394
17,619,0.5398
17,620,0.5405
17,621,0.5407
17,622,0.5407
17,623,0.5411
17,624,0.5411
17,625,0.5412
17,626,0.5418
17,627,0.5425
17,628,0.5429
17,629,0.5432
17,630,0.5433
17,631,0.5438
17,632,0.5444
17,633,0.5447
17,634,0.5450
17,635,0.5454
17,636,0.5459
17,637,0.5463
17,638,0.5468
17,639,0.5468
17,640,0.5468
17,641,0.5474
17,642,0.5479
17,643,0.5483
17,644,0.5487
17,645,0.5491
17,646,0.5491
17,647,0.5491
17,648,0.5497
17,649,0.5502
17,650,0.5507
17,651,0.5510
17,652,0.5513
17,653,0.5514
17,654,0.5517
17,655,0.5523
17,656,0.5530
17,657,0.5531
17,658,0.5531
17,659,0.5536
17,660,0.5539
17,661,0.5545
17,662,0.5551
17,663,0.5552
17,664,0.5550
17,665,0.5555
17,666,0.5566
17,667,0.5569
17,668,0.5568
17,669,0.5568
17,670,0.5574
17,671,0.5582
17,672,0.5588
17,673,0.5592
17,674,0.5595
17,675,0.5598
17,676,0.5602
17,677,0.5607
17,678,0.5611
17,679,0.5619
17,680,0.5626
17,681,0.5624
17,682,0.5629
17,683,0.5633
17,684,0.5635
17,685,0.5642
17,686,0.5647
17,687,0.5651
17,688,0.5655
17,689,0.5660
17,690,0.5662
17,691,0.5665
17,692,0.5672
17,693,0.5677
17,694,0.5681
17,695,0.5686
17,696,0.5691
17,697,0.5695
17,698,0.5699
17,699,0.5703
17,700,0.5707
17,701,0.5710
17,702,0.5715
17,703,0.5722
17,704,0.5727
17,705,0.5730
17,706,0.5733
17,707,0.5738
17,708,0.5744
17,709,0.5749
17,710,0.5754
17,711,0.5758
17,712,0.5765
17,713,0.5772
17,714,0.5776
17,715,0.5778
17,716,0.5783
17,717,0.5789
17,718,0.5792
17,719,0.5797
17,720,0.5802
17,721,0.5805
17,722,0.5809
17,723,0.5813
17,724,0.5819
17,725,0.5826
17,726,0.5828
17,727,0.5834
17,728,0.5843
17,729,0.5849
17,730,0.5852
17,731,0.5853
17,732,0.5855
17,733,0.5858
17,734,0.5865
17,735,0.5869
17,736,0.5869
17,737,0.5877
17,738,0.5885
17,739,0.5890
17,740,0.5895
17,741,0.5900
17,742,0.5905
17,743,0.5909
17,744,0.5919
17,745,0.5922
17,746,0.5922
17,747,0.5926
17,748,0.5936
17,749,0.5943
17,750,0.5946
17,751,0.5950
17,752,0.5952
17,753,0.5955
17,754,0.5959
17,755,0.5965
17,756,0.5974
17,757,0.5981
17,758,0.5984
17,759,0.5989
17,760,0.5994
17,761,0.5998
17,762,0.6001
17,763,0.6006
17,764,0.6013
17,765,0.6021
17,766,0.6023
17,767,0.6024
17,768,0.6029
17,769,0.6038
17,770,0.6041
17,771,0.6048
17,772,0.6053
17,773,0.6053
17,774,0.6059
17,775,0.6065
17,776,0.6069
17,777,0.6074
17,778,0.6081
17,779,0.6083
17,780,0.6083
17,781,0.6090
17,782,0.6099
17,783,0.6105
17,784,0.6107
17,785,0.6109
17,786,0.6112
17,787,0.6119
17,788,0.6125
17,789,0.6125
17,790,0.6129
17,791,0.6137
17,792,0.6139
17,793,0.6140
17,794,0.6145
17,795,0.6153
17,796,0.6160
17,797,0.6165
17,798,0.6168
17,799,0.6171
17,800,0.6178
17,801,0.6181
17,802,0.6185
17,803,0.6192
17,804,0.6195
17,805,0.6199
17,806,0.6206
17,807,0.6214
17,808,0.6216
17,809,0.6219
17,810,0.6223
17,811,0.6229
17,812,0.6235
17,813,0.6238
17,814,0.6240
17,815,0.6246
17,816,0.6251
17,817,0.6254
17,818,0.6258
17,819,0.6262
17,820,0.6267
17,821,0.6270
17,822,0.6268
17,823,0.6276
17,824,0.6283
17,825,0.6286
17,826,0.6290
17,827,0.6290
17,828,0.6293
17,829,0.6300
17,830,0.6304
17,831,0.6309
17,832,0.6313
17,833,0.6314
17,834,0.6317
17,835,0.6323
17,836,0.6328
17,837,0.6329
17,838,0.6336
17,839,0.6341
17,840,0.6346
17,841,0.6352
17,842,0.6356
17,843,0.6359
17,844,0.6367
17,845,0.6374
17,846,0.6376
17,847,0.6376
17,848,0.6378
17,849,0.6386
17,850,0.6391
17,851,0.6392
17,852,0.6393
17,853,0.6405
17,854,0.6407
17,855,0.6407
17,856,0.6410
17,857,0.6419
17,858,0.6419
17,859,0.6421
17,860,0.6432
17,861,0.6429
17,862,0.6432
17,863,0.6439
17,864,0.6445
17,865,0.6445
17,866,0.6448
17,867,0.6455
17,868,0.6465
17,869,0.6467
17,870,0.6469
17,871,0.6474
17,872,0.6478
17,873,0.6481
17,874,0.6480
17,875,0.6480
17,876,0.6494
17,877,0.6492
17,878,0.6491
17,879,0.6499
17,880,0.6507
17,881,0.6512
17,882,0.6515
17,883,0.6517
17,884,0.6522
17,885,0.6520
17,886,0.6523
17,887,0.6535
17,888,0.6538
17,889,0.6536
17,890,0.6537
17,891,0.6546
17,892,0.6553
17,893,0.6562
17,894,0.6568
17,895,0.6565
17,896,0.6567
17,897,0.6572
17,898,0.6574
17,899,0.6568
17,900,0.6580
17,901,0.6584
17,902,0.6585
17,903,0.6594
17,904,0.6602
17,905,0.6603
17,906,0.6601
17,907,0.6609
17,908,0.6610
17,909,0.6608
17,910,0.6610
17,911,0.6622
17,912,0.6625
17,913,0.6624
17,914,0.6626
17,915,0.6635
17,916,0.6637
17,917,0.6637
17,918,0.6638
17,919,0.6642
17,920,0.6653
17,921,0.6653
17,922,0.6647
17,923,0.6661
17,924,0.6671
17,925,0.6669
17,926,0.6664
17,927,0.6674
17,928,0.6686
17,929,0.6682
17,930,0.6670
17,931,0.6687
17,932,0.6691
17,933,0.6690
17,934,0.6694
17,935,0.6704
17,936,0.6697
17,937,0.6692
17,938,0.6698
17,939,0.6702
17,940,0.6713
17,941,0.6722
17,942,0.6721
17,943,0.6719
17,944,0.6723
17,945,0.6730
17,946,0.6733
17,947,0.6729
17,948,0.6742
17,949,0.6741
17,950,0.6729
17,951,0.6747
17,952,0.6750
17,953,0.6753
17,954,0.6758
17,955,0.6742
17,956,0.6746
17,957,0.6759
17,958,0.6767
17,959,0.6764
17,960,0.6768
17,961,0.6774
17,962,0.6776
17,963,0.6774
17,964,0.6784
17,965,0.6788
17,966,0.6779
17,967,0.6770
17,968,0.6782
17,969,0.6795
17,970,0.6799
17,971,0.6796
17,972,0.6795
17,973,0.6794
17,974,0.6797
17,975,0.6807
17,976,0.6821
17,977,0.6815
17,978,0.6809
17,979,0.6829
17,980,0.6826
17,981,0.6829
17,982,0.6836
17,983,0.6839
17,984,0.6856
17,985,0.6853
17,986,0.6849
17,987,0.6858
17,988,0.6843
17,989,0.6829
17,990,0.6825
17,991,0.6841
17,992,0.6889
17,993,0.6869
17,994,0.6846
17,995,0.6863
17,996,0.6855
17,997,0.6880
17,998,0.6888
17,999,0.6870
17,1000,0.6878
17,1001,0.6868
17,1002,0.6873
17,1003,0.6890
17,1004,0.6900
17,1005,0.6895
17,1006,0.6878
17,1007,0.6860
17,1008,0.6859
17,1009,0.6863
17,1010,0.6869
17,1011,0.6887
17,1012,0.6904
17,1013,0.6905
17,1014,0.6901
17,1015,0.6908
17,1016,0.6905
17,1017,0.6901
17,1018,0.6914
17,1019,0.6918
17,1020,0.6931
17,1021,0.6945
17,1022,0.6944
17,1023,0.6948
17,1024,0.6951
17,1025,0.6950
17,1026,0.6950
17,1027,0.6955
17,1028,0.6951
17,1029,0.6945
17,1030,0.6937
17,1031,0.6939
17,1032,0.6947
17,1033,0.6951
17,1034,0.6957
17,1035,0.6957
17,1036,0.6944
17,1037,0.6935
17,1038,0.6938
17,1039,0.6950
17,1040,0.6961
17,1041,0.6962
17,1042,0.6968
17,1043,0.6970
17,1044,0.6964
17,1045,0.6975
17,1046,0.6990
17,1047,0.6990
17,1048,0.6990
17,1049,0.6994
17,1050,0.6991
17,1051,0.6995
17,1052,0.6998
17,1053,0.7004
17,1054,0.7000
17,1055,0.7003
17,1056,0.6997
17,1057,0.6985
17,1058,0.6995
17,1059,0.6996
17,1060,0.6994
17,1061,0.7006
17,1062,0.7008
17,1063,0.7008
17,1064,0.7016
17,1065,0.7025
17,1066,0.7032
17,1067,0.7034
17,1068,0.7034
17,1069,0.7029
17,1070,0.7028
17,1071,0.7027
17,1072,0.7032
17,1073,0.7043
17,1074,0.7047
17,1075,0.7049
17,1076,0.7050
17,1077,0.7048
17,1078,0.7041
17,1079,0.7036
17,1080,0.7042
17,1081,0.7043
17,1082,0.7041
17,1083,0.7042
17,1084,0.7043
17,1085,0.7038
17,1086,0.7032
17,1087,0.7039
17,1088,0.7042
17,1089,0.7052
17,1090,0.7069
17,1091,0.7074
17,1092,0.7074
17,1093,0.7073
17,1094,0.7074
17,1095,0.7078
17,1096,0.7083
17,1097,0.7081
17,1098,0.7064
17,1099,0.7061
17,1100,0.7059
17,1101,0.7064
17,1102,0.7075
17,1103,0.7081
17,1104,0.7077
17,1105,0.7078
17,1106,0.7076
17,1107,0.7075
17,1108,0.7079
17,1109,0.7078
17,1110,0.7078
17,1111,0.7074
17,1112,0.7073
17,1113,0.7073
17,1114,0.7074
17,1115,0.7080
17,1116,0.7082
17,1117,0.7083
17,1118,0.7081
17,1119,0.7076
17,1120,0.7069
17,1121,0.7066
17,1122,0.7075
17,1123,0.7086
17,1124,0.7096
17,1125,0.7099
17,1126,0.7096
17,1127,0.7098
17,1128,0.7097
17,1129,0.7098
17,1130,0.7105
17,1131,0.7108
17,1132,0.7107
17,1133,0.7109
17,1134,0.7112
17,1135,0.7111
17,1136,0.7117
17,1137,0.7120
17,1138,0.7117
17,1139,0.7116
17,1140,0.7109
17,1141,0.7104
17,1142,0.7104
17,1143,0.7107
17,1144,0.7106
17,1145,0.7107
17,1146,0.7108
17,1147,0.7109
17,1148,0.7111
17,1149,0.7117
17,1150,0.7118
17,1151,0.7114
17,1152,0.7114
17,1153,0.7116
17,1154,0.7115
17,1155,0.7117
17,1156,0.7119
17,1157,0.7123
17,1158,0.7127
17,1159,0.7128
17,1160,0.7127
17,1161,0.7130
17,1162,0.7130
17,1163,0.7131
17,1164,0.7137
17,1165,0.7140
17,1166,0.7142
17,1167,0.7143
17,1168,0.7145
17,1169,0.7144
17,1170,0.7145
17,1171,0.7145
17,1172,0.7145
17,1173,0.7147
17,1174,0.7145
17,1175,0.7142
17,1176,0.7142
17,1177,0.7145
17,1178,0.7146
17,1179,0.7152
17,1180,0.7154
17,1181,0.7152
17,1182,0.7152
17,1183,0.7150
17,1184,0.7149
17,1185,0.7151
17,1186,0.7152
17,1187,0.7152
17,1188,0.7154
17,1189,0.7155
17,1190,0.7156
17,1191,0.7161
17,1192,0.7161
17,1193,0.7161
17,1194,0.7159
17,1195,0.7163
17,1196,0.7169
17,1197,0.7172
17,1198,0.7176
17,1199,0.7178
17,1200,0.7174
17,1201,0.7174
17,1202,0.7177
17,1203,0.7178
17,1204,0.7176
17,1205,0.7174
17,1206,0.7176
17,1207,0.7175
17,1208,0.7172
17,1209,0.7175
17,1210,0.7177
17,1211,0.7178
17,1212,0.7181
17,1213,0.7186
17,1214,0.7188
17,1215,0.7187
17,1216,0.7188
17,1217,0.7188
17,1218,0.7191
17,1219,0.7194
17,1220,0.7195
17,1221,0.7196
17,1222,0.7197
17,1223,0.7198
17,1224,0.7198
17,1225,0.7199
17,1226,0.7200
17,1227,0.7197
17,1228,0.7198
17,1229,0.7198
17,1230,0.7199
17,1231,0.7200
17,1232,0.7201
17,1233,0.7202
17,1234,0.7203
17,1235,0.7203
17,1236,0.7200
17,1237,0.7199
17,1238,0.7196
17,1239,0.7198
17,1240,0.7207
17,1241,0.7209
17,1242,0.7209
17,1243,0.7211
17,1244,0.7209
17,1245,0.7204
17,1246,0.7202
17,1247,0.7201
17,1248,0.7202
17,1249,0.7204
17,1250,0.7208
17,1251,0.7216
17,1252,0.7219
17,1253,0.7219
17,1254,0.7221
17,1255,0.7220
17,1256,0.7223
17,1257,0.7230
17,1258,0.7234
17,1259,0.7240
17,1260,0.7243
17,1261,0.7243
17,1262,0.7243
17,1263,0.7239
17,1264,0.7236
17,1265,0.7232
17,1266,0.7229
17,1267,0.7229
17,1268,0.7234
17,1269,0.7234
17,1270,0.7236
17,1271,0.7238
17,1272,0.7237
17,1273,0.7239
17,1274,0.7246
17,1275,0.7248
17,1276,0.7249
17,1277,0.7249
17,1278,0.7245
17,1279,0.7244
17,1280,0.7244
17,1281,0.7245
17,1282,0.7249
17,1283,0.7250
17,1284,0.7250
17,1285,0.7245
17,1286,0.7237
17,1287,0.7236
17,1288,0.7235
17,1289,0.7237
17,1290,0.7238
17,1291,0.7242
17,1292,0.7243
17,1293,0.7239
17,1294,0.7242
17,1295,0.7246
17,1296,0.7249
17,1297,0.7255
17,1298,0.7257
17,1299,0.7256
17,1300,0.7255
17,1301,0.7247
17,1302,0.7247
17,1303,0.7251
17,1304,0.7250
17,1305,0.7251
17,1306,0.7253
17,1307,0.7249
17,1308,0.7251
17,1309,0.7255
17,1310,0.7265
17,1311,0.7267
17,1312,0.7267
17,1313,0.7267
17,1314,0.7264
17,1315,0.7262
17,1316,0.7260
17,1317,0.7257
17,1318,0.7248
17,1319,0.7247
17,1320,0.7250
17,1321,0.7250
17,1322,0.7254
17,1323,0.7254
17,1324,0.7250
17,1325,0.7248
17,1326,0.7243
17,1327,0.7243
17,1328,0.7246
17,1329,0.7247
17,1330,0.7252
17,1331,0.7254
17,1332,0.7255
17,1333,0.7251
17,1334,0.7252
17,1335,0.7257
17,1336,0.7258
17,1337,0.7260
17,1338,0.7260
17,1339,0.7258
17,1340,0.7257
17,1341,0.7256
17,1342,0.7254
17,1343,0.7248
17,1344,0.7249
17,1345,0.7256
17,1346,0.7256
17,1347,0.7257
17,1348,0.7257
17,1349,0.7254
17,1350,0.7253
17,1351,0.7257
17,1352,0.7256
17,1353,0.7253
17,1354,0.7250
17,1355,0.7246
17,1356,0.7243
17,1357,0.7241
17,1358,0.7239
17,1359,0.7238
17,1360,0.7242
17,1361,0.7240
17,1362,0.7236
17,1363,0.7236
17,1364,0.7235
17,1365,0.7234
17,1366,0.7242
17,1367,0.7237
17,1368,0.7223
17,1369,0.7217
17,1370,0.7207
17,1371,0.7202
17,1372,0.7203
17,1373,0.7201
17,1374,0.7199
17,1375,0.7193
17,1376,0.7185
17,1377,0.7175
17,1378,0.7157
17,1379,0.7145
17,1380,0.7137
17,1381,0.7127
17,1382,0.7123
17,1383,0.7114
17,1384,0.7103
17,1385,0.7086
17,1386,0.7076
17,1387,0.7063
17,1388,0.7057
17,1389,0.7057
17,1390,0.7054
17,1391,0.7053
17,1392,0.7047
17,1393,0.7038
17,1394,0.7032
17,1395,0.7025
17,1396,0.7019
17,1397,0.7017
17,1398,0.7014
17,1399,0.7013
17,1400,0.7010
17,1401,0.7007
17,1402,0.7002
17,1403,0.6995
17,1404,0.6988
17,1405,0.6983
17,1406,0.6974
17,1407,0.6959
17,1408,0.6948
17,1409,0.6932
17,1410,0.6923
17,1411,0.6920
17,1412,0.6919
17,1413,0.6923
17,1414,0.6929
17,1415,0.6938
17,1416,0.6950
17,1417,0.6964
17,1418,0.6980
17,1419,0.6996
17,1420,0.7014
17,1421,0.7030
17,1422,0.7046
17,1423,0.7059
17,1424,0.7071
17,1425,0.7081
17,1426,0.7088
17,1427,0.7095
17,1428,0.7100
17,1429,0.7106
17,1430,0.7111
17,1431,0.7117
17,1432,0.7128
17,1433,0.7133
17,1434,0.7133
17,1435,0.7136
17,1436,0.7138
17,1437,0.7140
17,1438,0.7144
17,1439,0.7148
17,1440,0.7151
17,1441,0.7153
17,1442,0.7156
17,1443,0.7159
17,1444,0.7159
17,1445,0.7160
17,1446,0.7160
17,1447,0.7161
17,1448,0.7164
17,1449,0.7167
17,1450,0.7169
17,1451,0.7173
17,1452,0.7176
17,1453,0.7178
17,1454,0.7179
17,1455,0.7180
17,1456,0.7179
17,1457,0.7175
17,1458,0.7176
17,1459,0.7178
17,1460,0.7180
17,1461,0.7183
17,1462,0.7186
17,1463,0.7190
17,1464,0.7192
17,1465,0.7194
17,1466,0.7196
17,1467,0.7195
17,1468,0.7199
17,1469,0.7208
17,1470,0.7211
17,1471,0.7217
17,1472,0.7219
17,1473,0.7213
17,1474,0.7213
17,1475,0.7213
17,1476,0.7215
17,1477,0.7219
17,1478,0.7222
17,1479,0.7225
17,1480,0.7228
17,1481,0.7233
17,1482,0.7235
17,1483,0.7234
17,1484,0.7236
17,1485,0.7237
17,1486,0.7239
17,1487,0.7243
17,1488,0.7246
17,1489,0.7249
17,1490,0.7250
17,1491,0.7252
17,1492,0.7253
17,1493,0.7255
17,1494,0.7256
17,1495,0.7258
17,1496,0.7261
17,1497,0.7263
17,1498,0.7266
17,1499,0.7268
17,1500,0.7272
17,1501,0.7273
17,1502,0.7273
17,1503,0.7274
17,1504,0.7277
17,1505,0.7279
17,1506,0.7280
17,1507,0.7282
17,1508,0.7281
17,1509,0.7283
17,1510,0.7287
17,1511,0.7289
17,1512,0.7292
17,1513,0.7294
17,1514,0.7294
17,1515,0.7296
17,1516,0.7298
17,1517,0.7300
17,1518,0.7303
17,1519,0.7305
17,1520,0.7306
17,1521,0.7307
17,1522,0.7309
17,1523,0.7310
17,1524,0.7312
17,1525,0.7314
17,1526,0.7314
17,1527,0.7315
17,1528,0.7317
17,1529,0.7319
17,1530,0.7320
17,1531,0.7321
17,1532,0.7322
17,1533,0.7323
17,1534,0.7326
17,1535,0.7327
17,1536,0.7329
17,1537,0.7330
17,1538,0.7328
17,1539,0.7328
17,1540,0.7331
17,1541,0.7333
17,1542,0.7335
17,1543,0.7341
17,1544,0.7347
17,1545,0.7348
17,1546,0.7348
17,1547,0.7346
17,1548,0.7346
17,1549,0.7342
17,1550,0.7343
17,1551,0.7348
17,1552,0.7349
17,1553,0.7350
17,1554,0.7349
17,1555,0.7348
17,1556,0.7347
17,1557,0.7343
17,1558,0.7344
17,1559,0.7348
17,1560,0.7353
17,1561,0.7364
17,1562,0.7366
17,1563,0.7364
17,1564,0.7366
17,1565,0.7365
17,1566,0.7366
17,1567,0.7371
17,1568,0.7372
17,1569,0.7369
17,1570,0.7367
17,1571,0.7363
17,1572,0.7360
17,1573,0.7356
17,1574,0.7356
17,1575,0.7359
17,1576,0.7362
17,1577,0.7370
17,1578,0.7371
17,1579,0.7368
17,1580,0.7369
17,1581,0.7365
17,1582,0.7366
17,1583,0.7372
17,1584,0.7374
17,1585,0.7376
17,1586,0.7376
17,1587,0.7372
17,1588,0.7371
17,1589,0.7372
17,1590,0.7372
17,1591,0.7373
17,1592,0.7375
17,1593,0.7376
17,1594,0.7379
17,1595,0.7385
17,1596,0.7388
17,1597,0.7389
17,1598,0.7390
17,1599,0.7392
17,1600,0.7393
17,1601,0.7393
17,1602,0.7394
17,1603,0.7396
17,1604,0.7394
17,1605,0.7389
17,1606,0.7388
17,1607,0.7385
17,1608,0.7385
17,1609,0.7390
17,1610,0.7393
17,1611,0.7396
17,1612,0.7399
17,1613,0.7407
17,1614,0.7406
17,1615,0.7396
17,1616,0.7393
17,1617,0.7388
17,1618,0.7387
17,1619,0.7396
17,1620,0.7399
17,1621,0.7399
17,1622,0.7400
17,1623,0.7401
17,1624,0.7401
17,1625,0.7399
17,1626,0.7400
17,1627,0.7405
17,1628,0.7406
17,1629,0.7408
17,1630,0.7409
17,1631,0.7405
17,1632,0.7405
17,1633,0.7410
17,1634,0.7411
17,1635,0.7409
17,1636,0.7408
17,1637,0.7404
17,1638,0.7404
17,1639,0.7407
17,1640,0.7409
17,1641,0.7412
17,1642,0.7414
17,1643,0.7416
17,1644,0.7417
17,1645,0.7415
17,1646,0.7415
17,1647,0.7415
17,1648,0.7414
17,1649,0.7415
17,1650,0.7413
17,1651,0.7407
17,1652,0.7406
17,1653,0.7408
17,1654,0.7408
17,1655,0.7408
17,1656,0.7411
17,1657,0.7413
17,1658,0.7416
17,1659,0.7427
17,1660,0.7431
17,1661,0.7430
17,1662,0.7428
17,1663,0.7421
17,1664,0.7420
17,1665,0.7420
17,1666,0.7422
17,1667,0.7428
17,1668,0.7431
17,1669,0.7433
17,1670,0.7433
17,1671,0.7428
17,1672,0.7427
17,1673,0.7424
17,1674,0.7423
17,1675,0.7427
17,1676,0.7428
17,1677,0.7425
17,1678,0.7424
17,1679,0.7421
17,1680,0.7422
17,1681,0.7428
17,1682,0.7430
17,1683,0.7433
17,1684,0.7434
17,1685,0.7432
17,1686,0.7432
17,1687,0.7433
17,1688,0.7434
17,1689,0.7437
17,1690,0.7438
17,1691,0.7438
17,1692,0.7438
17,1693,0.7438
17,1694,0.7435
17,1695,0.7428
17,1696,0.7428
17,1697,0.7429
17,1698,0.7430
17,1699,0.7436
17,1700,0.7438
17,1701,0.7436
17,1702,0.7438
17,1703,0.7444
17,1704,0.7445
17,1705,0.7447
17,1706,0.7445
17,1707,0.7441
17,1708,0.7435
17,1709,0.7427
17,1710,0.7424
17,1711,0.7424
17,1712,0.7424
17,1713,0.7428
17,1714,0.7430
17,1715,0.7431
17,1716,0.7434
17,1717,0.7439
17,1718,0.7437
17,1719,0.7438
17,1720,0.7438
17,1721,0.7439
17,1722,0.7442
17,1723,0.7443
17,1724,0.7446
17,1725,0.7446
17,1726,0.7443
17,1727,0.7439
17,1728,0.7429
17,1729,0.7421
17,1730,0.7420
17,1731,0.7421
17,1732,0.7427
17,1733,0.7434
17,1734,0.7437
17,1735,0.7436
17,1736,0.7430
17,1737,0.7425
17,1738,0.7421
17,1739,0.7420
17,1740,0.7426
17,1741,0.7430
17,1742,0.7428
17,1743,0.7425
17,1744,0.7424
17,1745,0.7418
17,1746,0.7420
17,1747,0.7422
17,1748,0.7417
17,1749,0.7416
17,1750,0.7413
17,1751,0.7411
17,1752,0.7406
17,1753,0.7403
17,1754,0.7401
17,1755,0.7400
17,1756,0.7402
17,1757,0.7404
17,1758,0.7405
17,1759,0.7405
17,1760,0.7404
17,1761,0.7406
17,1762,0.7410
17,1763,0.7411
17,1764,0.7412
17,1765,0.7412
17,1766,0.7410
17,1767,0.7408
17,1768,0.7404
17,1769,0.7401
17,1770,0.7400
17,1771,0.7405
17,1772,0.7410
17,1773,0.7407
17,1774,0.7406
17,1775,0.7404
17,1776,0.7398
17,1777,0.7400
17,1778,0.7401
17,1779,0.7396
17,1780,0.7397
17,1781,0.7398
17,1782,0.7395
17,1783,0.7392
17,1784,0.7389
17,1785,0.7383
17,1786,0.7385
17,1787,0.7393
17,1788,0.7397
17,1789,0.7404
17,1790,0.7405
17,1791,0.7399
17,1792,0.7398
17,1793,0.7401
17,1794,0.7404
17,1795,0.7410
17,1796,0.7410
17,1797,0.7405
17,1798,0.7405
17,1799,0.7405
17,1800,0.7409
17,1801,0.7415
17,1802,0.7416
17,1803,0.7419
17,1804,0.7418
17,1805,0.7414
17,1806,0.7404
17,1807,0.7394
17,1808,0.7390
17,1809,0.7392
17,1810,0.7398
17,1811,0.7407
17,1812,0.7404
17,1813,0.7393
17,1814,0.7385
17,1815,0.7381
17,1816,0.7386
17,1817,0.7395
17,1818,0.7400
17,1819,0.7404
17,1820,0.7401
17,1821,0.7398
17,1822,0.7392
17,1823,0.7385
17,1824,0.7381
17,1825,0.7378
17,1826,0.7382
17,1827,0.7384
17,1828,0.7382
17,1829,0.7380
17,1830,0.7374
17,1831,0.7381
17,1832,0.7375
17,1833,0.7379
17,1834,0.7376
17,1835,0.7353
17,1836,0.7352
17,1837,0.7364
17,1838,0.7360
17,1839,0.7357
17,1840,0.7362
17,1841,0.7372
17,1842,0.7379
17,1843,0.7380
17,1844,0.7376
17,1845,0.7377
17,1846,0.7369
17,1847,0.7362
17,1848,0.7359
17,1849,0.7348
17,1850,0.7348
17,1851,0.7357
17,1852,0.7353
17,1853,0.7342
17,1854,0.7341
17,1855,0.7342
17,1856,0.7331
17,1857,0.7326
17,1858,0.7344
17,1859,0.7346
17,1860,0.7345
17,1861,0.7352
17,1862,0.7345
17,1863,0.7341
17,1864,0.7334
17,1865,0.7326
17,1866,0.7315
17,1867,0.7309
17,1868,0.7294
17,1869,0.7285
17,1870,0.7287
17,1871,0.7281
17,1872,0.7279
17,1873,0.7290
17,1874,0.7286
17,1875,0.7275
17,1876,0.7266
17,1877,0.7256
17,1878,0.7230
17,1879,0.7221
17,1880,0.7213
17,1881,0.7197
17,1882,0.7187
17,1883,0.7172
17,1884,0.7150
17,1885,0.7133
17,1886,0.7117
17,1887,0.7098
17,1888,0.7083
17,1889,0.7071
17,1890,0.7057
17,1891,0.7041
17,1892,0.7027
17,1893,0.7016
17,1894,0.6996
17,1895,0.6970
17,1896,0.6948
17,1897,0.6918
17,1898,0.6892
17,1899,0.6879
17,1900,0.6861
17,1901,0.6837
17,1902,0.6810
17,1903,0.6790
17,1904,0.6768
17,1905,0.6753
17,1906,0.6752
17,1907,0.6741
17,1908,0.6724
17,1909,0.6714
17,1910,0.6705
17,1911,0.6688
17,1912,0.6683
17,1913,0.6684
17,1914,0.6683
17,1915,0.6689
17,1916,0.6693
17,1917,0.6695
17,1918,0.6695
17,1919,0.6699
17,1920,0.6689
17,1921,0.6684
17,1922,0.6692
17,1923,0.6693
17,1924,0.6700
17,1925,0.6701
17,1926,0.6691
17,1927,0.6690
17,1928,0.6690
17,1929,0.6695
17,1930,0.6707
17,1931,0.6716
17,1932,0.6716
17,1933,0.6723
17,1934,0.6727
17,1935,0.6728
17,1936,0.6732
17,1937,0.6735
17,1938,0.6741
17,1939,0.6754
17,1940,0.6762
17,1941,0.6771
17,1942,0.6779
17,1943,0.6787
17,1944,0.6786
17,1945,0.6790
17,1946,0.6797
17,1947,0.6805
17,1948,0.6815
17,1949,0.6825
17,1950,0.6843
17,1951,0.6851
17,1952,0.6856
17,1953,0.6860
17,1954,0.6858
17,1955,0.6859
17,1956,0.6857
17,1957,0.6851
17,1958,0.6850
17,1959,0.6852
17,1960,0.6854
17,1961,0.6862
17,1962,0.6867
17,1963,0.6872
17,1964,0.6877
17,1965,0.6885
17,1966,0.6887
17,1967,0.6893
17,1968,0.6899
17,1969,0.6905
17,1970,0.6914
17,1971,0.6918
17,1972,0.6915
17,1973,0.6922
17,1974,0.6934
17,1975,0.6941
17,1976,0.6950
17,1977,0.6960
17,1978,0.6970
17,1979,0.6978
17,1980,0.6984
17,1981,0.6991
17,1982,0.7003
17,1983,0.7015
17,1984,0.7021
17,1985,0.7030
17,1986,0.7037
17,1987,0.7037
17,1988,0.7037
17,1989,0.7035
17,1990,0.7040
17,1991,0.7045
17,1992,0.7049
17,1993,0.7050
17,1994,0.7052
17,1995,0.7060
17,1996,0.7065
17,1997,0.7074
17,1998,0.7101
17,1999,0.7110
17,2000,0.7097
17,2001,0.7099
17,2002,0.7103
17,2003,0.7109
17,2004,0.7117
17,2005,0.7136
17,2006,0.7140
17,2007,0.7136
17,2008,0.7136
17,2009,0.7127
17,2010,0.7129
17,2011,0.7138
17,2012,0.7145
17,2013,0.7159
17,2014,0.7167
17,2015,0.7170
17,2016,0.7175
17,2017,0.7175
17,2018,0.7172
17,2019,0.7171
17,2020,0.7167
17,2021,0.7169
17,2022,0.7177
17,2023,0.7182
17,2024,0.7187
17,2025,0.7192
17,2026,0.7194
17,2027,0.7202
17,2028,0.7220
17,2029,0.7228
17,2030,0.7232
17,2031,0.7237
17,2032,0.7236
17,2033,0.7220
17,2034,0.7221
17,2035,0.7230
17,2036,0.7232
17,2037,0.7239
17,2038,0.7240
17,2039,0.7235
17,2040,0.7233
17,2041,0.7229
17,2042,0.7226
17,2043,0.7225
17,2044,0.7219
17,2045,0.7222
17,2046,0.7231
17,2047,0.7236
17,2048,0.7245
17,2049,0.7248
17,2050,0.7240
17,2051,0.7243
17,2052,0.7255
17,2053,0.7257
17,2054,0.7263
17,2055,0.7264
17,2056,0.7260
17,2057,0.7243
17,2058,0.7240
17,2059,0.7242
17,2060,0.7242
17,2061,0.7246
17,2062,0.7248
17,2063,0.7246
17,2064,0.7251
17,2065,0.7264
17,2066,0.7270
17,2067,0.7278
17,2068,0.7281
17,2069,0.7269
17,2070,0.7267
17,2071,0.7270
17,2072,0.7278
17,2073,0.7276
17,2074,0.7272
17,2075,0.7273
17,2076,0.7270
17,2077,0.7271
17,2078,0.7285
17,2079,0.7288
17,2080,0.7280
17,2081,0.7278
17,2082,0.7269
17,2083,0.7270
17,2084,0.7280
17,2085,0.7288
17,2086,0.7289
17,2087,0.7296
17,2088,0.7295
17,2089,0.7283
17,2090,0.7277
17,2091,0.7266
17,2092,0.7267
17,2093,0.7277
17,2094,0.7279
17,2095,0.7290
17,2096,0.7292
17,2097,0.7279
17,2098,0.7276
17,2099,0.7281
17,2100,0.7282
17,2101,0.7286
17,2102,0.7282
17,2103,0.7286
17,2104,0.7293
17,2105,0.7292
17,2106,0.7289
17,2107,0.7288
17,2108,0.7278
17,2109,0.7277
17,2110,0.7284
17,2111,0.7284
17,2112,0.7275
17,2113,0.7283
17,2114,0.7312
17,2115,0.7318
17,2116,0.7319
17,2117,0.7318
17,2118,0.7321
17,2119,0.7311
17,2120,0.7311
17,2121,0.7326
17,2122,0.7329
17,2123,0.7323
17,2124,0.7318
17,2125,0.7316
17,2126,0.7307
17,2127,0.7285
17,2128,0.7275
17,2129,0.7267
17,2130,0.7262
17,2131,0.7262
17,2132,0.7265
17,2133,0.7274
17,2134,0.7288
17,2135,0.7290
17,2136,0.7296
17,2137,0.7289
17,2138,0.7267
17,2139,0.7256
17,2140,0.7245
17,2141,0.7233
17,2142,0.7222
17,2143,0.7215
17,2144,0.7212
17,2145,0.7208
17,2146,0.7208
17,2147,0.7202
17,2148,0.7193
17,2149,0.7182
17,2150,0.7164
17,2151,0.7152
17,2152,0.7135
17,2153,0.7107
17,2154,0.7097
17,2155,0.7095
17,2156,0.7091
17,2157,0.7101
17,2158,0.7095
17,2159,0.7080
17,2160,0.7071
17,2161,0.7058
17,2162,0.7046
17,2163,0.7040
17,2164,0.7031
17,2165,0.7018
17,2166,0.7007
17,2167,0.6992
17,2168,0.6983
17,2169,0.6976
17,2170,0.6980
17,2171,0.6981
17,2172,0.6989
17,2173,0.6987
17,2174,0.6983
17,2175,0.6973
17,2176,0.6954
17,2177,0.6943
17,2178,0.6928
17,2179,0.6924
17,2180,0.6940
17,2181,0.6934
17,2182,0.6921
17,2183,0.6912
17,2184,0.6887
17,2185,0.6874
17,2186,0.6882
17,2187,0.6875
17,2188,0.6860
17,2189,0.6848
17,2190,0.6833
17,2191,0.6810
17,2192,0.6790
17,2193,0.6771
17,2194,0.6757
17,2195,0.6743
17,2196,0.6733
17,2197,0.6735
17,2198,0.6726
17,2199,0.6714
17,2200,0.6698
17,2201,0.6672
17,2202,0.6657
17,2203,0.6646
17,2204,0.6639
17,2205,0.6650
17,2206,0.6645
17,2207,0.6614
17,2208,0.6614
17,2209,0.6616
17,2210,0.6631
17,2211,0.6672
17,2212,0.6729
17,2213,0.6762
17,2214,0.6794
17,2215,0.6811
17,2216,0.6805
17,2217,0.6825
17,2218,0.6850
17,2219,0.6869
17,2220,0.6905
17,2221,0.6927
17,2222,0.6930
17,2223,0.6945
17,2224,0.6967
17,2225,0.6979
17,2226,0.6992
17,2227,0.6991
17,2228,0.6961
17,2229,0.6959
17,2230,0.6976
17,2231,0.6976
17,2232,0.6980
17,2233,0.6990
17,2234,0.6985
17,2235,0.6991
17,2236,0.7007
17,2237,0.7050
17,2238,0.7054
17,2239,0.7042
17,2240,0.7039
17,2241,0.7017
17,2242,0.7016
17,2243,0.7028
17,2244,0.7035
17,2245,0.7055
17,2246,0.7050
17,2247,0.7022
17,2248,0.7021
17,2249,0.7017
17,2250,0.7016
17,2251,0.7034
17,2252,0.7051
17,2253,0.7069
17,2254,0.7074
17,2255,0.7090
17,2256,0.7089
17,2257,0.7048
17,2258,0.7031
17,2259,0.7026
17,2260,0.7021
17,2261,0.7024
17,2262,0.7033
17,2263,0.7037
17,2264,0.7036
17,2265,0.7048
17,2266,0.7074
17,2267,0.7081
17,2268,0.7093
17,2269,0.7087
17,2270,0.7058
17,2271,0.7045
17,2272,0.7023
17,2273,0.7017
17,2274,0.7018
17,2275,0.7028
17,2276,0.7062
17,2277,0.7070
17,2278,0.7072
17,2279,0.7073
17,2280,0.7063
17,2281,0.7051
17,2282,0.7030
17,2283,0.7028
17,2284,0.7034
17,2285,0.7035
17,2286,0.7058
17,2287,0.7067
17,2288,0.7058
17,2289,0.7056
17,2290,0.7048
17,2291,0.7048
17,2292,0.7075
17,2293,0.7070
17,2294,0.7055
17,2295,0.7032
17,2296,0.7028
17,2297,0.7011
17,2298,0.6997
17,2299,0.7007
17,2300,0.7001
17,2301,0.6972
17,2302,0.6963
17,2303,0.6970
17,2304,0.6969
17,2305,0.6961
17,2306,0.6965
17,2307,0.6988
17,2308,0.6986
17,2309,0.6968
17,2310,0.6968
17,2311,0.6970
17,2312,0.6954
17,2313,0.6938
17,2314,0.6932
17,2315,0.6906
17,2316,0.6900
17,2317,0.6928
17,2318,0.6940
17,2319,0.6944
17,2320,0.6949
17,2321,0.6955
17,2322,0.6959
17,2323,0.6964
17,2324,0.6964
17,2325,0.6968
17,2326,0.6960
17,2327,0.6914
17,2328,0.6907
17,2329,0.6936
17,2330,0.6940
17,2331,0.6968
17,2332,0.6971
17,2333,0.6953
17,2334,0.6881
17,2335,0.6880
17,2336,0.6903
17,2337,0.6899
17,2338,0.6916
17,2339,0.6905
17,2340,0.6847
17,2341,0.6847
17,2342,0.6888
17,2343,0.6879
17,2344,0.6848
17,2345,0.6862
17,2346,0.6885
17,2347,0.6882
17,2348,0.6913
17,2349,0.6909
17,2350,0.6833
17,2351,0.6814
17,2352,0.6836
17,2353,0.6835
17,2354,0.6833
17,2355,0.6829
17,2356,0.6816
17,2357,0.6816
17,2358,0.6815
17,2359,0.6824
17,2360,0.6849
17,2361,0.6861
17,2362,0.6874
17,2363,0.6892
17,2364,0.6919
17,2365,0.6924
17,2366,0.6923
17,2367,0.6920
17,2368,0.6891
17,2369,0.6877
17,2370,0.6895
17,2371,0.6876
17,2372,0.6822
17,2373,0.6795
17,2374,0.6740
17,2375,0.6732
17,2376,0.6809
17,2377,0.6813
17,2378,0.6783
17,2379,0.6773
17,2380,0.6721
17,2381,0.6697
17,2382,0.6730
17,2383,0.6731
17,2384,0.6701
17,2385,0.6700
17,2386,0.6738
17,2387,0.6727
17,2388,0.6683
17,2389,0.6670
17,2390,0.6618
17,2391,0.6596
17,2392,0.6646
17,2393,0.6663
17,2394,0.6653
17,2395,0.6663
17,2396,0.6681
17,2397,0.6685
17,2398,0.6674
17,2399,0.6697
17,2400,0.6724
