"wavelength","Refrac_leafm","SC_chl","SC_car","SC_Anth","SC_Brwon","SC_Cw","SC_Cm","direct_light","diffuse_light","dry_soil","wet_soil"
400,1.5115,0.0649,0.167,0.0667,0.527,5.8e-05,110,0.591,2.41,0.238,0.0321
401,1.5115,0.0667,0.168,0.0641,0.526,5.85e-05,104,0.598,2.41,0.237,0.032
402,1.5115,0.0686,0.167,0.0619,0.525,5.9e-05,98,0.605,2.41,0.237,0.0318
403,1.5115,0.07,0.167,0.0599,0.524,5.99e-05,92.4,0.612,2.41,0.237,0.0317
404,1.5115,0.0709,0.168,0.0583,0.523,6.1e-05,87.1,0.619,2.41,0.236,0.0315
405,1.5115,0.0713,0.168,0.0567,0.522,6.2e-05,82.3,0.626,2.42,0.236,0.0314
406,1.5108,0.0713,0.168,0.0554,0.521,6.3e-05,78.1,0.633,2.42,0.235,0.0313
407,1.5101,0.0713,0.167,0.0542,0.52,6.4e-05,74,0.64,2.42,0.235,0.0311
408,1.5095,0.0712,0.167,0.0531,0.519,6.5e-05,70.1,0.647,2.42,0.234,0.0309
409,1.5088,0.0712,0.167,0.052,0.518,6.6e-05,66.5,0.654,2.42,0.234,0.0308
410,1.5081,0.0715,0.166,0.051,0.517,6.7e-05,63,0.661,2.42,0.234,0.0306
411,1.5076,0.0719,0.166,0.0501,0.516,6.79e-05,59.5,0.668,2.42,0.233,0.0304
412,1.5071,0.072,0.165,0.0494,0.515,6.9e-05,56.2,0.675,2.42,0.233,0.0303
413,1.5065,0.0718,0.166,0.0486,0.514,7.05e-05,53,0.682,2.42,0.232,0.0301
414,1.506,0.0715,0.166,0.0479,0.513,7.2e-05,50,0.689,2.42,0.232,0.03
415,1.5055,0.0711,0.166,0.0474,0.512,7.31e-05,47.2,0.696,2.42,0.232,0.0298
416,1.505,0.0708,0.166,0.0469,0.511,7.4e-05,44.6,0.703,2.42,0.231,0.0297
417,1.5046,0.0704,0.166,0.0465,0.51,7.49e-05,42.2,0.71,2.42,0.231,0.0296
418,1.5041,0.0701,0.167,0.0462,0.509,7.6e-05,40,0.717,2.42,0.23,0.0295
419,1.5037,0.0698,0.167,0.0458,0.508,7.74e-05,37.8,0.724,2.42,0.23,0.0293
420,1.5032,0.0698,0.167,0.0454,0.507,7.9e-05,35.7,0.731,2.42,0.23,0.0292
421,1.5029,0.0701,0.168,0.0451,0.506,8.06e-05,33.6,0.738,2.42,0.229,0.0291
422,1.5026,0.0703,0.168,0.0448,0.505,8.2e-05,31.7,0.744,2.42,0.228,0.029
423,1.5022,0.0705,0.168,0.0445,0.504,8.3e-05,29.9,0.751,2.42,0.228,0.0289
424,1.5019,0.0705,0.169,0.0442,0.503,8.4e-05,28.3,0.757,2.42,0.227,0.0288
425,1.5016,0.0705,0.168,0.0441,0.502,8.55e-05,26.8,0.764,2.41,0.227,0.0287
426,1.5013,0.0708,0.168,0.044,0.501,8.7e-05,25.4,0.771,2.41,0.226,0.0285
427,1.501,0.0713,0.168,0.0439,0.5,8.8e-05,24,0.777,2.41,0.226,0.0284
428,1.5008,0.0716,0.168,0.0438,0.499,8.9e-05,22.8,0.784,2.41,0.225,0.0283
429,1.5005,0.0719,0.167,0.0439,0.498,9.05e-05,21.5,0.79,2.41,0.225,0.0282
430,1.5002,0.0724,0.168,0.0439,0.497,9.2e-05,20.2,0.797,2.41,0.225,0.0281
431,1.5,0.0731,0.168,0.0439,0.496,9.3e-05,19,0.804,2.41,0.224,0.0279
432,1.4997,0.0737,0.168,0.044,0.495,9.4e-05,17.9,0.81,2.41,0.224,0.0278
433,1.4995,0.074,0.168,0.044,0.494,9.55e-05,16.8,0.817,2.41,0.224,0.0276
434,1.4992,0.0743,0.168,0.0441,0.492,9.7e-05,15.8,0.823,2.41,0.223,0.0275
435,1.499,0.0745,0.168,0.0442,0.491,9.8e-05,14.8,0.83,2.41,0.223,0.0274
436,1.4988,0.0747,0.168,0.0443,0.49,9.9e-05,13.9,0.837,2.4,0.223,0.0272
437,1.4986,0.0747,0.168,0.0444,0.489,0.000101,13.1,0.843,2.4,0.222,0.0271
438,1.4984,0.0746,0.169,0.0445,0.488,0.000102,12.3,0.85,2.4,0.222,0.0269
439,1.4982,0.0743,0.169,0.0446,0.486,0.000103,11.6,0.856,2.4,0.222,0.0268
440,1.498,0.0738,0.17,0.0448,0.485,0.000104,11,0.863,2.4,0.222,0.0266
441,1.4977,0.0728,0.17,0.0449,0.484,0.000105,10.4,0.874,2.41,0.222,0.0265
442,1.4974,0.0716,0.17,0.0451,0.483,0.000106,9.92,0.886,2.42,0.222,0.0263
443,1.4972,0.0705,0.17,0.0452,0.482,0.000107,9.41,0.897,2.44,0.222,0.0262
444,1.4969,0.0691,0.17,0.0454,0.481,0.000108,8.95,0.908,2.45,0.222,0.026
445,1.4966,0.0676,0.17,0.0456,0.479,0.000109,8.51,0.92,2.46,0.221,0.0259
446,1.4964,0.066,0.17,0.0458,0.478,0.00011,8.09,0.931,2.47,0.222,0.0258
447,1.4962,0.0645,0.17,0.0459,0.477,0.000111,7.64,0.942,2.48,0.222,0.0257
448,1.4959,0.0627,0.169,0.046,0.476,0.000112,7.27,0.953,2.49,0.222,0.0255
449,1.4957,0.0608,0.169,0.0462,0.475,0.000113,6.94,0.965,2.51,0.222,0.0254
450,1.4955,0.0588,0.167,0.0464,0.473,0.000114,6.66,0.976,2.52,0.222,0.0253
451,1.4953,0.0568,0.166,0.0467,0.472,0.000115,6.42,0.987,2.53,0.222,0.0252
452,1.4951,0.0547,0.164,0.047,0.471,0.000116,6.22,0.999,2.54,0.222,0.0252
453,1.4949,0.0528,0.163,0.0472,0.47,0.000117,6.01,1.01,2.55,0.222,0.0251
454,1.4947,0.0511,0.161,0.0474,0.468,0.000118,5.78,1.02,2.57,0.222,0.0251
455,1.4945,0.0496,0.16,0.0476,0.467,0.000119,5.57,1.03,2.58,0.222,0.025
456,1.4943,0.0481,0.158,0.0478,0.466,0.00012,5.37,1.04,2.59,0.222,0.025
457,1.4942,0.0468,0.157,0.0481,0.465,0.000121,5.17,1.06,2.6,0.222,0.025
458,1.494,0.0456,0.155,0.0483,0.463,0.000122,4.95,1.07,2.61,0.223,0.025
459,1.4939,0.0447,0.153,0.0486,0.462,0.000123,4.76,1.08,2.62,0.223,0.025
460,1.4937,0.0439,0.152,0.0488,0.461,0.000124,4.58,1.09,2.64,0.223,0.025
461,1.4935,0.0432,0.15,0.0491,0.46,0.000125,4.42,1.09,2.63,0.223,0.025
462,1.4934,0.0427,0.148,0.0494,0.459,0.000126,4.26,1.1,2.63,0.223,0.025
463,1.4932,0.0422,0.147,0.0496,0.458,0.000127,4.12,1.11,2.63,0.223,0.025
464,1.4931,0.0418,0.145,0.0498,0.457,0.000128,4.01,1.11,2.63,0.223,0.025
465,1.4929,0.0413,0.143,0.0501,0.456,0.000129,3.95,1.12,2.63,0.224,0.025
466,1.4928,0.0409,0.142,0.0504,0.455,0.00013,3.85,1.12,2.62,0.224,0.025
467,1.4927,0.0406,0.141,0.0508,0.454,0.000132,3.78,1.13,2.62,0.224,0.025
468,1.4925,0.0403,0.139,0.0511,0.453,0.000133,3.67,1.13,2.62,0.224,0.025
469,1.4924,0.04,0.138,0.0516,0.452,0.000134,3.55,1.14,2.62,0.224,0.025
470,1.4923,0.0397,0.137,0.0519,0.45,0.000135,3.46,1.14,2.62,0.225,0.025
471,1.4922,0.0395,0.136,0.0524,0.449,0.000136,3.36,1.15,2.61,0.225,0.025
472,1.492,0.0393,0.135,0.0528,0.448,0.000138,3.28,1.15,2.61,0.225,0.025
473,1.4919,0.039,0.135,0.0534,0.447,0.00014,3.18,1.16,2.61,0.225,0.025
474,1.4917,0.0388,0.135,0.054,0.446,0.000141,3.1,1.16,2.61,0.225,0.025
475,1.4916,0.0385,0.134,0.0545,0.445,0.000142,3.05,1.17,2.61,0.226,0.025
476,1.4915,0.0383,0.134,0.0549,0.444,0.000144,2.98,1.17,2.6,0.226,0.0248
477,1.4914,0.0379,0.134,0.0555,0.443,0.000146,2.95,1.18,2.6,0.226,0.0247
478,1.4912,0.0375,0.134,0.0562,0.442,0.000148,2.91,1.18,2.6,0.226,0.0245
479,1.4911,0.0371,0.134,0.0566,0.441,0.00015,2.87,1.19,2.6,0.226,0.0244
480,1.491,0.0368,0.133,0.0572,0.44,0.000152,2.8,1.2,2.59,0.227,0.0242
481,1.4909,0.0363,0.133,0.0577,0.439,0.000154,2.78,1.19,2.58,0.227,0.0242
482,1.4907,0.0358,0.132,0.0583,0.438,0.000157,2.75,1.19,2.57,0.227,0.0242
483,1.4906,0.0352,0.131,0.0588,0.436,0.00016,2.73,1.19,2.55,0.227,0.0242
484,1.4904,0.0346,0.13,0.0595,0.435,0.000162,2.7,1.19,2.54,0.228,0.0242
485,1.4903,0.0339,0.129,0.0601,0.434,0.000164,2.68,1.19,2.52,0.228,0.0242
486,1.4902,0.0332,0.128,0.0607,0.432,0.000167,2.66,1.19,2.51,0.228,0.0242
487,1.49,0.0324,0.126,0.0612,0.431,0.00017,2.63,1.19,2.49,0.228,0.0242
488,1.4899,0.0315,0.125,0.0618,0.43,0.000174,2.61,1.19,2.48,0.229,0.0242
489,1.4897,0.0306,0.123,0.0624,0.429,0.000178,2.59,1.19,2.46,0.229,0.0242
490,1.4896,0.0297,0.121,0.0629,0.427,0.000181,2.57,1.19,2.45,0.229,0.0242
491,1.4895,0.0287,0.119,0.0634,0.426,0.000185,2.55,1.19,2.43,0.229,0.0245
492,1.4893,0.0277,0.117,0.064,0.425,0.000189,2.54,1.19,2.42,0.23,0.0248
493,1.4892,0.0266,0.114,0.0645,0.423,0.000193,2.52,1.19,2.4,0.23,0.0251
494,1.489,0.0256,0.112,0.065,0.422,0.000198,2.5,1.19,2.39,0.231,0.0254
495,1.4889,0.0245,0.11,0.0654,0.421,0.000203,2.49,1.18,2.37,0.231,0.0257
496,1.4887,0.0234,0.108,0.0659,0.42,0.000209,2.47,1.18,2.36,0.231,0.0257
497,1.4885,0.0223,0.106,0.0664,0.418,0.000216,2.46,1.18,2.35,0.232,0.0257
498,1.4884,0.0212,0.104,0.0669,0.417,0.000223,2.44,1.18,2.33,0.232,0.0257
499,1.4882,0.0201,0.101,0.0673,0.416,0.00023,2.43,1.18,2.32,0.233,0.0257
500,1.488,0.019,0.099,0.0678,0.414,0.000238,2.42,1.18,2.3,0.233,0.0256
501,1.4878,0.018,0.0967,0.0681,0.414,0.000246,2.41,1.18,2.29,0.234,0.0256
502,1.4876,0.0169,0.0945,0.0685,0.413,0.000255,2.39,1.18,2.28,0.235,0.0256
503,1.4875,0.0159,0.0922,0.0688,0.412,0.000264,2.38,1.18,2.27,0.235,0.0256
504,1.4873,0.0149,0.0899,0.0691,0.411,0.000273,2.37,1.18,2.26,0.236,0.0256
505,1.4871,0.014,0.0875,0.0694,0.41,0.000282,2.37,1.18,2.25,0.237,0.0256
506,1.4869,0.013,0.0852,0.0696,0.409,0.000291,2.36,1.18,2.23,0.237,0.0257
507,1.4867,0.0122,0.0829,0.0698,0.408,3e-04,2.35,1.18,2.22,0.238,0.0258
508,1.4865,0.0113,0.0806,0.0701,0.407,0.00031,2.34,1.18,2.21,0.238,0.0258
509,1.4863,0.0105,0.0783,0.0703,0.407,0.000319,2.33,1.18,2.2,0.239,0.0259
510,1.4861,0.0097,0.0759,0.0705,0.406,0.000329,2.33,1.18,2.19,0.239,0.026
511,1.4859,0.00895,0.0736,0.0707,0.405,0.000339,2.32,1.18,2.18,0.24,0.026
512,1.4856,0.00825,0.0713,0.0709,0.404,0.000349,2.32,1.18,2.17,0.24,0.026
513,1.4854,0.00758,0.069,0.071,0.403,0.000359,2.31,1.18,2.16,0.241,0.026
514,1.4851,0.00696,0.0667,0.0712,0.402,0.000368,2.31,1.18,2.15,0.241,0.026
515,1.4849,0.00639,0.0644,0.0713,0.401,0.000377,2.31,1.19,2.14,0.241,0.026
516,1.4846,0.00587,0.0622,0.0714,0.4,0.000386,2.3,1.19,2.12,0.242,0.026
517,1.4844,0.0054,0.0599,0.0715,0.399,0.000396,2.3,1.19,2.11,0.242,0.026
518,1.4841,0.00499,0.0576,0.0716,0.398,0.000404,2.3,1.19,2.1,0.243,0.026
519,1.4839,0.00463,0.0554,0.0716,0.397,0.000407,2.3,1.19,2.09,0.243,0.026
520,1.4836,0.00433,0.0532,0.0717,0.396,0.000409,2.3,1.19,2.08,0.244,0.026
521,1.4833,0.00409,0.051,0.0717,0.395,0.000414,2.3,1.19,2.08,0.244,0.026
522,1.483,0.00389,0.0489,0.0718,0.394,0.000416,2.3,1.2,2.07,0.245,0.026
523,1.4828,0.00374,0.0467,0.0718,0.393,0.000411,2.3,1.2,2.07,0.245,0.026
524,1.4825,0.00365,0.0446,0.0719,0.392,0.000409,2.3,1.2,2.07,0.246,0.026
525,1.4822,0.00361,0.0425,0.072,0.391,0.000418,2.3,1.21,2.06,0.246,0.026
526,1.4819,0.00362,0.0404,0.0721,0.391,0.000427,2.3,1.21,2.06,0.247,0.0259
527,1.4816,0.00367,0.0384,0.0722,0.39,0.000427,2.3,1.22,2.06,0.247,0.0259
528,1.4813,0.00377,0.0364,0.0722,0.389,0.000423,2.3,1.22,2.06,0.248,0.0259
529,1.481,0.0039,0.0344,0.0723,0.388,0.000424,2.3,1.23,2.05,0.248,0.0259
530,1.4807,0.00407,0.0325,0.0723,0.387,0.000429,2.3,1.23,2.05,0.249,0.0259
531,1.4804,0.00426,0.0306,0.0724,0.385,0.000437,2.3,1.24,2.05,0.249,0.0259
532,1.4801,0.00448,0.0288,0.0725,0.382,0.000445,2.3,1.24,2.04,0.25,0.0259
533,1.4797,0.00473,0.027,0.0725,0.38,0.000451,2.3,1.25,2.04,0.25,0.0259
534,1.4794,0.00499,0.0252,0.0725,0.378,0.000456,2.3,1.25,2.04,0.251,0.0259
535,1.4791,0.00527,0.0235,0.0725,0.376,0.000463,2.3,1.25,2.03,0.251,0.0259
536,1.4788,0.00556,0.0218,0.0725,0.374,0.00047,2.3,1.26,2.03,0.252,0.0261
537,1.4784,0.00587,0.0202,0.0724,0.372,0.000475,2.3,1.26,2.03,0.252,0.0264
538,1.4781,0.00617,0.0186,0.0723,0.37,0.00048,2.3,1.27,2.02,0.253,0.0266
539,1.4777,0.00648,0.0171,0.0722,0.368,0.000488,2.3,1.27,2.02,0.253,0.0268
540,1.4774,0.00679,0.0156,0.0721,0.365,0.000495,2.3,1.28,2.02,0.254,0.027
541,1.4771,0.00709,0.0142,0.0718,0.364,0.000498,2.3,1.28,2.01,0.254,0.027
542,1.4767,0.00739,0.0128,0.0716,0.363,0.000503,2.3,1.28,2,0.255,0.027
543,1.4764,0.00767,0.0115,0.0713,0.361,0.000514,2.3,1.28,2,0.255,0.027
544,1.476,0.00795,0.0103,0.0711,0.36,0.000527,2.3,1.28,1.99,0.256,0.027
545,1.4757,0.00821,0.0091,0.0707,0.358,0.000536,2.3,1.28,1.98,0.256,0.027
546,1.4753,0.00845,0.00798,0.0703,0.357,0.000544,2.3,1.29,1.98,0.257,0.0274
547,1.475,0.00868,0.00693,0.0698,0.355,0.000553,2.3,1.29,1.97,0.257,0.0277
548,1.4746,0.0089,0.00595,0.0694,0.354,0.000564,2.3,1.29,1.96,0.258,0.0281
549,1.4743,0.00911,0.00503,0.0688,0.353,0.000576,2.3,1.29,1.95,0.258,0.0284
550,1.4739,0.00931,0.00419,0.0681,0.351,0.000588,2.3,1.29,1.95,0.259,0.0288
551,1.4735,0.0095,0.00342,0.0674,0.35,6e-04,2.3,1.29,1.94,0.259,0.0288
552,1.4732,0.00968,0.00272,0.0667,0.349,0.000611,2.3,1.29,1.93,0.26,0.0288
553,1.4728,0.00986,0.00209,0.0659,0.348,0.000622,2.3,1.3,1.93,0.26,0.0288
554,1.4725,0.01,0.00155,0.0651,0.347,0.000631,2.3,1.3,1.92,0.261,0.0288
555,1.4721,0.0102,0.00108,0.0642,0.346,0.000639,2.3,1.3,1.91,0.261,0.0288
556,1.4717,0.0104,0.000698,0.0634,0.345,0.000646,2.3,1.3,1.9,0.262,0.0288
557,1.4713,0.0106,0.000395,0.0624,0.343,0.000652,2.3,1.3,1.9,0.263,0.0288
558,1.4709,0.0107,0.000177,0.0615,0.342,0.000658,2.3,1.3,1.89,0.263,0.0288
559,1.4705,0.0109,4.45e-05,0.0606,0.341,0.000665,2.3,1.31,1.88,0.264,0.0288
560,1.4701,0.011,2.13e-13,0.0597,0.34,0.000672,2.3,1.31,1.88,0.264,0.0288
561,1.4697,0.0112,0,0.0586,0.338,0.000679,2.3,1.31,1.87,0.265,0.0288
562,1.4693,0.0114,0,0.0576,0.337,0.000686,2.3,1.31,1.87,0.265,0.0288
563,1.4689,0.0116,0,0.0566,0.335,0.000692,2.3,1.31,1.86,0.266,0.0288
564,1.4685,0.0118,0,0.0555,0.333,0.000699,2.3,1.32,1.86,0.266,0.0288
565,1.4681,0.0121,0,0.0544,0.331,0.000708,2.3,1.32,1.85,0.266,0.0288
566,1.4677,0.0123,0,0.0532,0.329,0.000718,2.3,1.32,1.85,0.267,0.0288
567,1.4673,0.0126,0,0.0521,0.328,0.000726,2.3,1.33,1.84,0.267,0.0289
568,1.467,0.0129,0,0.0509,0.326,0.000734,2.3,1.33,1.84,0.268,0.029
569,1.4666,0.0133,0,0.0497,0.324,0.000746,2.3,1.33,1.83,0.268,0.0291
570,1.4662,0.0136,0,0.0485,0.322,0.000759,2.3,1.33,1.83,0.268,0.0291
571,1.4658,0.0139,0,0.0473,0.32,0.000773,2.3,1.34,1.82,0.269,0.0291
572,1.4654,0.0143,0,0.0462,0.318,0.000787,2.3,1.34,1.82,0.269,0.0291
573,1.4651,0.0147,0,0.045,0.316,0.000802,2.3,1.34,1.81,0.269,0.0291
574,1.4647,0.015,0,0.0439,0.314,0.000819,2.3,1.35,1.81,0.27,0.0291
575,1.4643,0.0154,0,0.0428,0.312,0.000839,2.3,1.35,1.81,0.27,0.0291
576,1.4639,0.0157,0,0.0417,0.31,0.000858,2.3,1.35,1.8,0.271,0.0292
577,1.4635,0.016,0,0.0406,0.308,0.000875,2.3,1.35,1.8,0.271,0.0293
578,1.4632,0.0163,0,0.0395,0.306,0.000896,2.3,1.36,1.79,0.272,0.0293
579,1.4628,0.0166,0,0.0385,0.304,0.000924,2.3,1.36,1.79,0.272,0.0294
580,1.4624,0.0169,0,0.0374,0.302,0.000952,2.3,1.36,1.78,0.273,0.0295
581,1.462,0.0172,0,0.0362,0.3,0.000975,2.3,1.36,1.77,0.273,0.0298
582,1.4616,0.0175,0,0.035,0.298,0.001,2.3,1.36,1.77,0.274,0.0301
583,1.4613,0.0178,0,0.0339,0.296,0.00104,2.3,1.36,1.76,0.274,0.0303
584,1.4609,0.0181,0,0.0328,0.294,0.00108,2.3,1.36,1.75,0.275,0.0306
585,1.4605,0.0183,0,0.0317,0.292,0.00112,2.3,1.36,1.75,0.275,0.0309
586,1.4602,0.0186,0,0.0306,0.29,0.00116,2.3,1.36,1.74,0.276,0.0309
587,1.4598,0.0188,0,0.0296,0.288,0.0012,2.3,1.36,1.73,0.276,0.0309
588,1.4595,0.019,0,0.0287,0.286,0.00125,2.3,1.36,1.72,0.277,0.0309
589,1.4591,0.0192,0,0.0277,0.284,0.0013,2.3,1.36,1.72,0.277,0.0309
590,1.4588,0.0194,0,0.0268,0.282,0.00136,2.3,1.36,1.71,0.278,0.0309
591,1.4585,0.0196,0,0.026,0.28,0.00141,2.3,1.36,1.7,0.278,0.0309
592,1.4582,0.0198,0,0.0251,0.278,0.00146,2.3,1.36,1.7,0.279,0.0309
593,1.4579,0.0199,0,0.0243,0.277,0.00151,2.3,1.36,1.69,0.279,0.0309
594,1.4576,0.0201,0,0.0235,0.275,0.00157,2.3,1.36,1.68,0.28,0.0309
595,1.4573,0.0202,0,0.0227,0.273,0.00164,2.3,1.36,1.67,0.28,0.0309
596,1.457,0.0203,0,0.0219,0.271,0.0017,2.3,1.36,1.67,0.281,0.0309
597,1.4567,0.0205,0,0.0211,0.269,0.00176,2.3,1.36,1.66,0.281,0.0309
598,1.4565,0.0206,0,0.0203,0.267,0.00186,2.3,1.36,1.65,0.282,0.0309
599,1.4562,0.0207,0,0.0195,0.265,0.00204,2.3,1.35,1.65,0.282,0.0309
600,1.4559,0.0209,0,0.0187,0.264,0.00222,2.3,1.35,1.64,0.283,0.0309
601,1.4556,0.021,0,0.018,0.262,0.00232,2.3,1.36,1.64,0.283,0.031
602,1.4553,0.0212,0,0.0172,0.26,0.00237,2.3,1.36,1.63,0.284,0.0311
603,1.4551,0.0213,0,0.0166,0.258,0.0024,2.3,1.36,1.63,0.284,0.0312
604,1.4548,0.0215,0,0.016,0.257,0.00245,2.3,1.36,1.62,0.285,0.0313
605,1.4545,0.0218,0,0.0154,0.255,0.00252,2.3,1.36,1.62,0.286,0.0315
606,1.4543,0.022,0,0.0148,0.253,0.00259,2.3,1.36,1.62,0.286,0.0315
607,1.454,0.0223,0,0.0143,0.252,0.00263,2.3,1.37,1.61,0.287,0.0315
608,1.4538,0.0226,0,0.0138,0.25,0.00265,2.3,1.37,1.61,0.287,0.0315
609,1.4535,0.0229,0,0.0133,0.248,0.00267,2.3,1.37,1.61,0.288,0.0316
610,1.4533,0.0232,0,0.0128,0.246,0.00269,2.3,1.37,1.6,0.288,0.0316
611,1.4531,0.0235,0,0.0123,0.245,0.0027,2.3,1.37,1.6,0.289,0.0316
612,1.4528,0.0238,0,0.0119,0.243,0.00272,2.3,1.37,1.6,0.29,0.0316
613,1.4526,0.0242,0,0.0114,0.241,0.00273,2.3,1.37,1.59,0.29,0.0316
614,1.4523,0.0246,0,0.0109,0.24,0.00274,2.3,1.38,1.59,0.291,0.0316
615,1.4521,0.0249,0,0.0105,0.238,0.00275,2.3,1.38,1.59,0.291,0.0316
616,1.4519,0.0253,0,0.01,0.237,0.00276,2.3,1.38,1.58,0.292,0.0316
617,1.4517,0.0256,0,0.00958,0.235,0.00278,2.3,1.38,1.58,0.292,0.0317
618,1.4514,0.026,0,0.00916,0.233,0.00279,2.3,1.38,1.58,0.293,0.0318
619,1.4512,0.0263,0,0.00878,0.232,0.0028,2.3,1.38,1.57,0.293,0.0318
620,1.451,0.0265,0,0.00841,0.23,0.00281,2.3,1.39,1.57,0.294,0.0319
621,1.4508,0.0268,0,0.00805,0.229,0.00282,2.3,1.39,1.56,0.294,0.032
622,1.4506,0.027,0,0.00771,0.227,0.00284,2.3,1.39,1.56,0.295,0.0321
623,1.4504,0.0272,0,0.00738,0.226,0.00285,2.3,1.39,1.56,0.296,0.0321
624,1.4502,0.0274,0,0.00706,0.224,0.00287,2.3,1.39,1.55,0.296,0.0322
625,1.45,0.0275,0,0.00675,0.223,0.00288,2.3,1.39,1.55,0.297,0.0323
626,1.4498,0.0276,0,0.00646,0.222,0.00289,2.3,1.39,1.54,0.297,0.0326
627,1.4497,0.0277,0,0.00617,0.22,0.00291,2.3,1.39,1.54,0.298,0.033
628,1.4495,0.0278,0,0.0059,0.219,0.00292,2.3,1.39,1.53,0.298,0.0334
629,1.4494,0.0279,0,0.00565,0.217,0.00294,2.3,1.39,1.53,0.299,0.0337
630,1.4492,0.028,0,0.0054,0.216,0.00296,2.3,1.39,1.52,0.299,0.0341
631,1.4491,0.0281,0,0.00516,0.214,0.00297,2.3,1.39,1.52,0.3,0.0341
632,1.4489,0.0282,0,0.00493,0.213,0.00299,2.3,1.39,1.51,0.3,0.0341
633,1.4488,0.0284,0,0.00472,0.212,0.003,2.3,1.39,1.51,0.3,0.0341
634,1.4486,0.0286,0,0.00451,0.21,0.00301,2.3,1.39,1.5,0.301,0.0341
635,1.4485,0.0288,0,0.00431,0.209,0.00302,2.3,1.39,1.5,0.301,0.0341
636,1.4484,0.0292,0,0.00412,0.207,0.00304,2.3,1.39,1.5,0.302,0.0343
637,1.4483,0.0296,0,0.00394,0.206,0.00306,2.3,1.39,1.49,0.302,0.0344
638,1.4482,0.0301,0,0.00377,0.205,0.00308,2.3,1.39,1.49,0.303,0.0346
639,1.4481,0.0306,0,0.00361,0.203,0.00309,2.3,1.39,1.48,0.303,0.0348
640,1.448,0.0312,0,0.00345,0.202,0.00311,2.3,1.39,1.48,0.304,0.035
641,1.4479,0.0319,0,0.0033,0.201,0.00313,2.3,1.39,1.47,0.304,0.0352
642,1.4478,0.0327,0,0.00316,0.199,0.00314,2.3,1.39,1.46,0.304,0.0353
643,1.4478,0.0334,0,0.00303,0.198,0.00316,2.3,1.38,1.46,0.305,0.0355
644,1.4477,0.0343,0,0.0029,0.197,0.00318,2.3,1.38,1.45,0.305,0.0357
645,1.4476,0.0351,0,0.00278,0.196,0.0032,2.3,1.38,1.45,0.306,0.0359
646,1.4475,0.0359,0,0.00266,0.194,0.00322,2.3,1.38,1.44,0.306,0.0359
647,1.4475,0.0368,0,0.00255,0.193,0.00324,2.3,1.38,1.43,0.307,0.036
648,1.4474,0.0376,0,0.00245,0.192,0.00326,2.3,1.38,1.43,0.307,0.0361
649,1.4474,0.0383,0,0.00235,0.19,0.00329,2.3,1.38,1.42,0.308,0.0361
650,1.4473,0.039,0,0.00225,0.189,0.00332,2.3,1.38,1.42,0.308,0.0362
651,1.4473,0.0396,0,0.00216,0.188,0.00334,2.3,1.37,1.41,0.309,0.0364
652,1.4472,0.0402,0,0.00207,0.187,0.00336,2.3,1.37,1.4,0.309,0.0365
653,1.4472,0.0408,0,0.00199,0.185,0.00339,2.3,1.37,1.4,0.31,0.0366
654,1.4471,0.0414,0,0.00191,0.184,0.00342,2.3,1.37,1.39,0.31,0.0368
655,1.4471,0.0421,0,0.00183,0.183,0.00346,2.3,1.37,1.38,0.311,0.0369
656,1.447,0.0429,0,0.00175,0.182,0.00351,2.3,1.37,1.38,0.312,0.0371
657,1.447,0.0438,0,0.00168,0.18,0.00357,2.3,1.37,1.37,0.313,0.0373
658,1.4469,0.0449,0,0.00161,0.179,0.00364,2.3,1.37,1.37,0.313,0.0374
659,1.4469,0.0461,0,0.00154,0.178,0.00371,2.3,1.36,1.36,0.314,0.0376
660,1.4468,0.0475,0,0.00147,0.177,0.00379,2.3,1.36,1.35,0.315,0.0378
661,1.4468,0.0491,0,0.0014,0.176,0.00387,2.3,1.36,1.35,0.316,0.0378
662,1.4468,0.0508,0,0.00134,0.174,0.00393,2.3,1.37,1.35,0.316,0.0379
663,1.4467,0.0527,0,0.00127,0.173,0.00398,2.3,1.37,1.34,0.317,0.0379
664,1.4467,0.0547,0,0.0012,0.172,0.00402,2.3,1.37,1.34,0.318,0.038
665,1.4467,0.0568,0,0.00114,0.17,0.00405,2.3,1.37,1.34,0.318,0.038
666,1.4466,0.0589,0,0.00107,0.169,0.00407,2.3,1.37,1.33,0.319,0.0383
667,1.4466,0.0608,0,0.001,0.168,0.00409,2.3,1.37,1.33,0.319,0.0386
668,1.4465,0.0628,0,0.00093,0.167,0.0041,2.3,1.37,1.33,0.32,0.0389
669,1.4465,0.0645,0,0.000858,0.165,0.00411,2.3,1.37,1.33,0.32,0.0392
670,1.4464,0.0661,0,0.000785,0.164,0.00412,2.3,1.37,1.32,0.321,0.0395
671,1.4464,0.0675,0,0.00071,0.163,0.00414,2.3,1.37,1.32,0.322,0.0394
672,1.4463,0.0687,0,0.000639,0.161,0.00415,2.3,1.37,1.32,0.322,0.0394
673,1.4463,0.0696,0,0.000571,0.16,0.00416,2.3,1.38,1.31,0.323,0.0394
674,1.4462,0.0705,0,0.000507,0.159,0.00417,2.3,1.38,1.31,0.323,0.0394
675,1.4462,0.071,0,0.000447,0.157,0.0042,2.3,1.38,1.31,0.324,0.0394
676,1.4461,0.0714,0,0.00039,0.156,0.00422,2.3,1.38,1.3,0.324,0.0398
677,1.446,0.0714,0,0.000337,0.155,0.00425,2.3,1.38,1.3,0.325,0.0402
678,1.446,0.0711,0,0.000288,0.153,0.00427,2.3,1.38,1.3,0.326,0.0405
679,1.4459,0.0702,0,0.000243,0.152,0.00429,2.3,1.38,1.29,0.326,0.0409
680,1.4458,0.0689,0,0.000201,0.15,0.00432,2.3,1.38,1.29,0.327,0.0412
681,1.4457,0.0666,0,0.000163,0.149,0.00435,2.3,1.38,1.28,0.328,0.0413
682,1.4457,0.0639,0,0.000129,0.148,0.00438,2.3,1.37,1.27,0.328,0.0414
683,1.4456,0.0605,0,9.93e-05,0.146,0.00442,2.3,1.36,1.26,0.329,0.0415
684,1.4456,0.0569,0,7.31e-05,0.145,0.00446,2.3,1.36,1.25,0.329,0.0415
685,1.4455,0.0527,0,5.09e-05,0.144,0.0045,2.3,1.35,1.24,0.33,0.0416
686,1.4454,0.0487,0,3.26e-05,0.142,0.00455,2.3,1.34,1.23,0.33,0.0417
687,1.4453,0.0447,0,1.84e-05,0.141,0.00459,2.3,1.34,1.23,0.331,0.0417
688,1.4453,0.0409,0,8.2e-06,0.14,0.00465,2.3,1.33,1.22,0.331,0.0418
689,1.4452,0.0371,0,2.06e-06,0.138,0.0047,2.3,1.32,1.21,0.332,0.0419
690,1.4451,0.0337,0,0,0.137,0.00476,2.3,1.32,1.2,0.332,0.042
691,1.445,0.0305,0,0,0.136,0.00483,2.3,1.31,1.19,0.333,0.042
692,1.445,0.0275,0,0,0.135,0.0049,2.3,1.3,1.18,0.333,0.0419
693,1.4449,0.0248,0,0,0.133,0.00499,2.3,1.3,1.17,0.333,0.0419
694,1.4449,0.0223,0,0,0.132,0.00507,2.3,1.29,1.16,0.334,0.0419
695,1.4448,0.0201,0,0,0.131,0.00515,2.3,1.29,1.15,0.334,0.0419
696,1.4447,0.0182,0,0,0.13,0.00524,2.3,1.28,1.14,0.334,0.0419
697,1.4446,0.0164,0,0,0.128,0.00535,2.3,1.27,1.13,0.335,0.0419
698,1.4446,0.0149,0,0,0.127,0.00547,2.3,1.27,1.12,0.335,0.0419
699,1.4445,0.0135,0,0,0.126,0.00559,2.3,1.26,1.11,0.335,0.0419
700,1.4444,0.0122,0,0,0.125,0.00572,2.3,1.25,1.1,0.336,0.0419
701,1.4443,0.0112,0,0,0.123,0.00586,2.3,1.24,1.09,0.336,0.0421
702,1.4442,0.0102,0,0,0.122,0.006,2.3,1.22,1.07,0.337,0.0424
703,1.4441,0.00934,0,0,0.121,0.00615,2.3,1.2,1.05,0.337,0.0426
704,1.444,0.00859,0,0,0.12,0.0063,2.3,1.18,1.03,0.338,0.0428
705,1.4439,0.00792,0,0,0.119,0.00646,2.3,1.17,1.01,0.339,0.043
706,1.4438,0.00731,0,0,0.118,0.00663,2.3,1.15,0.997,0.339,0.0433
707,1.4437,0.00677,0,0,0.117,0.0068,2.3,1.13,0.979,0.34,0.0436
708,1.4435,0.00628,0,0,0.116,0.00699,2.3,1.12,0.961,0.341,0.0439
709,1.4434,0.00583,0,0,0.114,0.0072,2.3,1.1,0.943,0.341,0.0443
710,1.4433,0.00542,0,0,0.113,0.00742,2.3,1.08,0.926,0.342,0.0446
711,1.4431,0.00504,0,0,0.112,0.00765,2.3,1.06,0.908,0.342,0.0446
712,1.443,0.0047,0,0,0.111,0.00789,2.3,1.05,0.89,0.343,0.0447
713,1.4428,0.00437,0,0,0.11,0.00816,2.3,1.03,0.872,0.343,0.0447
714,1.4427,0.00407,0,0,0.109,0.00845,2.3,1.01,0.855,0.344,0.0448
715,1.4425,0.00379,0,0,0.108,0.00876,2.3,0.995,0.837,0.344,0.0448
716,1.4423,0.00353,0,0,0.107,0.00911,2.3,0.978,0.819,0.345,0.045
717,1.4422,0.00329,0,0,0.106,0.00948,2.3,0.961,0.801,0.345,0.0451
718,1.442,0.00306,0,0,0.105,0.00987,2.3,0.943,0.784,0.346,0.0452
719,1.4419,0.00284,0,0,0.104,0.0103,2.3,0.926,0.766,0.346,0.0454
720,1.4417,0.00264,0,0,0.102,0.0107,2.3,0.909,0.748,0.347,0.0455
721,1.4415,0.00246,0,0,0.101,0.0112,2.3,0.925,0.758,0.348,0.0457
722,1.4413,0.00228,0,0,0.1,0.0117,2.3,0.941,0.768,0.348,0.0458
723,1.4411,0.00212,0,0,0.0993,0.0122,2.3,0.956,0.778,0.349,0.046
724,1.4409,0.00196,0,0,0.0983,0.0127,2.3,0.972,0.787,0.35,0.0461
725,1.4407,0.00182,0,0,0.0973,0.0132,2.3,0.988,0.797,0.35,0.0462
726,1.4405,0.00169,0,0,0.0963,0.0137,2.3,1,0.807,0.351,0.0465
727,1.4403,0.00156,0,0,0.0952,0.0143,2.3,1.02,0.817,0.352,0.0468
728,1.4402,0.00145,0,0,0.0942,0.0149,2.3,1.04,0.827,0.353,0.0471
729,1.44,0.00134,0,0,0.0932,0.0155,2.3,1.05,0.837,0.354,0.0474
730,1.4398,0.00124,0,0,0.0922,0.0162,2.3,1.07,0.847,0.355,0.0477
731,1.4396,0.00115,0,0,0.0912,0.017,2.3,1.08,0.856,0.355,0.0481
732,1.4394,0.00106,0,0,0.0902,0.0179,2.3,1.1,0.866,0.355,0.0484
733,1.4393,0.000978,0,0,0.0892,0.0189,2.3,1.11,0.876,0.356,0.0488
734,1.4391,0.000904,0,0,0.0883,0.0199,2.3,1.13,0.886,0.356,0.0491
735,1.4389,0.000836,0,0,0.0873,0.021,2.3,1.15,0.896,0.356,0.0495
736,1.4387,0.000773,0,0,0.0863,0.0221,2.3,1.16,0.906,0.357,0.0497
737,1.4385,0.000715,0,0,0.0853,0.0231,2.3,1.18,0.916,0.357,0.0499
738,1.4384,0.000662,0,0,0.0844,0.0239,2.3,1.19,0.925,0.358,0.0501
739,1.4382,0.000612,0,0,0.0834,0.0247,2.3,1.21,0.935,0.358,0.0504
740,1.438,0.000568,0,0,0.0824,0.0253,2.3,1.22,0.945,0.358,0.0506
741,1.4378,0.000527,0,0,0.0816,0.0258,2.3,1.18,0.911,0.359,0.0507
742,1.4377,0.00049,0,0,0.0807,0.0262,2.3,1.14,0.878,0.359,0.0509
743,1.4375,0.000456,0,0,0.0799,0.0265,2.3,1.1,0.844,0.36,0.0511
744,1.4374,0.000426,0,0,0.079,0.0267,2.3,1.05,0.81,0.36,0.0512
745,1.4372,0.000398,0,0,0.0782,0.0269,2.3,1.01,0.777,0.36,0.0514
746,1.4371,0.000373,0,0,0.0773,0.027,2.3,0.969,0.743,0.361,0.0516
747,1.437,0.000351,0,0,0.0765,0.0271,2.3,0.927,0.71,0.362,0.0518
748,1.4368,0.000331,0,0,0.0756,0.0272,2.3,0.884,0.676,0.362,0.052
749,1.4367,0.000314,0,0,0.0748,0.0273,2.3,0.842,0.642,0.363,0.0521
750,1.4366,0.000298,0,0,0.0739,0.0273,2.3,0.8,0.609,0.363,0.0523
751,1.4364,0.000283,0,0,0.0732,0.0274,2.3,0.757,0.575,0.364,0.0525
752,1.4363,0.000268,0,0,0.0725,0.0274,2.3,0.715,0.541,0.364,0.0527
753,1.4361,0.000253,0,0,0.0717,0.0275,2.3,0.672,0.508,0.365,0.0529
754,1.436,0.000238,0,0,0.071,0.0275,2.3,0.63,0.474,0.365,0.0531
755,1.4358,0.000223,0,0,0.0702,0.0275,2.3,0.587,0.44,0.366,0.0533
756,1.4357,0.000209,0,0,0.0695,0.0275,2.3,0.545,0.407,0.367,0.0536
757,1.4356,0.000194,0,0,0.0688,0.0276,2.3,0.502,0.373,0.367,0.0538
758,1.4354,0.00018,0,0,0.068,0.0276,2.3,0.46,0.339,0.368,0.054
759,1.4353,0.000166,0,0,0.0673,0.0277,2.3,0.418,0.306,0.369,0.0543
760,1.4352,0.000153,0,0,0.0665,0.0277,2.3,0.375,0.272,0.37,0.0545
761,1.4351,0.00014,0,0,0.0659,0.0277,2.3,0.419,0.302,0.37,0.0546
762,1.435,0.000127,0,0,0.0652,0.0277,2.3,0.462,0.331,0.371,0.0547
763,1.4349,0.000115,0,0,0.0645,0.0277,2.3,0.505,0.361,0.371,0.0548
764,1.4348,0.000103,0,0,0.0639,0.0277,2.3,0.549,0.39,0.372,0.0548
765,1.4347,9.18e-05,0,0,0.0632,0.0277,2.3,0.592,0.42,0.372,0.0549
766,1.4346,8.1e-05,0,0,0.0625,0.0277,2.3,0.636,0.449,0.372,0.0549
767,1.4345,7.07e-05,0,0,0.0618,0.0277,2.3,0.679,0.479,0.373,0.0549
768,1.4345,6.1e-05,0,0,0.0612,0.0276,2.3,0.723,0.508,0.373,0.0549
769,1.4344,5.19e-05,0,0,0.0605,0.0276,2.3,0.766,0.538,0.373,0.0549
770,1.4343,4.34e-05,0,0,0.0598,0.0275,2.3,0.81,0.567,0.373,0.0549
771,1.4343,3.55e-05,0,0,0.0591,0.0275,2.3,0.853,0.597,0.374,0.0549
772,1.4342,2.84e-05,0,0,0.0584,0.0275,2.3,0.896,0.626,0.374,0.0549
773,1.4342,2.2e-05,0,0,0.0577,0.0274,2.3,0.94,0.656,0.374,0.055
774,1.4341,1.63e-05,0,0,0.057,0.0273,2.3,0.983,0.685,0.375,0.055
775,1.4341,1.15e-05,0,0,0.0563,0.0272,2.3,1.03,0.715,0.375,0.055
776,1.4341,7.43e-06,0,0,0.0556,0.0271,2.3,1.07,0.744,0.375,0.0555
777,1.4341,4.23e-06,0,0,0.0549,0.027,2.3,1.11,0.774,0.376,0.056
778,1.434,1.9e-06,0,0,0.0542,0.0269,2.3,1.16,0.803,0.376,0.0565
779,1.434,4.8e-07,0,0,0.0535,0.0268,2.3,1.2,0.833,0.377,0.0569
780,1.434,1.05e-13,0,0,0.0528,0.0266,2.3,1.24,0.862,0.377,0.0574
781,1.434,0,0,0,0.0523,0.0265,2.3,1.24,0.859,0.378,0.0575
782,1.434,0,0,0,0.0517,0.0263,2.3,1.24,0.855,0.378,0.0577
783,1.434,0,0,0,0.0511,0.0262,2.3,1.24,0.852,0.379,0.0578
784,1.434,0,0,0,0.0505,0.0261,2.3,1.24,0.848,0.379,0.0579
785,1.434,0,0,0,0.0499,0.0259,2.3,1.23,0.845,0.38,0.058
786,1.434,0,0,0,0.0493,0.0256,2.3,1.23,0.842,0.38,0.0581
787,1.4341,0,0,0,0.0487,0.0252,2.3,1.23,0.838,0.381,0.0582
788,1.4341,0,0,0,0.0482,0.0251,2.3,1.23,0.835,0.381,0.0583
789,1.4342,0,0,0,0.0476,0.025,2.3,1.23,0.831,0.382,0.0584
790,1.4342,0,0,0,0.047,0.0247,2.3,1.22,0.828,0.382,0.0585
791,1.4342,0,0,0,0.0465,0.0245,2.3,1.22,0.825,0.383,0.0588
792,1.4342,0,0,0,0.0459,0.0241,2.3,1.22,0.821,0.383,0.0592
793,1.4343,0,0,0,0.0454,0.0239,2.3,1.22,0.818,0.383,0.0596
794,1.4343,0,0,0,0.0449,0.0237,2.3,1.21,0.814,0.384,0.0599
795,1.4343,0,0,0,0.0444,0.0236,2.3,1.21,0.811,0.384,0.0603
796,1.4343,0,0,0,0.0439,0.0234,2.3,1.21,0.808,0.384,0.0603
797,1.4344,0,0,0,0.0433,0.0232,2.3,1.21,0.804,0.385,0.0603
798,1.4344,0,0,0,0.0428,0.023,2.3,1.21,0.801,0.385,0.0603
799,1.4345,0,0,0,0.0423,0.0228,2.3,1.2,0.797,0.385,0.0603
800,1.4345,0,0,0,0.0418,0.0225,2.3,1.2,0.794,0.386,0.0603
801,1.4345,0,0,0,0.0413,0.0224,2.3,1.19,0.784,0.386,0.0606
802,1.4346,0,0,0,0.0408,0.0224,2.3,1.17,0.774,0.387,0.061
803,1.4346,0,0,0,0.0403,0.0222,2.3,1.16,0.764,0.387,0.0614
804,1.4347,0,0,0,0.0399,0.022,2.3,1.15,0.754,0.388,0.0617
805,1.4347,0,0,0,0.0394,0.022,2.3,1.13,0.744,0.388,0.0621
806,1.4347,0,0,0,0.0389,0.022,2.3,1.12,0.734,0.389,0.0622
807,1.4347,0,0,0,0.0384,0.022,2.3,1.11,0.724,0.389,0.0624
808,1.4347,0,0,0,0.0379,0.0218,2.3,1.09,0.714,0.39,0.0625
809,1.4347,0,0,0,0.0375,0.0219,2.3,1.08,0.704,0.39,0.0627
810,1.4347,0,0,0,0.037,0.0219,2.3,1.07,0.694,0.391,0.0628
811,1.4347,0,0,0,0.0366,0.0219,2.3,1.05,0.684,0.391,0.0628
812,1.4347,0,0,0,0.0362,0.022,2.3,1.04,0.673,0.392,0.0628
813,1.4347,0,0,0,0.0357,0.0221,2.3,1.03,0.663,0.392,0.0628
814,1.4347,0,0,0,0.0353,0.0222,2.3,1.01,0.653,0.393,0.0628
815,1.4347,0,0,0,0.0349,0.0223,2.3,1,0.643,0.393,0.0628
816,1.4347,0,0,0,0.0345,0.0225,2.3,0.987,0.633,0.394,0.063
817,1.4347,0,0,0,0.0341,0.0228,2.3,0.973,0.623,0.394,0.0632
818,1.4347,0,0,0,0.0337,0.023,2.3,0.96,0.613,0.395,0.0634
819,1.4347,0,0,0,0.0333,0.0231,2.3,0.946,0.603,0.396,0.0637
820,1.4347,0,0,0,0.0329,0.0233,2.3,0.933,0.593,0.396,0.0639
821,1.4347,0,0,0,0.0325,0.0239,2.3,0.942,0.597,0.397,0.0643
822,1.4347,0,0,0,0.0321,0.0245,2.3,0.95,0.601,0.397,0.0648
823,1.4347,0,0,0,0.0318,0.0248,2.3,0.959,0.606,0.398,0.0653
824,1.4347,0,0,0,0.0314,0.0252,2.3,0.967,0.61,0.398,0.0657
825,1.4347,0,0,0,0.031,0.0262,2.3,0.976,0.614,0.399,0.0662
826,1.4347,0,0,0,0.0307,0.0277,2.3,0.985,0.618,0.399,0.0664
827,1.4347,0,0,0,0.0303,0.0283,2.3,0.993,0.622,0.4,0.0667
828,1.4348,0,0,0,0.0299,0.0291,2.3,1,0.626,0.4,0.067
829,1.4348,0,0,0,0.0295,0.0311,2.3,1.01,0.63,0.4,0.0672
830,1.4348,0,0,0,0.0292,0.0321,2.3,1.02,0.635,0.401,0.0675
831,1.4348,0,0,0,0.0289,0.033,2.3,1.03,0.639,0.401,0.0675
832,1.4348,0,0,0,0.0285,0.0346,2.3,1.04,0.643,0.401,0.0675
833,1.4348,0,0,0,0.0282,0.0361,2.3,1.05,0.647,0.402,0.0675
834,1.4348,0,0,0,0.0279,0.0366,2.3,1.05,0.651,0.402,0.0675
835,1.4348,0,0,0,0.0275,0.037,2.3,1.06,0.655,0.402,0.0675
836,1.4348,0,0,0,0.0272,0.0379,2.3,1.07,0.659,0.402,0.0675
837,1.4348,0,0,0,0.0269,0.0383,2.3,1.08,0.664,0.403,0.0675
838,1.4348,0,0,0,0.0266,0.0385,2.3,1.09,0.668,0.403,0.0675
839,1.4348,0,0,0,0.0262,0.0391,2.3,1.1,0.672,0.403,0.0675
840,1.4348,0,0,0,0.0259,0.0395,2.3,1.11,0.676,0.403,0.0675
841,1.4348,0,0,0,0.0256,0.0397,2.3,1.11,0.675,0.404,0.0678
842,1.4348,0,0,0,0.0253,0.04,2.3,1.11,0.674,0.404,0.0681
843,1.4348,0,0,0,0.025,0.0404,2.3,1.11,0.674,0.405,0.0684
844,1.4348,0,0,0,0.0247,0.0406,2.3,1.11,0.673,0.405,0.0687
845,1.4348,0,0,0,0.0244,0.0408,2.3,1.11,0.672,0.406,0.069
846,1.4348,0,0,0,0.0241,0.0412,2.3,1.11,0.671,0.406,0.0694
847,1.4348,0,0,0,0.0238,0.0413,2.3,1.11,0.67,0.407,0.0698
848,1.4347,0,0,0,0.0235,0.0415,2.3,1.11,0.67,0.407,0.0702
849,1.4347,0,0,0,0.0232,0.042,2.3,1.11,0.669,0.408,0.0707
850,1.4347,0,0,0,0.0229,0.042,2.3,1.11,0.668,0.408,0.0711
851,1.4347,0,0,0,0.0226,0.0422,2.3,1.11,0.667,0.408,0.0711
852,1.4347,0,0,0,0.0224,0.0425,2.3,1.11,0.666,0.409,0.0711
853,1.4347,0,0,0,0.0221,0.0427,2.3,1.11,0.666,0.409,0.0711
854,1.4347,0,0,0,0.0219,0.0428,2.3,1.11,0.665,0.409,0.0711
855,1.4347,0,0,0,0.0216,0.0431,2.3,1.11,0.664,0.409,0.0711
856,1.4347,0,0,0,0.0213,0.0436,2.3,1.11,0.663,0.41,0.0711
857,1.4347,0,0,0,0.0211,0.0437,2.3,1.11,0.662,0.41,0.0711
858,1.4346,0,0,0,0.0208,0.0438,2.3,1.11,0.662,0.41,0.0711
859,1.4346,0,0,0,0.0206,0.0443,2.3,1.11,0.661,0.41,0.0711
860,1.4346,0,0,0,0.0203,0.0445,2.3,1.11,0.66,0.411,0.0711
861,1.4346,0,0,0,0.0201,0.0447,2.3,1.11,0.658,0.411,0.0711
862,1.4346,0,0,0,0.0198,0.0451,2.3,1.11,0.656,0.411,0.0712
863,1.4345,0,0,0,0.0196,0.0453,2.3,1.11,0.654,0.412,0.0713
864,1.4345,0,0,0,0.0194,0.0455,2.3,1.11,0.652,0.412,0.0713
865,1.4345,0,0,0,0.0192,0.0461,2.3,1.11,0.65,0.412,0.0714
866,1.4345,0,0,0,0.0189,0.0466,2.3,1.11,0.648,0.413,0.072
867,1.4345,0,0,0,0.0187,0.0469,2.3,1.11,0.646,0.413,0.0726
868,1.4345,0,0,0,0.0185,0.0471,2.3,1.11,0.644,0.414,0.0732
869,1.4345,0,0,0,0.0183,0.0471,2.3,1.11,0.642,0.415,0.0737
870,1.4345,0,0,0,0.018,0.0475,2.3,1.11,0.64,0.415,0.0743
871,1.4345,0,0,0,0.0178,0.0483,2.3,1.11,0.638,0.416,0.0743
872,1.4345,0,0,0,0.0176,0.0487,2.3,1.11,0.636,0.416,0.0743
873,1.4344,0,0,0,0.0174,0.0489,2.3,1.11,0.634,0.417,0.0743
874,1.4344,0,0,0,0.0172,0.0496,2.3,1.11,0.632,0.417,0.0743
875,1.4344,0,0,0,0.017,0.0501,2.3,1.11,0.63,0.418,0.0743
876,1.4344,0,0,0,0.0168,0.0505,2.3,1.11,0.628,0.418,0.0745
877,1.4343,0,0,0,0.0166,0.0512,2.3,1.11,0.626,0.418,0.0746
878,1.4343,0,0,0,0.0164,0.0515,2.3,1.11,0.624,0.419,0.0747
879,1.4342,0,0,0,0.0162,0.052,2.3,1.11,0.622,0.419,0.0749
880,1.4342,0,0,0,0.016,0.053,2.3,1.1,0.62,0.419,0.075
881,1.4342,0,0,0,0.0159,0.0535,2.3,1.09,0.609,0.42,0.0752
882,1.4342,0,0,0,0.0157,0.0539,2.3,1.07,0.599,0.42,0.0754
883,1.4341,0,0,0,0.0155,0.0547,2.3,1.05,0.588,0.42,0.0756
884,1.4341,0,0,0,0.0153,0.0553,2.3,1.04,0.578,0.421,0.0758
885,1.4341,0,0,0,0.0152,0.0557,2.3,1.02,0.567,0.421,0.076
886,1.4341,0,0,0,0.015,0.056,2.3,1,0.556,0.421,0.0761
887,1.4341,0,0,0,0.0148,0.0565,2.3,0.985,0.546,0.422,0.0763
888,1.434,0,0,0,0.0146,0.0575,2.3,0.968,0.535,0.422,0.0765
889,1.434,0,0,0,0.0145,0.0579,2.3,0.951,0.525,0.422,0.0767
890,1.434,0,0,0,0.0143,0.0583,2.3,0.934,0.514,0.423,0.0769
891,1.434,0,0,0,0.0141,0.0592,2.3,0.917,0.503,0.423,0.0772
892,1.4339,0,0,0,0.014,0.0598,2.3,0.9,0.493,0.423,0.0775
893,1.4339,0,0,0,0.0139,0.0601,2.3,0.883,0.482,0.424,0.0777
894,1.4338,0,0,0,0.0137,0.0604,2.3,0.866,0.472,0.424,0.078
895,1.4338,0,0,0,0.0136,0.0609,2.3,0.849,0.461,0.424,0.0783
896,1.4338,0,0,0,0.0134,0.0619,2.3,0.832,0.45,0.424,0.0785
897,1.4338,0,0,0,0.0133,0.0623,2.3,0.815,0.44,0.425,0.0787
898,1.4337,0,0,0,0.0131,0.0627,2.3,0.798,0.429,0.425,0.0789
899,1.4337,0,0,0,0.013,0.0636,2.3,0.781,0.419,0.425,0.0791
900,1.4337,0,0,0,0.0129,0.0641,2.3,0.764,0.408,0.425,0.0793
901,1.4337,0,0,0,0.0128,0.0646,2.3,0.776,0.413,0.426,0.0794
902,1.4336,0,0,0,0.0127,0.0656,2.3,0.788,0.418,0.426,0.0796
903,1.4336,0,0,0,0.0126,0.0664,2.3,0.799,0.423,0.426,0.0798
904,1.4335,0,0,0,0.0125,0.0667,2.3,0.811,0.428,0.426,0.0799
905,1.4335,0,0,0,0.0124,0.067,2.3,0.823,0.433,0.427,0.0801
906,1.4335,0,0,0,0.0123,0.0677,2.3,0.835,0.438,0.427,0.0801
907,1.4335,0,0,0,0.0122,0.069,2.3,0.847,0.443,0.427,0.0801
908,1.4334,0,0,0,0.0121,0.0699,2.3,0.858,0.448,0.428,0.0801
909,1.4334,0,0,0,0.012,0.0704,2.3,0.87,0.453,0.428,0.0801
910,1.4334,0,0,0,0.0119,0.0709,2.3,0.882,0.458,0.428,0.0801
911,1.4334,0,0,0,0.0118,0.0719,2.3,0.894,0.463,0.429,0.0802
912,1.4333,0,0,0,0.0117,0.0736,2.3,0.906,0.467,0.429,0.0804
913,1.4333,0,0,0,0.0116,0.0749,2.3,0.917,0.472,0.43,0.0806
914,1.4332,0,0,0,0.0115,0.0756,2.3,0.929,0.477,0.43,0.0807
915,1.4332,0,0,0,0.0114,0.0763,2.3,0.941,0.482,0.43,0.0809
916,1.4332,0,0,0,0.0113,0.0779,2.3,0.953,0.487,0.431,0.0812
917,1.4332,0,0,0,0.0112,0.0809,2.3,0.965,0.492,0.431,0.0815
918,1.4331,0,0,0,0.0111,0.0829,2.3,0.976,0.497,0.432,0.0818
919,1.4331,0,0,0,0.011,0.0841,2.3,0.988,0.502,0.432,0.0821
920,1.4331,0,0,0,0.0109,0.0853,2.3,1,0.507,0.432,0.0824
921,1.4331,0,0,0,0.0108,0.088,2.3,0.977,0.495,0.433,0.0827
922,1.433,0,0,0,0.0107,0.0927,2.3,0.954,0.483,0.433,0.083
923,1.433,0,0,0,0.0106,0.0958,2.3,0.931,0.47,0.434,0.0833
924,1.4329,0,0,0,0.0105,0.0982,2.3,0.908,0.458,0.434,0.0836
925,1.4329,0,0,0,0.0104,0.101,2.3,0.886,0.446,0.435,0.0839
926,1.4329,0,0,0,0.0103,0.104,2.3,0.863,0.434,0.435,0.084
927,1.4328,0,0,0,0.0102,0.107,2.3,0.84,0.422,0.436,0.0842
928,1.4328,0,0,0,0.0101,0.111,2.3,0.817,0.409,0.436,0.0843
929,1.4327,0,0,0,0.00998,0.119,2.3,0.794,0.397,0.436,0.0845
930,1.4327,0,0,0,0.00988,0.125,2.3,0.771,0.385,0.437,0.0846
931,1.4326,0,0,0,0.00979,0.128,2.3,0.748,0.373,0.437,0.085
932,1.4326,0,0,0,0.00969,0.133,2.3,0.725,0.361,0.437,0.0853
933,1.4325,0,0,0,0.0096,0.137,2.3,0.702,0.348,0.438,0.0856
934,1.4325,0,0,0,0.0095,0.141,2.3,0.679,0.336,0.438,0.0859
935,1.4324,0,0,0,0.0094,0.147,2.3,0.657,0.324,0.438,0.0862
936,1.4324,0,0,0,0.00931,0.156,2.3,0.634,0.312,0.438,0.0864
937,1.4323,0,0,0,0.00921,0.164,2.3,0.611,0.3,0.439,0.0865
938,1.4323,0,0,0,0.00912,0.169,2.3,0.588,0.287,0.439,0.0867
939,1.4322,0,0,0,0.00903,0.173,2.3,0.565,0.275,0.439,0.0869
940,1.4322,0,0,0,0.00893,0.182,2.3,0.542,0.263,0.439,0.087
941,1.4322,0,0,0,0.00884,0.196,2.3,0.541,0.262,0.44,0.0874
942,1.4321,0,0,0,0.00874,0.205,2.3,0.54,0.261,0.44,0.0877
943,1.4321,0,0,0,0.00865,0.211,2.3,0.54,0.26,0.44,0.088
944,1.432,0,0,0,0.00856,0.219,2.3,0.539,0.259,0.441,0.0884
945,1.432,0,0,0,0.00846,0.229,2.3,0.538,0.258,0.441,0.0887
946,1.432,0,0,0,0.00837,0.239,2.3,0.537,0.257,0.441,0.0888
947,1.4319,0,0,0,0.00828,0.247,2.3,0.536,0.256,0.442,0.0889
948,1.4319,0,0,0,0.00819,0.254,2.3,0.535,0.255,0.442,0.089
949,1.4318,0,0,0,0.0081,0.27,2.3,0.534,0.255,0.442,0.0891
950,1.4318,0,0,0,0.008,0.298,2.3,0.534,0.254,0.442,0.0893
951,1.4318,0,0,0,0.00791,0.315,2.3,0.533,0.253,0.443,0.0895
952,1.4317,0,0,0,0.00782,0.327,2.3,0.532,0.252,0.443,0.0897
953,1.4317,0,0,0,0.00773,0.344,2.3,0.531,0.251,0.443,0.0899
954,1.4316,0,0,0,0.00764,0.362,2.3,0.53,0.25,0.444,0.0901
955,1.4316,0,0,0,0.00755,0.379,2.3,0.529,0.249,0.444,0.0904
956,1.4316,0,0,0,0.00746,0.393,2.3,0.528,0.248,0.444,0.0906
957,1.4315,0,0,0,0.00737,0.407,2.3,0.528,0.247,0.444,0.0908
958,1.4315,0,0,0,0.00728,0.418,2.3,0.527,0.246,0.444,0.091
959,1.4314,0,0,0,0.0072,0.427,2.3,0.526,0.245,0.444,0.0913
960,1.4314,0,0,0,0.00711,0.439,2.3,0.525,0.244,0.444,0.0915
961,1.4313,0,0,0,0.00702,0.454,2.3,0.536,0.248,0.444,0.0919
962,1.4313,0,0,0,0.00693,0.461,2.3,0.547,0.253,0.444,0.0923
963,1.4312,0,0,0,0.00684,0.463,2.3,0.559,0.257,0.445,0.0927
964,1.4312,0,0,0,0.00676,0.466,2.3,0.57,0.262,0.445,0.093
965,1.4311,0,0,0,0.00667,0.47,2.3,0.581,0.266,0.445,0.0934
966,1.431,0,0,0,0.00659,0.473,2.3,0.592,0.27,0.445,0.0936
967,1.431,0,0,0,0.0065,0.476,2.3,0.603,0.275,0.445,0.0937
968,1.4309,0,0,0,0.00641,0.477,2.3,0.615,0.279,0.446,0.0938
969,1.4309,0,0,0,0.00633,0.479,2.3,0.626,0.284,0.446,0.094
970,1.4308,0,0,0,0.00624,0.48,2.3,0.637,0.288,0.446,0.0941
971,1.4307,0,0,0,0.00616,0.481,2.3,0.648,0.292,0.447,0.0944
972,1.4307,0,0,0,0.00608,0.483,2.3,0.659,0.297,0.447,0.0946
973,1.4306,0,0,0,0.00599,0.484,2.3,0.671,0.301,0.447,0.0949
974,1.4306,0,0,0,0.00591,0.486,2.3,0.682,0.306,0.447,0.0951
975,1.4305,0,0,0,0.00583,0.487,2.3,0.693,0.31,0.448,0.0953
976,1.4304,0,0,0,0.00575,0.487,2.3,0.704,0.314,0.448,0.0954
977,1.4304,0,0,0,0.00566,0.486,2.3,0.715,0.319,0.448,0.0955
978,1.4303,0,0,0,0.00558,0.486,2.3,0.727,0.323,0.449,0.0955
979,1.4303,0,0,0,0.0055,0.484,2.3,0.738,0.328,0.449,0.0956
980,1.4302,0,0,0,0.00542,0.482,2.3,0.749,0.332,0.449,0.0956
981,1.4301,0,0,0,0.00534,0.48,2.3,0.756,0.334,0.449,0.0957
982,1.43,0,0,0,0.00526,0.479,2.3,0.764,0.337,0.45,0.0958
983,1.43,0,0,0,0.00518,0.476,2.3,0.771,0.339,0.45,0.0958
984,1.4299,0,0,0,0.0051,0.474,2.3,0.779,0.342,0.45,0.0959
985,1.4298,0,0,0,0.00502,0.471,2.3,0.786,0.344,0.45,0.0959
986,1.4297,0,0,0,0.00495,0.468,2.3,0.793,0.346,0.451,0.0962
987,1.4297,0,0,0,0.00487,0.464,2.3,0.801,0.349,0.451,0.0964
988,1.4296,0,0,0,0.00479,0.46,2.3,0.808,0.351,0.451,0.0967
989,1.4296,0,0,0,0.00471,0.457,2.3,0.816,0.354,0.452,0.097
990,1.4295,0,0,0,0.00464,0.453,2.3,0.823,0.356,0.452,0.0972
991,1.4294,0,0,0,0.00456,0.448,2.3,0.83,0.358,0.453,0.098
992,1.4293,0,0,0,0.00449,0.443,2.3,0.838,0.361,0.453,0.0987
993,1.4293,0,0,0,0.00441,0.44,2.3,0.845,0.363,0.454,0.0995
994,1.4292,0,0,0,0.00434,0.436,2.3,0.853,0.366,0.454,0.1
995,1.4291,0,0,0,0.00426,0.432,2.3,0.86,0.368,0.455,0.101
996,1.429,0,0,0,0.00419,0.427,2.3,0.867,0.37,0.455,0.101
997,1.4289,0,0,0,0.00412,0.422,2.3,0.875,0.373,0.455,0.101
998,1.4289,0,0,0,0.00404,0.417,2.3,0.882,0.375,0.456,0.101
999,1.4288,0,0,0,0.00397,0.412,2.3,0.89,0.378,0.456,0.101
1000,1.4287,0,0,0,0.0039,0.407,2.3,0.897,0.38,0.457,0.101
1001,1.4286,0,0,0,0.00383,0.402,2.3,0.895,0.379,0.457,0.101
1002,1.4285,0,0,0,0.00376,0.396,2.3,0.893,0.377,0.457,0.101
1003,1.4285,0,0,0,0.00369,0.392,2.3,0.892,0.376,0.457,0.101
1004,1.4284,0,0,0,0.00362,0.387,2.3,0.89,0.374,0.458,0.101
1005,1.4283,0,0,0,0.00355,0.382,2.3,0.888,0.373,0.458,0.101
1006,1.4282,0,0,0,0.00348,0.376,2.3,0.886,0.371,0.458,0.102
1007,1.4281,0,0,0,0.00342,0.37,2.3,0.884,0.37,0.458,0.102
1008,1.4281,0,0,0,0.00335,0.364,2.3,0.882,0.368,0.458,0.102
1009,1.428,0,0,0,0.00328,0.358,2.3,0.88,0.367,0.458,0.102
1010,1.4279,0,0,0,0.00322,0.352,2.3,0.879,0.366,0.458,0.102
1011,1.4278,0,0,0,0.00315,0.346,2.3,0.877,0.364,0.458,0.103
1012,1.4277,0,0,0,0.00309,0.34,2.3,0.875,0.363,0.458,0.103
1013,1.4276,0,0,0,0.00302,0.335,2.3,0.873,0.361,0.458,0.103
1014,1.4275,0,0,0,0.00296,0.33,2.3,0.871,0.36,0.459,0.103
1015,1.4274,0,0,0,0.00289,0.324,2.3,0.869,0.358,0.459,0.104
1016,1.4273,0,0,0,0.00283,0.319,2.3,0.867,0.357,0.459,0.104
1017,1.4272,0,0,0,0.00277,0.314,2.3,0.866,0.355,0.459,0.104
1018,1.4272,0,0,0,0.00271,0.309,2.3,0.864,0.354,0.459,0.104
1019,1.4271,0,0,0,0.00265,0.302,2.3,0.862,0.353,0.46,0.104
1020,1.427,0,0,0,0.00259,0.296,2.3,0.86,0.351,0.46,0.104
1021,1.4269,0,0,0,0.00253,0.29,2.3,0.859,0.35,0.46,0.104
1022,1.4268,0,0,0,0.00247,0.284,2.3,0.858,0.349,0.46,0.104
1023,1.4267,0,0,0,0.00241,0.278,2.3,0.856,0.348,0.461,0.104
1024,1.4266,0,0,0,0.00235,0.272,2.3,0.855,0.346,0.461,0.104
1025,1.4265,0,0,0,0.00229,0.267,2.3,0.854,0.345,0.461,0.104
1026,1.4264,0,0,0,0.00223,0.262,2.3,0.853,0.344,0.461,0.104
1027,1.4263,0,0,0,0.00218,0.257,2.3,0.851,0.343,0.461,0.105
1028,1.4263,0,0,0,0.00212,0.251,2.3,0.85,0.342,0.462,0.106
1029,1.4262,0,0,0,0.00207,0.244,2.3,0.849,0.341,0.462,0.106
1030,1.4261,0,0,0,0.00201,0.239,2.3,0.848,0.34,0.462,0.107
1031,1.426,0,0,0,0.00196,0.236,2.3,0.846,0.338,0.462,0.108
1032,1.4259,0,0,0,0.00191,0.233,2.3,0.845,0.337,0.462,0.108
1033,1.4258,0,0,0,0.00185,0.23,2.3,0.844,0.336,0.463,0.109
1034,1.4257,0,0,0,0.0018,0.225,2.3,0.843,0.335,0.463,0.109
1035,1.4256,0,0,0,0.00175,0.22,2.3,0.841,0.334,0.463,0.11
1036,1.4255,0,0,0,0.0017,0.215,2.3,0.84,0.333,0.463,0.11
1037,1.4254,0,0,0,0.00165,0.211,2.3,0.839,0.332,0.463,0.11
1038,1.4253,0,0,0,0.0016,0.206,2.3,0.838,0.33,0.463,0.11
1039,1.4252,0,0,0,0.00155,0.202,2.3,0.836,0.329,0.463,0.11
1040,1.4251,0,0,0,0.0015,0.198,2.3,0.835,0.328,0.463,0.11
1041,1.425,0,0,0,0.00146,0.194,2.3,0.833,0.327,0.463,0.11
1042,1.4249,0,0,0,0.00141,0.19,2.3,0.832,0.326,0.463,0.11
1043,1.4248,0,0,0,0.00136,0.187,2.3,0.83,0.324,0.463,0.11
1044,1.4247,0,0,0,0.00132,0.184,2.3,0.828,0.323,0.463,0.11
1045,1.4246,0,0,0,0.00127,0.182,2.3,0.827,0.322,0.463,0.11
1046,1.4245,0,0,0,0.00123,0.179,2.3,0.825,0.321,0.463,0.11
1047,1.4244,0,0,0,0.00119,0.175,2.3,0.823,0.32,0.463,0.11
1048,1.4242,0,0,0,0.00114,0.172,2.3,0.821,0.318,0.463,0.11
1049,1.4241,0,0,0,0.0011,0.169,2.3,0.82,0.317,0.463,0.11
1050,1.424,0,0,0,0.00106,0.166,2.3,0.818,0.316,0.463,0.11
1051,1.4239,0,0,0,0.00102,0.164,2.3,0.816,0.315,0.463,0.11
1052,1.4238,0,0,0,0.000981,0.161,2.3,0.815,0.314,0.463,0.11
1053,1.4237,0,0,0,0.000942,0.159,2.3,0.813,0.312,0.463,0.11
1054,1.4236,0,0,0,0.000904,0.156,2.3,0.811,0.311,0.463,0.11
1055,1.4235,0,0,0,0.000867,0.155,2.3,0.81,0.31,0.463,0.11
1056,1.4234,0,0,0,0.00083,0.153,2.3,0.808,0.309,0.463,0.111
1057,1.4233,0,0,0,0.000794,0.152,2.3,0.806,0.308,0.463,0.111
1058,1.4232,0,0,0,0.000758,0.151,2.3,0.804,0.306,0.463,0.111
1059,1.4231,0,0,0,0.000724,0.15,2.3,0.803,0.305,0.464,0.111
1060,1.423,0,0,0,0.00069,0.148,2.3,0.801,0.304,0.464,0.111
1061,1.4229,0,0,0,0.000657,0.146,2.3,0.798,0.302,0.464,0.112
1062,1.4228,0,0,0,0.000625,0.145,2.3,0.794,0.301,0.465,0.112
1063,1.4226,0,0,0,0.000593,0.144,2.3,0.791,0.299,0.465,0.113
1064,1.4225,0,0,0,0.000563,0.144,2.3,0.788,0.297,0.465,0.113
1065,1.4224,0,0,0,0.000533,0.143,2.3,0.785,0.296,0.466,0.113
1066,1.4223,0,0,0,0.000503,0.143,2.3,0.781,0.294,0.466,0.113
1067,1.4222,0,0,0,0.000475,0.142,2.3,0.778,0.292,0.466,0.113
1068,1.422,0,0,0,0.000447,0.141,2.3,0.775,0.29,0.467,0.113
1069,1.4219,0,0,0,0.000421,0.141,2.3,0.771,0.289,0.467,0.113
1070,1.4218,0,0,0,0.000394,0.141,2.3,0.768,0.287,0.467,0.113
1071,1.4217,0,0,0,0.000369,0.141,2.3,0.765,0.285,0.467,0.114
1072,1.4216,0,0,0,0.000345,0.141,2.3,0.761,0.284,0.467,0.114
1073,1.4215,0,0,0,0.000321,0.141,2.3,0.758,0.282,0.468,0.114
1074,1.4214,0,0,0,0.000298,0.141,2.3,0.755,0.28,0.468,0.114
1075,1.4213,0,0,0,0.000276,0.141,2.3,0.752,0.279,0.468,0.115
1076,1.4212,0,0,0,0.000255,0.143,2.3,0.748,0.277,0.468,0.115
1077,1.4211,0,0,0,0.000234,0.144,2.3,0.745,0.275,0.468,0.115
1078,1.4209,0,0,0,0.000215,0.144,2.3,0.742,0.273,0.468,0.115
1079,1.4208,0,0,0,0.000196,0.144,2.3,0.738,0.272,0.468,0.115
1080,1.4207,0,0,0,0.000178,0.144,2.3,0.735,0.27,0.468,0.116
1081,1.4206,0,0,0,0.000161,0.146,2.3,0.733,0.269,0.468,0.116
1082,1.4205,0,0,0,0.000145,0.148,2.3,0.73,0.267,0.468,0.116
1083,1.4203,0,0,0,0.000129,0.15,2.3,0.728,0.266,0.469,0.116
1084,1.4202,0,0,0,0.000115,0.152,2.3,0.725,0.265,0.469,0.116
1085,1.4201,0,0,0,0.000101,0.153,2.3,0.723,0.264,0.469,0.117
1086,1.42,0,0,0,8.8e-05,0.155,2.3,0.721,0.262,0.469,0.117
1087,1.4199,0,0,0,7.6e-05,0.156,2.3,0.718,0.261,0.469,0.117
1088,1.4197,0,0,0,6.49e-05,0.158,2.3,0.716,0.26,0.469,0.117
1089,1.4196,0,0,0,5.46e-05,0.16,2.3,0.713,0.258,0.47,0.118
1090,1.4195,0,0,0,4.52e-05,0.163,2.3,0.711,0.257,0.47,0.118
1091,1.4194,0,0,0,3.67e-05,0.166,2.3,0.709,0.256,0.47,0.118
1092,1.4193,0,0,0,2.9e-05,0.168,2.3,0.706,0.254,0.47,0.118
1093,1.4191,0,0,0,2.23e-05,0.169,2.3,0.704,0.253,0.471,0.119
1094,1.419,0,0,0,1.64e-05,0.171,2.3,0.701,0.252,0.471,0.119
1095,1.4189,0,0,0,1.14e-05,0.174,2.3,0.699,0.251,0.471,0.119
1096,1.4188,0,0,0,7.3e-06,0.178,2.3,0.697,0.249,0.472,0.119
1097,1.4187,0,0,0,4.11e-06,0.182,2.3,0.694,0.248,0.472,0.119
1098,1.4185,0,0,0,1.83e-06,0.187,2.3,0.692,0.247,0.472,0.119
1099,1.4184,0,0,0,4.58e-07,0.189,2.3,0.689,0.245,0.472,0.119
1100,1.4183,0,0,0,0,0.191,2.3,0.687,0.244,0.472,0.12
1101,1.4182,0,0,0,0,0.193,2.3,0.663,0.236,0.472,0.12
1102,1.4181,0,0,0,0,0.197,2.3,0.64,0.227,0.472,0.12
1103,1.4179,0,0,0,0,0.201,2.3,0.616,0.219,0.472,0.12
1104,1.4178,0,0,0,0,0.203,2.3,0.592,0.21,0.472,0.12
1105,1.4177,0,0,0,0,0.205,2.3,0.569,0.202,0.472,0.12
1106,1.4176,0,0,0,0,0.208,2.3,0.545,0.193,0.472,0.12
1107,1.4175,0,0,0,0,0.212,2.3,0.522,0.185,0.472,0.121
1108,1.4173,0,0,0,0,0.217,2.3,0.498,0.176,0.472,0.121
1109,1.4172,0,0,0,0,0.22,2.3,0.474,0.168,0.473,0.121
1110,1.4171,0,0,0,0,0.222,2.3,0.451,0.16,0.473,0.121
1111,1.417,0,0,0,0,0.225,2.3,0.427,0.151,0.473,0.122
1112,1.4169,0,0,0,0,0.23,2.3,0.403,0.143,0.473,0.122
1113,1.4167,0,0,0,0,0.234,2.3,0.38,0.134,0.474,0.122
1114,1.4166,0,0,0,0,0.235,2.3,0.356,0.126,0.474,0.122
1115,1.4165,0,0,0,0,0.234,2.3,0.332,0.117,0.474,0.122
1116,1.4164,0,0,0,0,0.235,2.3,0.309,0.109,0.474,0.122
1117,1.4163,0,0,0,0,0.24,2.3,0.285,0.1,0.475,0.123
1118,1.4161,0,0,0,0,0.245,2.3,0.261,0.0919,0.475,0.123
1119,1.416,0,0,0,0,0.249,2.3,0.238,0.0835,0.475,0.123
1120,1.4159,0,0,0,0,0.253,2.3,0.214,0.075,0.475,0.123
1121,1.4158,0,0,0,0,0.258,2.3,0.223,0.0779,0.475,0.123
1122,1.4157,0,0,0,0,0.265,2.3,0.232,0.0808,0.475,0.123
1123,1.4156,0,0,0,0,0.272,2.3,0.241,0.0837,0.475,0.123
1124,1.4155,0,0,0,0,0.277,2.3,0.25,0.0866,0.475,0.124
1125,1.4154,0,0,0,0,0.281,2.3,0.259,0.0895,0.475,0.124
1126,1.4153,0,0,0,0,0.289,2.3,0.268,0.0924,0.475,0.124
1127,1.4152,0,0,0,0,0.302,2.3,0.277,0.0953,0.475,0.124
1128,1.415,0,0,0,0,0.316,2.3,0.286,0.0982,0.475,0.124
1129,1.4149,0,0,0,0,0.327,2.3,0.296,0.101,0.475,0.125
1130,1.4148,0,0,0,0,0.338,2.3,0.305,0.104,0.475,0.125
1131,1.4147,0,0,0,0,0.353,2.3,0.314,0.107,0.475,0.125
1132,1.4146,0,0,0,0,0.377,2.3,0.323,0.11,0.475,0.125
1133,1.4145,0,0,0,0,0.404,2.3,0.332,0.113,0.476,0.125
1134,1.4144,0,0,0,0,0.428,2.3,0.341,0.116,0.476,0.125
1135,1.4143,0,0,0,0,0.45,2.3,0.35,0.119,0.476,0.126
1136,1.4142,0,0,0,0,0.471,2.3,0.359,0.121,0.476,0.126
1137,1.4141,0,0,0,0,0.493,2.3,0.368,0.124,0.476,0.126
1138,1.4139,0,0,0,0,0.52,2.3,0.377,0.127,0.477,0.126
1139,1.4138,0,0,0,0,0.557,2.3,0.386,0.13,0.477,0.126
1140,1.4137,0,0,0,0,0.605,2.3,0.395,0.133,0.477,0.127
1141,1.4136,0,0,0,0,0.652,2.3,0.395,0.133,0.477,0.127
1142,1.4135,0,0,0,0,0.686,2.3,0.395,0.133,0.478,0.127
1143,1.4133,0,0,0,0,0.716,2.3,0.395,0.132,0.478,0.127
1144,1.4132,0,0,0,0,0.754,2.3,0.395,0.132,0.478,0.127
1145,1.4131,0,0,0,0,0.806,2.3,0.395,0.132,0.478,0.127
1146,1.413,0,0,0,0,0.86,2.3,0.395,0.132,0.478,0.127
1147,1.4129,0,0,0,0,0.898,2.3,0.395,0.132,0.479,0.128
1148,1.4128,0,0,0,0,0.925,2.3,0.395,0.131,0.479,0.128
1149,1.4127,0,0,0,0,0.949,2.3,0.395,0.131,0.479,0.128
1150,1.4126,0,0,0,0,0.977,2.3,0.395,0.131,0.479,0.128
1151,1.4125,0,0,0,0,1.01,2.3,0.395,0.131,0.479,0.128
1152,1.4124,0,0,0,0,1.04,2.3,0.394,0.131,0.479,0.128
1153,1.4122,0,0,0,0,1.07,2.3,0.394,0.13,0.479,0.128
1154,1.4121,0,0,0,0,1.1,2.3,0.394,0.13,0.48,0.129
1155,1.412,0,0,0,0,1.12,2.3,0.394,0.13,0.48,0.129
1156,1.4119,0,0,0,0,1.13,2.3,0.394,0.13,0.48,0.129
1157,1.4118,0,0,0,0,1.14,2.3,0.394,0.13,0.48,0.129
1158,1.4117,0,0,0,0,1.15,2.3,0.394,0.129,0.48,0.129
1159,1.4116,0,0,0,0,1.16,2.3,0.394,0.129,0.48,0.129
1160,1.4115,0,0,0,0,1.17,2.3,0.394,0.129,0.48,0.129
1161,1.4114,0,0,0,0,1.18,2.3,0.402,0.131,0.48,0.13
1162,1.4113,0,0,0,0,1.19,2.3,0.41,0.134,0.48,0.13
1163,1.4111,0,0,0,0,1.19,2.3,0.418,0.136,0.481,0.13
1164,1.411,0,0,0,0,1.2,2.3,0.426,0.138,0.481,0.13
1165,1.4109,0,0,0,0,1.2,2.3,0.434,0.141,0.481,0.13
1166,1.4108,0,0,0,0,1.2,2.3,0.442,0.143,0.481,0.13
1167,1.4107,0,0,0,0,1.2,2.3,0.45,0.146,0.481,0.13
1168,1.4106,0,0,0,0,1.21,2.3,0.458,0.148,0.481,0.131
1169,1.4105,0,0,0,0,1.21,2.3,0.466,0.15,0.481,0.131
1170,1.4104,0,0,0,0,1.21,2.3,0.474,0.153,0.481,0.131
1171,1.4103,0,0,0,0,1.21,2.3,0.482,0.155,0.481,0.131
1172,1.4102,0,0,0,0,1.22,2.3,0.489,0.157,0.482,0.131
1173,1.4101,0,0,0,0,1.23,2.3,0.497,0.16,0.482,0.131
1174,1.41,0,0,0,0,1.23,2.3,0.505,0.162,0.482,0.132
1175,1.4099,0,0,0,0,1.23,2.3,0.513,0.164,0.482,0.132
1176,1.4098,0,0,0,0,1.23,2.3,0.521,0.167,0.483,0.132
1177,1.4097,0,0,0,0,1.23,2.3,0.529,0.169,0.483,0.132
1178,1.4096,0,0,0,0,1.23,2.3,0.537,0.171,0.483,0.132
1179,1.4095,0,0,0,0,1.24,2.3,0.545,0.174,0.484,0.133
1180,1.4094,0,0,0,0,1.24,2.3,0.553,0.176,0.484,0.133
1181,1.4093,0,0,0,0,1.24,2.3,0.553,0.176,0.485,0.133
1182,1.4092,0,0,0,0,1.24,2.3,0.552,0.175,0.485,0.133
1183,1.409,0,0,0,0,1.25,2.3,0.552,0.175,0.485,0.133
1184,1.4089,0,0,0,0,1.25,2.3,0.551,0.175,0.485,0.134
1185,1.4088,0,0,0,0,1.26,2.3,0.551,0.175,0.486,0.134
1186,1.4087,0,0,0,0,1.26,2.3,0.551,0.174,0.486,0.134
1187,1.4086,0,0,0,0,1.26,2.3,0.55,0.174,0.486,0.134
1188,1.4085,0,0,0,0,1.26,2.3,0.55,0.174,0.486,0.135
1189,1.4084,0,0,0,0,1.27,2.3,0.549,0.173,0.486,0.135
1190,1.4083,0,0,0,0,1.27,2.3,0.549,0.173,0.486,0.135
1191,1.4082,0,0,0,0,1.27,2.3,0.549,0.173,0.486,0.135
1192,1.4081,0,0,0,0,1.27,2.3,0.548,0.172,0.486,0.135
1193,1.408,0,0,0,0,1.28,2.3,0.548,0.172,0.486,0.135
1194,1.4079,0,0,0,0,1.28,2.3,0.547,0.172,0.486,0.135
1195,1.4078,0,0,0,0,1.28,2.3,0.547,0.172,0.486,0.136
1196,1.4077,0,0,0,0,1.28,2.3,0.547,0.171,0.486,0.136
1197,1.4076,0,0,0,0,1.28,2.3,0.546,0.171,0.486,0.136
1198,1.4075,0,0,0,0,1.28,2.3,0.546,0.171,0.486,0.136
1199,1.4074,0,0,0,0,1.28,2.3,0.545,0.17,0.486,0.137
1200,1.4073,0,0,0,0,1.27,2.3,0.545,0.17,0.486,0.137
1201,1.4072,0,0,0,0,1.27,2.3,0.548,0.171,0.487,0.137
1202,1.4071,0,0,0,0,1.27,2.3,0.55,0.171,0.487,0.137
1203,1.407,0,0,0,0,1.27,2.3,0.553,0.172,0.487,0.137
1204,1.4069,0,0,0,0,1.27,2.3,0.556,0.173,0.487,0.138
1205,1.4068,0,0,0,0,1.27,2.3,0.559,0.173,0.487,0.138
1206,1.4067,0,0,0,0,1.27,2.31,0.561,0.174,0.488,0.138
1207,1.4066,0,0,0,0,1.26,2.31,0.564,0.175,0.488,0.139
1208,1.4065,0,0,0,0,1.26,2.31,0.567,0.175,0.488,0.139
1209,1.4064,0,0,0,0,1.26,2.31,0.569,0.176,0.488,0.14
1210,1.4063,0,0,0,0,1.26,2.31,0.572,0.177,0.488,0.141
1211,1.4062,0,0,0,0,1.25,2.32,0.575,0.177,0.488,0.141
1212,1.4061,0,0,0,0,1.25,2.32,0.577,0.178,0.488,0.141
1213,1.406,0,0,0,0,1.24,2.32,0.58,0.179,0.488,0.141
1214,1.4059,0,0,0,0,1.24,2.32,0.583,0.179,0.488,0.141
1215,1.4058,0,0,0,0,1.24,2.33,0.586,0.18,0.488,0.141
1216,1.4057,0,0,0,0,1.24,2.33,0.588,0.18,0.488,0.142
1217,1.4056,0,0,0,0,1.23,2.33,0.591,0.181,0.488,0.142
1218,1.4054,0,0,0,0,1.22,2.34,0.594,0.182,0.489,0.142
1219,1.4053,0,0,0,0,1.22,2.34,0.596,0.182,0.489,0.142
1220,1.4052,0,0,0,0,1.21,2.35,0.599,0.183,0.489,0.142
1221,1.4051,0,0,0,0,1.21,2.35,0.598,0.183,0.489,0.142
1222,1.405,0,0,0,0,1.21,2.35,0.598,0.182,0.489,0.142
1223,1.4049,0,0,0,0,1.21,2.36,0.597,0.182,0.489,0.143
1224,1.4048,0,0,0,0,1.21,2.36,0.597,0.181,0.49,0.143
1225,1.4047,0,0,0,0,1.2,2.37,0.596,0.181,0.49,0.143
1226,1.4046,0,0,0,0,1.2,2.37,0.595,0.181,0.49,0.144
1227,1.4045,0,0,0,0,1.2,2.38,0.595,0.18,0.49,0.144
1228,1.4044,0,0,0,0,1.2,2.38,0.594,0.18,0.49,0.145
1229,1.4043,0,0,0,0,1.19,2.39,0.594,0.179,0.49,0.145
1230,1.4042,0,0,0,0,1.19,2.4,0.593,0.179,0.49,0.145
1231,1.4041,0,0,0,0,1.18,2.4,0.592,0.179,0.49,0.145
1232,1.404,0,0,0,0,1.18,2.41,0.592,0.178,0.49,0.145
1233,1.4038,0,0,0,0,1.18,2.41,0.591,0.178,0.49,0.145
1234,1.4037,0,0,0,0,1.17,2.42,0.591,0.177,0.49,0.145
1235,1.4036,0,0,0,0,1.17,2.42,0.59,0.177,0.491,0.145
1236,1.4035,0,0,0,0,1.16,2.43,0.589,0.177,0.491,0.145
1237,1.4034,0,0,0,0,1.16,2.44,0.589,0.176,0.491,0.145
1238,1.4033,0,0,0,0,1.16,2.44,0.588,0.176,0.491,0.146
1239,1.4032,0,0,0,0,1.16,2.45,0.588,0.175,0.491,0.146
1240,1.4031,0,0,0,0,1.16,2.45,0.587,0.175,0.492,0.146
1241,1.403,0,0,0,0,1.15,2.46,0.585,0.174,0.492,0.146
1242,1.4029,0,0,0,0,1.15,2.47,0.583,0.173,0.492,0.146
1243,1.4028,0,0,0,0,1.14,2.47,0.58,0.173,0.492,0.146
1244,1.4027,0,0,0,0,1.14,2.48,0.578,0.172,0.493,0.146
1245,1.4026,0,0,0,0,1.13,2.49,0.576,0.171,0.493,0.146
1246,1.4025,0,0,0,0,1.13,2.49,0.574,0.17,0.493,0.146
1247,1.4024,0,0,0,0,1.13,2.5,0.571,0.169,0.493,0.146
1248,1.4023,0,0,0,0,1.12,2.51,0.569,0.169,0.493,0.146
1249,1.4022,0,0,0,0,1.12,2.51,0.567,0.168,0.493,0.146
1250,1.4021,0,0,0,0,1.12,2.52,0.565,0.167,0.493,0.147
1251,1.402,0,0,0,0,1.11,2.53,0.562,0.166,0.493,0.147
1252,1.4019,0,0,0,0,1.11,2.53,0.56,0.165,0.493,0.147
1253,1.4017,0,0,0,0,1.1,2.54,0.558,0.165,0.493,0.147
1254,1.4016,0,0,0,0,1.1,2.55,0.556,0.164,0.493,0.148
1255,1.4015,0,0,0,0,1.1,2.55,0.553,0.163,0.492,0.148
1256,1.4014,0,0,0,0,1.1,2.56,0.551,0.162,0.493,0.148
1257,1.4013,0,0,0,0,1.1,2.56,0.549,0.161,0.493,0.148
1258,1.4012,0,0,0,0,1.1,2.57,0.547,0.161,0.493,0.148
1259,1.4011,0,0,0,0,1.1,2.58,0.544,0.16,0.493,0.148
1260,1.401,0,0,0,0,1.09,2.58,0.542,0.159,0.493,0.148
1261,1.4009,0,0,0,0,1.09,2.59,0.541,0.159,0.494,0.148
1262,1.4008,0,0,0,0,1.09,2.6,0.539,0.158,0.494,0.148
1263,1.4007,0,0,0,0,1.08,2.6,0.538,0.157,0.494,0.148
1264,1.4006,0,0,0,0,1.08,2.61,0.536,0.157,0.494,0.148
1265,1.4005,0,0,0,0,1.08,2.61,0.535,0.156,0.494,0.148
1266,1.4004,0,0,0,0,1.08,2.62,0.534,0.156,0.494,0.148
1267,1.4003,0,0,0,0,1.08,2.63,0.532,0.155,0.494,0.148
1268,1.4001,0,0,0,0,1.08,2.63,0.531,0.155,0.494,0.148
1269,1.4,0,0,0,0,1.08,2.64,0.529,0.154,0.494,0.148
1270,1.3999,0,0,0,0,1.08,2.64,0.528,0.154,0.494,0.148
1271,1.3998,0,0,0,0,1.08,2.65,0.527,0.153,0.494,0.148
1272,1.3997,0,0,0,0,1.09,2.65,0.525,0.152,0.494,0.149
1273,1.3996,0,0,0,0,1.09,2.66,0.524,0.152,0.495,0.149
1274,1.3995,0,0,0,0,1.1,2.66,0.522,0.151,0.495,0.149
1275,1.3994,0,0,0,0,1.1,2.67,0.521,0.151,0.495,0.149
1276,1.3993,0,0,0,0,1.11,2.67,0.52,0.15,0.495,0.149
1277,1.3992,0,0,0,0,1.11,2.68,0.518,0.15,0.495,0.149
1278,1.3991,0,0,0,0,1.11,2.68,0.517,0.149,0.495,0.149
1279,1.399,0,0,0,0,1.12,2.69,0.515,0.149,0.495,0.149
1280,1.3989,0,0,0,0,1.12,2.69,0.514,0.148,0.495,0.15
1281,1.3988,0,0,0,0,1.13,2.69,0.511,0.147,0.496,0.15
1282,1.3987,0,0,0,0,1.14,2.7,0.509,0.146,0.496,0.15
1283,1.3985,0,0,0,0,1.15,2.7,0.506,0.146,0.496,0.151
1284,1.3984,0,0,0,0,1.16,2.7,0.504,0.145,0.497,0.151
1285,1.3983,0,0,0,0,1.16,2.71,0.501,0.144,0.497,0.151
1286,1.3982,0,0,0,0,1.17,2.71,0.498,0.143,0.497,0.151
1287,1.3981,0,0,0,0,1.18,2.71,0.496,0.142,0.497,0.151
1288,1.398,0,0,0,0,1.18,2.72,0.493,0.141,0.497,0.151
1289,1.3979,0,0,0,0,1.19,2.72,0.491,0.14,0.498,0.151
1290,1.3978,0,0,0,0,1.2,2.72,0.488,0.14,0.498,0.151
1291,1.3977,0,0,0,0,1.21,2.72,0.485,0.139,0.498,0.151
1292,1.3976,0,0,0,0,1.22,2.73,0.483,0.138,0.498,0.151
1293,1.3975,0,0,0,0,1.23,2.73,0.48,0.137,0.498,0.151
1294,1.3974,0,0,0,0,1.24,2.73,0.478,0.136,0.499,0.151
1295,1.3973,0,0,0,0,1.25,2.73,0.475,0.135,0.499,0.151
1296,1.3972,0,0,0,0,1.27,2.73,0.472,0.134,0.499,0.152
1297,1.3971,0,0,0,0,1.28,2.73,0.47,0.134,0.499,0.152
1298,1.397,0,0,0,0,1.3,2.73,0.467,0.133,0.499,0.153
1299,1.3969,0,0,0,0,1.31,2.73,0.465,0.132,0.499,0.153
1300,1.3968,0,0,0,0,1.32,2.72,0.462,0.131,0.499,0.153
1301,1.3967,0,0,0,0,1.34,2.74,0.455,0.129,0.499,0.153
1302,1.3966,0,0,0,0,1.35,2.73,0.449,0.127,0.499,0.153
1303,1.3965,0,0,0,0,1.37,2.72,0.442,0.125,0.499,0.153
1304,1.3964,0,0,0,0,1.39,2.71,0.435,0.123,0.499,0.153
1305,1.3963,0,0,0,0,1.42,2.7,0.428,0.121,0.499,0.154
1306,1.3962,0,0,0,0,1.44,2.7,0.422,0.119,0.499,0.154
1307,1.3961,0,0,0,0,1.47,2.69,0.415,0.117,0.499,0.154
1308,1.396,0,0,0,0,1.49,2.69,0.408,0.115,0.499,0.153
1309,1.3959,0,0,0,0,1.51,2.69,0.401,0.114,0.499,0.153
1310,1.3958,0,0,0,0,1.53,2.68,0.395,0.112,0.499,0.153
1311,1.3957,0,0,0,0,1.56,2.68,0.388,0.11,0.499,0.153
1312,1.3956,0,0,0,0,1.58,2.68,0.381,0.108,0.499,0.153
1313,1.3955,0,0,0,0,1.61,2.68,0.374,0.106,0.499,0.153
1314,1.3954,0,0,0,0,1.64,2.67,0.368,0.104,0.499,0.153
1315,1.3953,0,0,0,0,1.67,2.67,0.361,0.102,0.499,0.153
1316,1.3952,0,0,0,0,1.7,2.67,0.354,0.0998,0.499,0.153
1317,1.3951,0,0,0,0,1.73,2.67,0.347,0.0979,0.499,0.153
1318,1.3949,0,0,0,0,1.76,2.67,0.341,0.0959,0.499,0.153
1319,1.3948,0,0,0,0,1.79,2.67,0.334,0.094,0.499,0.153
1320,1.3947,0,0,0,0,1.83,2.68,0.327,0.092,0.499,0.153
1321,1.3946,0,0,0,0,1.87,2.67,0.324,0.0911,0.499,0.153
1322,1.3945,0,0,0,0,1.91,2.68,0.321,0.0902,0.499,0.153
1323,1.3944,0,0,0,0,1.94,2.68,0.318,0.0893,0.499,0.153
1324,1.3943,0,0,0,0,1.97,2.68,0.314,0.0884,0.499,0.153
1325,1.3942,0,0,0,0,2.01,2.67,0.311,0.0875,0.499,0.153
1326,1.3941,0,0,0,0,2.05,2.66,0.308,0.0866,0.499,0.153
1327,1.394,0,0,0,0,2.1,2.67,0.305,0.0857,0.499,0.153
1328,1.3939,0,0,0,0,2.15,2.67,0.302,0.0848,0.499,0.153
1329,1.3938,0,0,0,0,2.2,2.67,0.299,0.0839,0.499,0.153
1330,1.3937,0,0,0,0,2.24,2.66,0.296,0.083,0.499,0.153
1331,1.3936,0,0,0,0,2.28,2.66,0.292,0.0821,0.499,0.153
1332,1.3935,0,0,0,0,2.31,2.67,0.289,0.0812,0.499,0.153
1333,1.3934,0,0,0,0,2.36,2.67,0.286,0.0803,0.499,0.153
1334,1.3933,0,0,0,0,2.42,2.68,0.283,0.0794,0.499,0.153
1335,1.3932,0,0,0,0,2.48,2.69,0.28,0.0785,0.499,0.153
1336,1.3931,0,0,0,0,2.54,2.68,0.277,0.0776,0.499,0.153
1337,1.393,0,0,0,0,2.59,2.7,0.274,0.0767,0.499,0.153
1338,1.3929,0,0,0,0,2.63,2.71,0.27,0.0758,0.499,0.153
1339,1.3928,0,0,0,0,2.67,2.72,0.267,0.0749,0.499,0.153
1340,1.3927,0,0,0,0,2.7,2.72,0.264,0.074,0.499,0.153
1341,1.3926,0,0,0,0,2.74,2.73,0.251,0.0704,0.5,0.152
1342,1.3925,0,0,0,0,2.78,2.74,0.238,0.0668,0.5,0.152
1343,1.3924,0,0,0,0,2.83,2.74,0.226,0.0632,0.5,0.152
1344,1.3923,0,0,0,0,2.89,2.75,0.213,0.0596,0.5,0.152
1345,1.3922,0,0,0,0,2.96,2.76,0.2,0.056,0.5,0.151
1346,1.3921,0,0,0,0,3.03,2.78,0.187,0.0524,0.5,0.151
1347,1.392,0,0,0,0,3.1,2.79,0.174,0.0488,0.5,0.151
1348,1.3919,0,0,0,0,3.15,2.82,0.161,0.0452,0.5,0.151
1349,1.3918,0,0,0,0,3.18,2.84,0.148,0.0416,0.5,0.151
1350,1.3917,0,0,0,0,3.23,2.87,0.136,0.038,0.5,0.15
1351,1.3916,0,0,0,0,3.27,2.88,0.123,0.0344,0.5,0.15
1352,1.3915,0,0,0,0,3.32,2.9,0.11,0.0308,0.5,0.15
1353,1.3914,0,0,0,0,3.36,2.92,0.097,0.0272,0.5,0.15
1354,1.3913,0,0,0,0,3.41,2.94,0.0841,0.0236,0.5,0.15
1355,1.3912,0,0,0,0,3.45,2.95,0.0713,0.02,0.5,0.15
1356,1.3911,0,0,0,0,3.5,2.97,0.0584,0.0164,0.5,0.15
1357,1.391,0,0,0,0,3.54,2.98,0.0456,0.0128,0.5,0.15
1358,1.3909,0,0,0,0,3.6,2.98,0.0327,0.0092,0.5,0.149
1359,1.3908,0,0,0,0,3.65,2.94,0.0199,0.0056,0.5,0.149
1360,1.3907,0,0,0,0,3.7,2.89,0.007,0.002,0.5,0.149
1361,1.3906,0,0,0,0,3.75,2.86,0.0068,0.00195,0.499,0.148
1362,1.3905,0,0,0,0,3.8,2.88,0.0066,0.0019,0.499,0.148
1363,1.3904,0,0,0,0,3.87,2.89,0.0064,0.00185,0.499,0.147
1364,1.3903,0,0,0,0,3.93,2.89,0.0062,0.0018,0.499,0.147
1365,1.3902,0,0,0,0,3.99,2.89,0.006,0.00175,0.499,0.146
1366,1.3901,0,0,0,0,4.06,2.9,0.0058,0.0017,0.499,0.145
1367,1.39,0,0,0,0,4.13,2.89,0.0056,0.00165,0.499,0.145
1368,1.3899,0,0,0,0,4.22,2.88,0.0054,0.0016,0.499,0.144
1369,1.3898,0,0,0,0,4.3,2.9,0.0052,0.00155,0.499,0.143
1370,1.3897,0,0,0,0,4.39,2.93,0.005,0.0015,0.499,0.143
1371,1.3896,0,0,0,0,4.5,2.97,0.0048,0.00145,0.499,0.141
1372,1.3895,0,0,0,0,4.63,3.01,0.0046,0.0014,0.499,0.14
1373,1.3893,0,0,0,0,4.74,3.05,0.0044,0.00135,0.499,0.139
1374,1.3892,0,0,0,0,4.9,3.08,0.0042,0.0013,0.499,0.138
1375,1.3891,0,0,0,0,5.09,3.11,0.004,0.00125,0.499,0.137
1376,1.389,0,0,0,0,5.26,3.13,0.0038,0.0012,0.499,0.136
1377,1.3889,0,0,0,0,5.48,3.13,0.0036,0.00115,0.499,0.136
1378,1.3888,0,0,0,0,5.72,3.1,0.0034,0.0011,0.499,0.135
1379,1.3887,0,0,0,0,6.01,3.05,0.0032,0.00105,0.499,0.134
1380,1.3886,0,0,0,0,6.24,2.98,0.003,0.001,0.499,0.133
1381,1.3885,0,0,0,0,6.58,2.94,0.0039,0.00125,0.498,0.132
1382,1.3884,0,0,0,0,6.93,2.92,0.0048,0.0015,0.497,0.131
1383,1.3883,0,0,0,0,7.31,2.93,0.0057,0.00175,0.496,0.13
1384,1.3882,0,0,0,0,7.63,2.95,0.0066,0.002,0.495,0.129
1385,1.3881,0,0,0,0,8.09,2.98,0.0075,0.00225,0.494,0.128
1386,1.388,0,0,0,0,8.55,3.03,0.0084,0.0025,0.494,0.126
1387,1.3879,0,0,0,0,9.03,3.05,0.0093,0.00275,0.494,0.125
1388,1.3877,0,0,0,0,9.59,3.07,0.0102,0.003,0.493,0.124
1389,1.3876,0,0,0,0,10,3.09,0.0111,0.00325,0.493,0.123
1390,1.3875,0,0,0,0,10.6,3.1,0.012,0.0035,0.493,0.122
1391,1.3874,0,0,0,0,11.2,3.09,0.0129,0.00375,0.493,0.121
1392,1.3873,0,0,0,0,11.8,3.09,0.0138,0.004,0.493,0.12
1393,1.3872,0,0,0,0,12.5,3.08,0.0147,0.00425,0.493,0.119
1394,1.3871,0,0,0,0,13.2,3.09,0.0156,0.0045,0.493,0.119
1395,1.387,0,0,0,0,13.7,3.07,0.0165,0.00475,0.493,0.118
1396,1.3869,0,0,0,0,14.3,3.07,0.0174,0.005,0.493,0.117
1397,1.3868,0,0,0,0,15.1,3.07,0.0183,0.00525,0.493,0.116
1398,1.3867,0,0,0,0,15.8,3.07,0.0192,0.0055,0.493,0.115
1399,1.3866,0,0,0,0,16.5,3.09,0.0201,0.00575,0.493,0.114
1400,1.3865,0,0,0,0,17.1,3.09,0.021,0.006,0.493,0.114
1401,1.3864,0,0,0,0,17.8,3.11,0.021,0.00595,0.493,0.113
1402,1.3863,0,0,0,0,18.5,3.14,0.0209,0.0059,0.493,0.112
1403,1.3861,0,0,0,0,19.2,3.15,0.0209,0.00585,0.493,0.112
1404,1.386,0,0,0,0,19.8,3.16,0.0208,0.0058,0.493,0.111
1405,1.3859,0,0,0,0,20.3,3.19,0.0208,0.00575,0.493,0.11
1406,1.3858,0,0,0,0,20.9,3.23,0.0207,0.0057,0.493,0.11
1407,1.3857,0,0,0,0,21.5,3.27,0.0207,0.00565,0.493,0.109
1408,1.3855,0,0,0,0,22,3.3,0.0206,0.0056,0.493,0.109
1409,1.3854,0,0,0,0,22.6,3.36,0.0206,0.00555,0.493,0.108
1410,1.3853,0,0,0,0,23.1,3.42,0.0205,0.0055,0.493,0.108
1411,1.3852,0,0,0,0,23.6,3.48,0.0205,0.00545,0.493,0.107
1412,1.3851,0,0,0,0,24.1,3.53,0.0204,0.0054,0.494,0.106
1413,1.3849,0,0,0,0,24.5,3.58,0.0204,0.00535,0.495,0.105
1414,1.3848,0,0,0,0,24.9,3.63,0.0203,0.0053,0.496,0.105
1415,1.3847,0,0,0,0,25.3,3.71,0.0203,0.00525,0.496,0.104
1416,1.3846,0,0,0,0,25.7,3.78,0.0202,0.0052,0.497,0.104
1417,1.3845,0,0,0,0,26.1,3.85,0.0202,0.00515,0.497,0.104
1418,1.3843,0,0,0,0,26.4,3.93,0.0201,0.0051,0.498,0.104
1419,1.3842,0,0,0,0,26.7,3.99,0.0201,0.00505,0.499,0.103
1420,1.3841,0,0,0,0,27,4.07,0.02,0.005,0.499,0.103
1421,1.384,0,0,0,0,27.3,4.16,0.0217,0.00545,0.499,0.103
1422,1.3839,0,0,0,0,27.6,4.24,0.0234,0.0059,0.5,0.103
1423,1.3837,0,0,0,0,27.8,4.32,0.0251,0.00635,0.5,0.102
1424,1.3836,0,0,0,0,28.1,4.4,0.0268,0.0068,0.5,0.102
1425,1.3835,0,0,0,0,28.4,4.48,0.0285,0.00725,0.5,0.102
1426,1.3834,0,0,0,0,28.6,4.56,0.0302,0.0077,0.5,0.102
1427,1.3833,0,0,0,0,28.8,4.64,0.0319,0.00815,0.501,0.102
1428,1.3831,0,0,0,0,28.9,4.71,0.0336,0.0086,0.501,0.101
1429,1.383,0,0,0,0,29.1,4.78,0.0353,0.00905,0.501,0.101
1430,1.3829,0,0,0,0,29.3,4.85,0.037,0.0095,0.501,0.101
1431,1.3828,0,0,0,0,29.4,4.91,0.0387,0.00995,0.501,0.101
1432,1.3826,0,0,0,0,29.6,4.97,0.0404,0.0104,0.501,0.101
1433,1.3825,0,0,0,0,29.7,5.03,0.0421,0.0109,0.501,0.101
1434,1.3823,0,0,0,0,29.8,5.07,0.0438,0.0113,0.501,0.101
1435,1.3822,0,0,0,0,29.9,5.13,0.0455,0.0118,0.501,0.101
1436,1.3821,0,0,0,0,30,5.18,0.0472,0.0122,0.501,0.101
1437,1.382,0,0,0,0,30.1,5.22,0.0489,0.0127,0.501,0.101
1438,1.3818,0,0,0,0,30.2,5.27,0.0506,0.0131,0.501,0.101
1439,1.3817,0,0,0,0,30.3,5.32,0.0523,0.0136,0.501,0.101
1440,1.3816,0,0,0,0,30.4,5.36,0.054,0.014,0.501,0.101
1441,1.3815,0,0,0,0,30.4,5.4,0.058,0.0151,0.501,0.101
1442,1.3813,0,0,0,0,30.5,5.44,0.0619,0.0161,0.501,0.101
1443,1.3812,0,0,0,0,30.5,5.46,0.0659,0.0172,0.501,0.101
1444,1.381,0,0,0,0,30.5,5.48,0.0698,0.0182,0.501,0.101
1445,1.3809,0,0,0,0,30.5,5.5,0.0738,0.0193,0.501,0.101
1446,1.3808,0,0,0,0,30.6,5.52,0.0777,0.0203,0.501,0.101
1447,1.3807,0,0,0,0,30.6,5.55,0.0817,0.0214,0.501,0.101
1448,1.3805,0,0,0,0,30.6,5.56,0.0856,0.0224,0.501,0.102
1449,1.3804,0,0,0,0,30.6,5.58,0.0896,0.0235,0.501,0.102
1450,1.3803,0,0,0,0,30.5,5.58,0.0935,0.0245,0.5,0.102
1451,1.3802,0,0,0,0,30.5,5.6,0.0975,0.0256,0.5,0.102
1452,1.38,0,0,0,0,30.5,5.61,0.101,0.0266,0.501,0.102
1453,1.3799,0,0,0,0,30.5,5.64,0.105,0.0277,0.501,0.102
1454,1.3797,0,0,0,0,30.4,5.65,0.109,0.0287,0.501,0.102
1455,1.3796,0,0,0,0,30.4,5.68,0.113,0.0298,0.501,0.102
1456,1.3794,0,0,0,0,30.3,5.68,0.117,0.0308,0.501,0.102
1457,1.3793,0,0,0,0,30.2,5.69,0.121,0.0319,0.501,0.102
1458,1.3791,0,0,0,0,30.1,5.68,0.125,0.0329,0.501,0.102
1459,1.379,0,0,0,0,30.1,5.69,0.129,0.034,0.502,0.102
1460,1.3788,0,0,0,0,30,5.71,0.133,0.035,0.502,0.102
1461,1.3787,0,0,0,0,29.8,5.72,0.133,0.035,0.502,0.102
1462,1.3785,0,0,0,0,29.7,5.72,0.132,0.0349,0.502,0.103
1463,1.3784,0,0,0,0,29.6,5.72,0.132,0.0349,0.502,0.103
1464,1.3782,0,0,0,0,29.4,5.73,0.132,0.0348,0.503,0.103
1465,1.3781,0,0,0,0,29.2,5.74,0.132,0.0348,0.503,0.104
1466,1.3779,0,0,0,0,29,5.74,0.131,0.0347,0.503,0.104
1467,1.3778,0,0,0,0,28.7,5.75,0.131,0.0347,0.503,0.104
1468,1.3776,0,0,0,0,28.5,5.75,0.131,0.0346,0.503,0.104
1469,1.3775,0,0,0,0,28.3,5.74,0.13,0.0346,0.503,0.104
1470,1.3773,0,0,0,0,28,5.76,0.13,0.0345,0.503,0.104
1471,1.3772,0,0,0,0,27.8,5.77,0.13,0.0345,0.503,0.105
1472,1.377,0,0,0,0,27.5,5.78,0.129,0.0344,0.503,0.106
1473,1.3769,0,0,0,0,27.2,5.79,0.129,0.0344,0.503,0.107
1474,1.3767,0,0,0,0,27,5.8,0.129,0.0343,0.503,0.108
1475,1.3766,0,0,0,0,26.6,5.81,0.129,0.0343,0.503,0.109
1476,1.3764,0,0,0,0,26.4,5.81,0.128,0.0342,0.503,0.109
1477,1.3763,0,0,0,0,26.1,5.82,0.128,0.0342,0.503,0.11
1478,1.3761,0,0,0,0,25.8,5.83,0.128,0.0341,0.503,0.11
1479,1.376,0,0,0,0,25.6,5.82,0.127,0.0341,0.503,0.11
1480,1.3758,0,0,0,0,25.2,5.83,0.127,0.034,0.502,0.111
1481,1.3756,0,0,0,0,25,5.85,0.138,0.0369,0.502,0.111
1482,1.3755,0,0,0,0,24.7,5.88,0.15,0.0398,0.502,0.111
1483,1.3753,0,0,0,0,24.4,5.9,0.161,0.0427,0.502,0.111
1484,1.3752,0,0,0,0,24.1,5.91,0.172,0.0456,0.502,0.111
1485,1.375,0,0,0,0,23.9,5.92,0.184,0.0485,0.502,0.111
1486,1.3748,0,0,0,0,23.6,5.94,0.195,0.0514,0.502,0.111
1487,1.3747,0,0,0,0,23.3,5.96,0.207,0.0543,0.502,0.112
1488,1.3745,0,0,0,0,23.1,5.96,0.218,0.0572,0.502,0.113
1489,1.3744,0,0,0,0,22.7,5.97,0.229,0.0601,0.502,0.113
1490,1.3742,0,0,0,0,22.5,5.98,0.241,0.063,0.503,0.114
1491,1.374,0,0,0,0,22.2,5.99,0.252,0.0659,0.503,0.114
1492,1.3739,0,0,0,0,21.9,5.99,0.263,0.0688,0.503,0.115
1493,1.3737,0,0,0,0,21.6,6.02,0.275,0.0717,0.503,0.116
1494,1.3736,0,0,0,0,21.4,6.01,0.286,0.0746,0.503,0.116
1495,1.3734,0,0,0,0,21.1,6.03,0.297,0.0775,0.504,0.117
1496,1.3732,0,0,0,0,20.8,6.01,0.309,0.0804,0.504,0.117
1497,1.3731,0,0,0,0,20.5,6.02,0.32,0.0833,0.504,0.118
1498,1.3729,0,0,0,0,20.3,6.02,0.331,0.0862,0.504,0.118
1499,1.3728,0,0,0,0,20,6.03,0.343,0.0891,0.504,0.118
1500,1.3726,0,0,0,0,19.7,6.03,0.354,0.092,0.504,0.119
1501,1.3724,0,0,0,0,19.5,6.04,0.354,0.092,0.504,0.119
1502,1.3723,0,0,0,0,19.2,6.03,0.354,0.092,0.504,0.12
1503,1.3721,0,0,0,0,19,6.01,0.354,0.092,0.504,0.12
1504,1.372,0,0,0,0,18.7,5.99,0.354,0.092,0.503,0.12
1505,1.3718,0,0,0,0,18.5,5.99,0.354,0.092,0.503,0.121
1506,1.3716,0,0,0,0,18.3,5.98,0.354,0.092,0.504,0.121
1507,1.3715,0,0,0,0,18,5.97,0.354,0.092,0.504,0.122
1508,1.3713,0,0,0,0,17.8,5.97,0.354,0.092,0.504,0.122
1509,1.3712,0,0,0,0,17.6,5.97,0.355,0.092,0.504,0.122
1510,1.371,0,0,0,0,17.3,5.95,0.355,0.092,0.504,0.123
1511,1.3708,0,0,0,0,17.1,5.95,0.355,0.092,0.504,0.123
1512,1.3706,0,0,0,0,16.9,5.94,0.355,0.092,0.505,0.124
1513,1.3705,0,0,0,0,16.7,5.93,0.355,0.092,0.505,0.125
1514,1.3703,0,0,0,0,16.5,5.93,0.355,0.092,0.505,0.125
1515,1.3701,0,0,0,0,16.2,5.93,0.355,0.092,0.505,0.126
1516,1.3699,0,0,0,0,16.1,5.91,0.355,0.092,0.506,0.126
1517,1.3698,0,0,0,0,15.8,5.9,0.355,0.092,0.506,0.127
1518,1.3696,0,0,0,0,15.6,5.88,0.355,0.092,0.507,0.127
1519,1.3695,0,0,0,0,15.5,5.88,0.355,0.092,0.507,0.128
1520,1.3693,0,0,0,0,15.3,5.88,0.355,0.092,0.507,0.129
1521,1.3692,0,0,0,0,15,5.86,0.356,0.0921,0.507,0.129
1522,1.369,0,0,0,0,14.9,5.84,0.356,0.0922,0.507,0.13
1523,1.3689,0,0,0,0,14.7,5.83,0.357,0.0923,0.507,0.131
1524,1.3687,0,0,0,0,14.5,5.82,0.357,0.0924,0.507,0.131
1525,1.3686,0,0,0,0,14.3,5.81,0.358,0.0925,0.507,0.132
1526,1.3684,0,0,0,0,14.1,5.8,0.358,0.0926,0.507,0.132
1527,1.3683,0,0,0,0,14,5.79,0.359,0.0927,0.507,0.132
1528,1.3681,0,0,0,0,13.8,5.78,0.359,0.0928,0.507,0.133
1529,1.368,0,0,0,0,13.6,5.78,0.36,0.0929,0.507,0.133
1530,1.3678,0,0,0,0,13.5,5.78,0.361,0.093,0.507,0.133
1531,1.3676,0,0,0,0,13.3,5.77,0.361,0.0931,0.507,0.134
1532,1.3675,0,0,0,0,13.2,5.76,0.362,0.0932,0.507,0.134
1533,1.3673,0,0,0,0,13,5.77,0.362,0.0933,0.507,0.135
1534,1.3672,0,0,0,0,12.8,5.76,0.363,0.0934,0.507,0.135
1535,1.367,0,0,0,0,12.7,5.76,0.363,0.0935,0.507,0.136
1536,1.3668,0,0,0,0,12.5,5.74,0.364,0.0936,0.507,0.136
1537,1.3666,0,0,0,0,12.4,5.74,0.364,0.0937,0.507,0.136
1538,1.3665,0,0,0,0,12.2,5.76,0.365,0.0938,0.507,0.137
1539,1.3663,0,0,0,0,12.1,5.76,0.366,0.0939,0.507,0.137
1540,1.3661,0,0,0,0,11.9,5.75,0.366,0.094,0.507,0.137
1541,1.3659,0,0,0,0,11.8,5.75,0.366,0.0939,0.508,0.138
1542,1.3658,0,0,0,0,11.7,5.75,0.366,0.0938,0.508,0.138
1543,1.3656,0,0,0,0,11.5,5.75,0.366,0.0937,0.508,0.139
1544,1.3655,0,0,0,0,11.4,5.74,0.366,0.0936,0.508,0.139
1545,1.3653,0,0,0,0,11.3,5.74,0.366,0.0935,0.508,0.139
1546,1.3651,0,0,0,0,11.1,5.75,0.365,0.0934,0.508,0.14
1547,1.365,0,0,0,0,11,5.74,0.365,0.0933,0.508,0.14
1548,1.3648,0,0,0,0,10.9,5.74,0.365,0.0932,0.508,0.14
1549,1.3647,0,0,0,0,10.8,5.74,0.365,0.0931,0.508,0.14
1550,1.3645,0,0,0,0,10.6,5.73,0.365,0.093,0.508,0.141
1551,1.3643,0,0,0,0,10.5,5.73,0.365,0.0929,0.508,0.141
1552,1.3641,0,0,0,0,10.4,5.73,0.365,0.0928,0.507,0.141
1553,1.364,0,0,0,0,10.3,5.72,0.365,0.0927,0.507,0.141
1554,1.3638,0,0,0,0,10.2,5.72,0.365,0.0926,0.507,0.142
1555,1.3636,0,0,0,0,10.1,5.72,0.365,0.0925,0.507,0.142
1556,1.3634,0,0,0,0,10,5.7,0.364,0.0924,0.507,0.142
1557,1.3633,0,0,0,0,9.91,5.69,0.364,0.0923,0.507,0.143
1558,1.3631,0,0,0,0,9.84,5.7,0.364,0.0922,0.508,0.144
1559,1.363,0,0,0,0,9.75,5.7,0.364,0.0921,0.508,0.144
1560,1.3628,0,0,0,0,9.66,5.71,0.364,0.092,0.508,0.145
1561,1.3626,0,0,0,0,9.56,5.73,0.363,0.0916,0.508,0.145
1562,1.3625,0,0,0,0,9.48,5.73,0.361,0.0911,0.508,0.146
1563,1.3623,0,0,0,0,9.38,5.74,0.36,0.0907,0.508,0.146
1564,1.3622,0,0,0,0,9.31,5.74,0.358,0.0902,0.508,0.147
1565,1.362,0,0,0,0,9.2,5.75,0.357,0.0898,0.508,0.147
1566,1.3618,0,0,0,0,9.13,5.75,0.355,0.0893,0.508,0.148
1567,1.3617,0,0,0,0,9.05,5.74,0.354,0.0889,0.508,0.148
1568,1.3615,0,0,0,0,8.98,5.75,0.352,0.0884,0.508,0.149
1569,1.3614,0,0,0,0,8.9,5.75,0.351,0.088,0.508,0.149
1570,1.3612,0,0,0,0,8.82,5.75,0.35,0.0875,0.508,0.149
1571,1.361,0,0,0,0,8.74,5.75,0.348,0.0871,0.508,0.15
1572,1.3608,0,0,0,0,8.67,5.75,0.347,0.0866,0.508,0.15
1573,1.3607,0,0,0,0,8.59,5.74,0.345,0.0862,0.508,0.15
1574,1.3605,0,0,0,0,8.51,5.74,0.344,0.0857,0.508,0.151
1575,1.3603,0,0,0,0,8.45,5.75,0.342,0.0853,0.508,0.151
1576,1.3601,0,0,0,0,8.36,5.74,0.341,0.0848,0.508,0.151
1577,1.36,0,0,0,0,8.3,5.76,0.339,0.0844,0.508,0.151
1578,1.3598,0,0,0,0,8.23,5.75,0.338,0.0839,0.509,0.152
1579,1.3597,0,0,0,0,8.16,5.75,0.337,0.0835,0.509,0.152
1580,1.3595,0,0,0,0,8.1,5.75,0.335,0.083,0.509,0.152
1581,1.3593,0,0,0,0,8.04,5.73,0.335,0.0829,0.509,0.152
1582,1.3592,0,0,0,0,7.96,5.74,0.335,0.0828,0.509,0.152
1583,1.359,0,0,0,0,7.89,5.72,0.335,0.0827,0.509,0.152
1584,1.3589,0,0,0,0,7.83,5.73,0.335,0.0826,0.509,0.152
1585,1.3587,0,0,0,0,7.77,5.71,0.335,0.0825,0.509,0.152
1586,1.3585,0,0,0,0,7.71,5.7,0.335,0.0824,0.51,0.152
1587,1.3584,0,0,0,0,7.65,5.7,0.335,0.0823,0.51,0.152
1588,1.3582,0,0,0,0,7.61,5.7,0.335,0.0822,0.51,0.152
1589,1.3581,0,0,0,0,7.55,5.69,0.335,0.0821,0.51,0.152
1590,1.3579,0,0,0,0,7.5,5.69,0.335,0.082,0.51,0.152
1591,1.3577,0,0,0,0,7.43,5.67,0.335,0.0819,0.51,0.152
1592,1.3576,0,0,0,0,7.37,5.66,0.334,0.0818,0.51,0.153
1593,1.3574,0,0,0,0,7.32,5.63,0.334,0.0817,0.51,0.153
1594,1.3573,0,0,0,0,7.25,5.61,0.334,0.0816,0.511,0.153
1595,1.3571,0,0,0,0,7.2,5.59,0.334,0.0815,0.511,0.154
1596,1.3569,0,0,0,0,7.16,5.59,0.334,0.0814,0.51,0.154
1597,1.3568,0,0,0,0,7.12,5.56,0.334,0.0813,0.51,0.154
1598,1.3566,0,0,0,0,7.08,5.55,0.334,0.0812,0.51,0.155
1599,1.3565,0,0,0,0,7.04,5.53,0.334,0.0811,0.51,0.155
1600,1.3563,0,0,0,0,6.99,5.52,0.334,0.081,0.51,0.155
1601,1.3561,0,0,0,0,6.94,5.51,0.334,0.0809,0.509,0.156
1602,1.356,0,0,0,0,6.91,5.49,0.334,0.0807,0.509,0.156
1603,1.3558,0,0,0,0,6.87,5.46,0.333,0.0806,0.509,0.156
1604,1.3557,0,0,0,0,6.83,5.45,0.333,0.0804,0.509,0.156
1605,1.3555,0,0,0,0,6.78,5.44,0.333,0.0803,0.509,0.156
1606,1.3553,0,0,0,0,6.74,5.43,0.333,0.0801,0.509,0.157
1607,1.3552,0,0,0,0,6.71,5.41,0.332,0.08,0.509,0.157
1608,1.355,0,0,0,0,6.7,5.39,0.332,0.0798,0.509,0.158
1609,1.3549,0,0,0,0,6.65,5.38,0.332,0.0797,0.509,0.158
1610,1.3547,0,0,0,0,6.63,5.38,0.332,0.0795,0.509,0.159
1611,1.3545,0,0,0,0,6.6,5.36,0.331,0.0794,0.509,0.159
1612,1.3544,0,0,0,0,6.57,5.35,0.331,0.0792,0.509,0.159
1613,1.3542,0,0,0,0,6.53,5.33,0.331,0.0791,0.509,0.159
1614,1.3541,0,0,0,0,6.5,5.32,0.331,0.0789,0.51,0.159
1615,1.3539,0,0,0,0,6.47,5.3,0.33,0.0788,0.51,0.159
1616,1.3537,0,0,0,0,6.45,5.29,0.33,0.0786,0.51,0.159
1617,1.3536,0,0,0,0,6.42,5.28,0.33,0.0785,0.509,0.16
1618,1.3534,0,0,0,0,6.4,5.27,0.33,0.0783,0.509,0.16
1619,1.3533,0,0,0,0,6.36,5.26,0.329,0.0782,0.509,0.16
1620,1.3531,0,0,0,0,6.35,5.25,0.329,0.078,0.509,0.16
1621,1.3529,0,0,0,0,6.31,5.25,0.328,0.0777,0.509,0.16
1622,1.3528,0,0,0,0,6.28,5.23,0.327,0.0774,0.509,0.16
1623,1.3526,0,0,0,0,6.25,5.22,0.326,0.0771,0.509,0.16
1624,1.3525,0,0,0,0,6.21,5.21,0.325,0.0768,0.509,0.16
1625,1.3523,0,0,0,0,6.19,5.2,0.324,0.0765,0.508,0.16
1626,1.3521,0,0,0,0,6.16,5.21,0.323,0.0762,0.508,0.16
1627,1.352,0,0,0,0,6.13,5.2,0.322,0.0759,0.508,0.161
1628,1.3518,0,0,0,0,6.12,5.19,0.321,0.0756,0.508,0.161
1629,1.3517,0,0,0,0,6.09,5.19,0.32,0.0753,0.508,0.161
1630,1.3515,0,0,0,0,6.08,5.18,0.319,0.075,0.508,0.161
1631,1.3513,0,0,0,0,6.05,5.18,0.318,0.0747,0.508,0.162
1632,1.3512,0,0,0,0,6.05,5.18,0.317,0.0744,0.508,0.162
1633,1.351,0,0,0,0,6.02,5.17,0.316,0.0741,0.508,0.163
1634,1.3509,0,0,0,0,6.01,5.15,0.315,0.0738,0.508,0.163
1635,1.3507,0,0,0,0,5.98,5.14,0.314,0.0735,0.508,0.163
1636,1.3505,0,0,0,0,5.97,5.14,0.313,0.0732,0.508,0.163
1637,1.3504,0,0,0,0,5.95,5.13,0.312,0.0729,0.508,0.163
1638,1.3502,0,0,0,0,5.94,5.12,0.311,0.0726,0.508,0.163
1639,1.3501,0,0,0,0,5.92,5.11,0.31,0.0723,0.508,0.163
1640,1.3499,0,0,0,0,5.91,5.13,0.309,0.072,0.508,0.163
1641,1.3498,0,0,0,0,5.89,5.11,0.309,0.0719,0.508,0.163
1642,1.3496,0,0,0,0,5.88,5.1,0.309,0.0718,0.508,0.163
1643,1.3495,0,0,0,0,5.85,5.1,0.309,0.0717,0.508,0.163
1644,1.3493,0,0,0,0,5.83,5.11,0.308,0.0716,0.508,0.163
1645,1.3492,0,0,0,0,5.8,5.11,0.308,0.0715,0.508,0.163
1646,1.349,0,0,0,0,5.79,5.11,0.308,0.0714,0.509,0.163
1647,1.3489,0,0,0,0,5.75,5.13,0.308,0.0713,0.509,0.163
1648,1.3487,0,0,0,0,5.75,5.14,0.308,0.0712,0.509,0.163
1649,1.3486,0,0,0,0,5.72,5.13,0.308,0.0711,0.51,0.163
1650,1.3484,0,0,0,0,5.71,5.15,0.308,0.071,0.51,0.163
1651,1.3482,0,0,0,0,5.69,5.18,0.307,0.0709,0.51,0.163
1652,1.3481,0,0,0,0,5.68,5.19,0.307,0.0708,0.51,0.164
1653,1.3479,0,0,0,0,5.66,5.2,0.307,0.0707,0.511,0.164
1654,1.3478,0,0,0,0,5.66,5.24,0.307,0.0706,0.511,0.164
1655,1.3476,0,0,0,0,5.64,5.26,0.307,0.0705,0.511,0.164
1656,1.3475,0,0,0,0,5.65,5.27,0.307,0.0704,0.511,0.164
1657,1.3473,0,0,0,0,5.63,5.29,0.307,0.0703,0.511,0.164
1658,1.3472,0,0,0,0,5.63,5.34,0.306,0.0702,0.511,0.164
1659,1.347,0,0,0,0,5.62,5.37,0.306,0.0701,0.51,0.164
1660,1.3469,0,0,0,0,5.62,5.39,0.306,0.07,0.51,0.164
1661,1.3467,0,0,0,0,5.6,5.43,0.305,0.0698,0.51,0.164
1662,1.3466,0,0,0,0,5.61,5.45,0.305,0.0695,0.51,0.164
1663,1.3464,0,0,0,0,5.6,5.49,0.304,0.0693,0.51,0.164
1664,1.3463,0,0,0,0,5.6,5.52,0.303,0.069,0.51,0.164
1665,1.3461,0,0,0,0,5.58,5.56,0.303,0.0688,0.509,0.164
1666,1.3459,0,0,0,0,5.58,5.61,0.302,0.0685,0.509,0.164
1667,1.3458,0,0,0,0,5.56,5.65,0.302,0.0683,0.509,0.164
1668,1.3456,0,0,0,0,5.56,5.7,0.301,0.068,0.509,0.164
1669,1.3455,0,0,0,0,5.55,5.74,0.3,0.0678,0.509,0.164
1670,1.3453,0,0,0,0,5.55,5.74,0.3,0.0675,0.508,0.164
1671,1.3452,0,0,0,0,5.54,5.64,0.299,0.0673,0.508,0.164
1672,1.345,0,0,0,0,5.54,5.69,0.298,0.067,0.508,0.164
1673,1.3449,0,0,0,0,5.53,5.72,0.298,0.0668,0.508,0.164
1674,1.3447,0,0,0,0,5.53,5.76,0.297,0.0665,0.508,0.164
1675,1.3446,0,0,0,0,5.53,5.8,0.296,0.0663,0.508,0.164
1676,1.3445,0,0,0,0,5.53,5.85,0.296,0.066,0.508,0.164
1677,1.3443,0,0,0,0,5.53,5.88,0.295,0.0658,0.508,0.164
1678,1.3442,0,0,0,0,5.53,5.92,0.294,0.0655,0.508,0.164
1679,1.344,0,0,0,0,5.52,5.97,0.294,0.0653,0.508,0.164
1680,1.3439,0,0,0,0,5.52,6.02,0.293,0.065,0.508,0.164
1681,1.3438,0,0,0,0,5.52,6.06,0.292,0.0648,0.508,0.164
1682,1.3436,0,0,0,0,5.53,6.12,0.292,0.0646,0.508,0.164
1683,1.3435,0,0,0,0,5.52,6.17,0.291,0.0644,0.508,0.164
1684,1.3433,0,0,0,0,5.52,6.21,0.29,0.0642,0.508,0.164
1685,1.3432,0,0,0,0,5.52,6.27,0.289,0.064,0.508,0.164
1686,1.3431,0,0,0,0,5.52,6.32,0.289,0.0638,0.508,0.164
1687,1.3429,0,0,0,0,5.51,6.38,0.288,0.0636,0.508,0.164
1688,1.3428,0,0,0,0,5.53,6.43,0.287,0.0634,0.508,0.164
1689,1.3426,0,0,0,0,5.51,6.49,0.286,0.0632,0.508,0.164
1690,1.3425,0,0,0,0,5.52,6.54,0.286,0.063,0.508,0.164
1691,1.3424,0,0,0,0,5.52,6.58,0.285,0.0628,0.508,0.164
1692,1.3422,0,0,0,0,5.52,6.62,0.284,0.0626,0.508,0.164
1693,1.3421,0,0,0,0,5.51,6.67,0.283,0.0624,0.509,0.164
1694,1.3419,0,0,0,0,5.52,6.73,0.283,0.0622,0.509,0.165
1695,1.3418,0,0,0,0,5.52,6.77,0.282,0.062,0.509,0.165
1696,1.3417,0,0,0,0,5.54,6.81,0.281,0.0618,0.509,0.165
1697,1.3415,0,0,0,0,5.54,6.86,0.28,0.0616,0.51,0.165
1698,1.3414,0,0,0,0,5.54,6.91,0.28,0.0614,0.51,0.165
1699,1.3412,0,0,0,0,5.56,6.96,0.279,0.0612,0.51,0.165
1700,1.3411,0,0,0,0,5.57,7.01,0.278,0.061,0.51,0.165
1701,1.341,0,0,0,0,5.58,7.05,0.278,0.0609,0.511,0.165
1702,1.3409,0,0,0,0,5.61,7.09,0.277,0.0608,0.511,0.165
1703,1.3407,0,0,0,0,5.61,7.14,0.277,0.0607,0.511,0.165
1704,1.3406,0,0,0,0,5.63,7.16,0.277,0.0606,0.511,0.165
1705,1.3405,0,0,0,0,5.64,7.2,0.277,0.0605,0.512,0.165
1706,1.3404,0,0,0,0,5.66,7.23,0.276,0.0604,0.512,0.165
1707,1.3402,0,0,0,0,5.67,7.27,0.276,0.0603,0.512,0.165
1708,1.3401,0,0,0,0,5.69,7.32,0.276,0.0602,0.512,0.165
1709,1.3399,0,0,0,0,5.7,7.34,0.275,0.0601,0.512,0.165
1710,1.3398,0,0,0,0,5.73,7.36,0.275,0.06,0.512,0.165
1711,1.3397,0,0,0,0,5.75,7.4,0.275,0.0599,0.512,0.165
1712,1.3396,0,0,0,0,5.77,7.44,0.274,0.0598,0.512,0.165
1713,1.3394,0,0,0,0,5.78,7.47,0.274,0.0597,0.512,0.165
1714,1.3393,0,0,0,0,5.8,7.51,0.274,0.0596,0.512,0.165
1715,1.3392,0,0,0,0,5.81,7.53,0.274,0.0595,0.512,0.165
1716,1.3391,0,0,0,0,5.83,7.56,0.273,0.0594,0.512,0.164
1717,1.339,0,0,0,0,5.84,7.58,0.273,0.0593,0.512,0.164
1718,1.3388,0,0,0,0,5.88,7.6,0.273,0.0592,0.511,0.164
1719,1.3387,0,0,0,0,5.89,7.63,0.272,0.0591,0.511,0.163
1720,1.3386,0,0,0,0,5.93,7.65,0.272,0.059,0.511,0.163
1721,1.3385,0,0,0,0,5.95,7.67,0.269,0.0583,0.51,0.163
1722,1.3383,0,0,0,0,5.97,7.69,0.266,0.0576,0.51,0.163
1723,1.3382,0,0,0,0,6,7.7,0.263,0.0569,0.51,0.163
1724,1.338,0,0,0,0,6.03,7.71,0.26,0.0562,0.51,0.163
1725,1.3379,0,0,0,0,6.05,7.72,0.257,0.0555,0.51,0.163
1726,1.3378,0,0,0,0,6.09,7.73,0.253,0.0548,0.51,0.163
1727,1.3377,0,0,0,0,6.1,7.73,0.25,0.0541,0.51,0.163
1728,1.3376,0,0,0,0,6.14,7.71,0.247,0.0534,0.51,0.163
1729,1.3375,0,0,0,0,6.17,7.7,0.244,0.0527,0.51,0.162
1730,1.3374,0,0,0,0,6.2,7.7,0.241,0.052,0.51,0.162
1731,1.3373,0,0,0,0,6.22,7.67,0.238,0.0513,0.51,0.162
1732,1.3372,0,0,0,0,6.26,7.64,0.235,0.0506,0.509,0.162
1733,1.337,0,0,0,0,6.28,7.62,0.232,0.0499,0.509,0.162
1734,1.3369,0,0,0,0,6.34,7.59,0.229,0.0492,0.509,0.162
1735,1.3368,0,0,0,0,6.37,7.56,0.226,0.0485,0.508,0.162
1736,1.3367,0,0,0,0,6.39,7.52,0.222,0.0478,0.509,0.162
1737,1.3366,0,0,0,0,6.45,7.48,0.219,0.0471,0.509,0.161
1738,1.3365,0,0,0,0,6.49,7.45,0.216,0.0464,0.509,0.161
1739,1.3364,0,0,0,0,6.52,7.44,0.213,0.0457,0.509,0.16
1740,1.3363,0,0,0,0,6.57,7.41,0.21,0.045,0.509,0.16
1741,1.3362,0,0,0,0,6.62,7.38,0.212,0.0454,0.509,0.16
1742,1.3361,0,0,0,0,6.66,7.36,0.214,0.0457,0.509,0.16
1743,1.3359,0,0,0,0,6.69,7.35,0.216,0.0461,0.509,0.16
1744,1.3358,0,0,0,0,6.75,7.33,0.218,0.0464,0.51,0.16
1745,1.3357,0,0,0,0,6.8,7.33,0.22,0.0468,0.51,0.16
1746,1.3356,0,0,0,0,6.84,7.33,0.221,0.0471,0.51,0.16
1747,1.3355,0,0,0,0,6.9,7.3,0.223,0.0475,0.51,0.16
1748,1.3354,0,0,0,0,6.96,7.3,0.225,0.0478,0.51,0.16
1749,1.3353,0,0,0,0,7,7.3,0.227,0.0482,0.51,0.16
1750,1.3352,0,0,0,0,7.05,7.29,0.229,0.0485,0.51,0.16
1751,1.3351,0,0,0,0,7.11,7.29,0.231,0.0489,0.51,0.159
1752,1.335,0,0,0,0,7.18,7.29,0.233,0.0492,0.51,0.159
1753,1.3349,0,0,0,0,7.24,7.28,0.235,0.0496,0.51,0.159
1754,1.3348,0,0,0,0,7.27,7.28,0.237,0.0499,0.51,0.159
1755,1.3347,0,0,0,0,7.34,7.26,0.239,0.0503,0.51,0.159
1756,1.3346,0,0,0,0,7.41,7.25,0.24,0.0506,0.51,0.159
1757,1.3345,0,0,0,0,7.48,7.24,0.242,0.051,0.51,0.159
1758,1.3344,0,0,0,0,7.54,7.23,0.244,0.0513,0.51,0.158
1759,1.3343,0,0,0,0,7.59,7.21,0.246,0.0517,0.51,0.158
1760,1.3342,0,0,0,0,7.67,7.19,0.248,0.052,0.511,0.158
1761,1.3341,0,0,0,0,7.73,7.16,0.243,0.0509,0.51,0.158
1762,1.334,0,0,0,0,7.78,7.14,0.237,0.0497,0.51,0.158
1763,1.3339,0,0,0,0,7.83,7.11,0.232,0.0486,0.51,0.157
1764,1.3338,0,0,0,0,7.89,7.1,0.227,0.0474,0.51,0.157
1765,1.3337,0,0,0,0,7.95,7.07,0.221,0.0463,0.509,0.156
1766,1.3336,0,0,0,0,8,7.04,0.216,0.0451,0.509,0.156
1767,1.3335,0,0,0,0,8.05,7,0.211,0.044,0.509,0.156
1768,1.3334,0,0,0,0,8.1,6.97,0.205,0.0428,0.509,0.155
1769,1.3333,0,0,0,0,8.16,6.93,0.2,0.0417,0.509,0.155
1770,1.3332,0,0,0,0,8.21,6.89,0.195,0.0405,0.508,0.154
1771,1.3331,0,0,0,0,8.24,6.84,0.189,0.0394,0.508,0.154
1772,1.333,0,0,0,0,8.26,6.79,0.184,0.0382,0.508,0.154
1773,1.3329,0,0,0,0,8.32,6.76,0.179,0.0371,0.508,0.154
1774,1.3328,0,0,0,0,8.35,6.73,0.173,0.0359,0.508,0.154
1775,1.3327,0,0,0,0,8.39,6.69,0.168,0.0348,0.508,0.154
1776,1.3326,0,0,0,0,8.43,6.66,0.162,0.0336,0.508,0.154
1777,1.3325,0,0,0,0,8.45,6.61,0.157,0.0325,0.508,0.154
1778,1.3324,0,0,0,0,8.48,6.57,0.152,0.0313,0.508,0.154
1779,1.3323,0,0,0,0,8.51,6.55,0.146,0.0302,0.508,0.154
1780,1.3322,0,0,0,0,8.54,6.52,0.141,0.029,0.508,0.154
1781,1.3321,0,0,0,0,8.56,6.51,0.136,0.0279,0.509,0.154
1782,1.332,0,0,0,0,8.59,6.48,0.13,0.0268,0.509,0.154
1783,1.332,0,0,0,0,8.62,6.48,0.125,0.0257,0.509,0.154
1784,1.3319,0,0,0,0,8.64,6.48,0.119,0.0246,0.509,0.154
1785,1.3318,0,0,0,0,8.67,6.49,0.114,0.0235,0.51,0.154
1786,1.3317,0,0,0,0,8.69,6.5,0.109,0.0224,0.51,0.154
1787,1.3316,0,0,0,0,8.72,6.49,0.103,0.0213,0.51,0.154
1788,1.3316,0,0,0,0,8.74,6.46,0.0978,0.0202,0.51,0.154
1789,1.3315,0,0,0,0,8.76,6.44,0.0924,0.0191,0.51,0.154
1790,1.3314,0,0,0,0,8.78,6.43,0.087,0.018,0.51,0.154
1791,1.3313,0,0,0,0,8.78,6.41,0.0816,0.0169,0.51,0.154
1792,1.3312,0,0,0,0,8.78,6.42,0.0762,0.0158,0.51,0.154
1793,1.3311,0,0,0,0,8.79,6.4,0.0708,0.0147,0.51,0.154
1794,1.331,0,0,0,0,8.81,6.38,0.0654,0.0136,0.51,0.154
1795,1.3309,0,0,0,0,8.81,6.37,0.06,0.0125,0.51,0.154
1796,1.3308,0,0,0,0,8.81,6.37,0.0546,0.0114,0.51,0.154
1797,1.3307,0,0,0,0,8.81,6.35,0.0492,0.0103,0.51,0.154
1798,1.3307,0,0,0,0,8.8,6.32,0.0438,0.0092,0.51,0.154
1799,1.3306,0,0,0,0,8.8,6.31,0.0384,0.0081,0.51,0.154
1800,1.3305,0,0,0,0,8.79,6.31,0.033,0.007,0.51,0.154
1801,1.3304,0,0,0,0,8.78,6.28,0.0316,0.0067,0.51,0.154
1802,1.3303,0,0,0,0,8.77,6.28,0.0302,0.0064,0.51,0.154
1803,1.3303,0,0,0,0,8.75,6.27,0.0288,0.0061,0.51,0.154
1804,1.3302,0,0,0,0,8.75,6.26,0.0274,0.0058,0.51,0.154
1805,1.3301,0,0,0,0,8.74,6.24,0.026,0.0055,0.509,0.154
1806,1.33,0,0,0,0,8.74,6.23,0.0246,0.0052,0.509,0.154
1807,1.3299,0,0,0,0,8.74,6.22,0.0232,0.0049,0.509,0.154
1808,1.3299,0,0,0,0,8.74,6.23,0.0218,0.0046,0.509,0.154
1809,1.3298,0,0,0,0,8.75,6.22,0.0204,0.0043,0.509,0.154
1810,1.3297,0,0,0,0,8.76,6.21,0.019,0.004,0.509,0.154
1811,1.3296,0,0,0,0,8.78,6.19,0.0176,0.0037,0.509,0.154
1812,1.3295,0,0,0,0,8.79,6.19,0.0162,0.0034,0.509,0.154
1813,1.3295,0,0,0,0,8.79,6.18,0.0148,0.0031,0.508,0.154
1814,1.3294,0,0,0,0,8.8,6.16,0.0134,0.0028,0.508,0.154
1815,1.3293,0,0,0,0,8.79,6.14,0.012,0.0025,0.507,0.154
1816,1.3292,0,0,0,0,8.81,6.14,0.0106,0.0022,0.507,0.154
1817,1.3291,0,0,0,0,8.82,6.12,0.0092,0.0019,0.507,0.154
1818,1.3291,0,0,0,0,8.84,6.1,0.0078,0.0016,0.507,0.153
1819,1.329,0,0,0,0,8.85,6.09,0.0064,0.0013,0.507,0.153
1820,1.3289,0,0,0,0,8.85,6.06,0.005,0.001,0.507,0.153
1821,1.3288,0,0,0,0,8.86,6.06,0.0049,0.001,0.507,0.153
1822,1.3287,0,0,0,0,8.87,6.05,0.0048,0.001,0.507,0.153
1823,1.3287,0,0,0,0,8.87,6.04,0.0047,0.001,0.508,0.153
1824,1.3286,0,0,0,0,8.88,6.04,0.0046,0.001,0.508,0.153
1825,1.3285,0,0,0,0,8.89,6.01,0.0045,0.001,0.508,0.153
1826,1.3284,0,0,0,0,8.9,6,0.0044,0.001,0.508,0.153
1827,1.3283,0,0,0,0,8.92,5.99,0.0043,0.001,0.508,0.153
1828,1.3283,0,0,0,0,8.95,6,0.0042,0.001,0.508,0.153
1829,1.3282,0,0,0,0,8.97,5.98,0.0041,0.001,0.508,0.152
1830,1.3281,0,0,0,0,9.01,5.95,0.004,0.001,0.508,0.152
1831,1.328,0,0,0,0,9.03,5.95,0.0039,0.001,0.508,0.152
1832,1.3279,0,0,0,0,9.11,5.93,0.0038,0.001,0.507,0.152
1833,1.3279,0,0,0,0,9.15,5.91,0.0037,0.001,0.507,0.152
1834,1.3278,0,0,0,0,9.2,5.89,0.0036,0.001,0.507,0.151
1835,1.3277,0,0,0,0,9.26,5.87,0.0035,0.001,0.506,0.151
1836,1.3276,0,0,0,0,9.32,5.83,0.0034,0.001,0.507,0.15
1837,1.3275,0,0,0,0,9.38,5.79,0.0033,0.001,0.507,0.15
1838,1.3275,0,0,0,0,9.46,5.77,0.0032,0.001,0.507,0.149
1839,1.3274,0,0,0,0,9.54,5.73,0.0031,0.001,0.507,0.148
1840,1.3273,0,0,0,0,9.63,5.68,0.003,0.001,0.508,0.148
1841,1.3272,0,0,0,0,9.72,5.68,0.0029,0.00095,0.508,0.147
1842,1.3271,0,0,0,0,9.82,5.66,0.0028,9e-04,0.508,0.147
1843,1.3271,0,0,0,0,9.94,5.65,0.0027,0.00085,0.509,0.146
1844,1.327,0,0,0,0,10.1,5.62,0.0026,8e-04,0.509,0.146
1845,1.3269,0,0,0,0,10.2,5.59,0.0025,0.00075,0.51,0.145
1846,1.3268,0,0,0,0,10.3,5.57,0.0024,7e-04,0.51,0.144
1847,1.3268,0,0,0,0,10.4,5.56,0.0023,0.00065,0.51,0.143
1848,1.3267,0,0,0,0,10.6,5.55,0.0022,6e-04,0.51,0.142
1849,1.3267,0,0,0,0,10.8,5.55,0.0021,0.00055,0.511,0.14
1850,1.3266,0,0,0,0,10.9,5.54,0.002,5e-04,0.511,0.139
1851,1.3265,0,0,0,0,11.1,5.52,0.0019,0.00045,0.511,0.138
1852,1.3264,0,0,0,0,11.4,5.51,0.0018,4e-04,0.511,0.138
1853,1.3264,0,0,0,0,11.6,5.51,0.0017,0.00035,0.512,0.137
1854,1.3263,0,0,0,0,11.8,5.49,0.0016,3e-04,0.512,0.136
1855,1.3262,0,0,0,0,12.1,5.47,0.0015,0.00025,0.512,0.135
1856,1.3261,0,0,0,0,12.4,5.46,0.0014,2e-04,0.512,0.134
1857,1.3261,0,0,0,0,12.7,5.45,0.0013,0.00015,0.513,0.133
1858,1.326,0,0,0,0,13,5.45,0.0012,1e-04,0.513,0.132
1859,1.326,0,0,0,0,13.3,5.44,0.0011,5e-05,0.513,0.132
1860,1.3259,0,0,0,0,13.8,5.44,0.001,1e-04,0.513,0.131
1861,1.3258,0,0,0,0,14.1,5.44,0.0019,2e-04,0.514,0.129
1862,1.3257,0,0,0,0,14.8,5.45,0.0028,4e-04,0.514,0.127
1863,1.3257,0,0,0,0,15.3,5.47,0.0037,6e-04,0.515,0.125
1864,1.3256,0,0,0,0,15.9,5.46,0.0046,8e-04,0.515,0.123
1865,1.3255,0,0,0,0,16.4,5.45,0.0055,0.001,0.516,0.121
1866,1.3254,0,0,0,0,17.1,5.45,0.0064,0.0012,0.515,0.119
1867,1.3254,0,0,0,0,17.7,5.41,0.0073,0.0014,0.515,0.117
1868,1.3253,0,0,0,0,18.5,5.38,0.0082,0.0016,0.515,0.115
1869,1.3253,0,0,0,0,19.3,5.28,0.0091,0.0018,0.515,0.113
1870,1.3252,0,0,0,0,20.5,5.23,0.01,0.002,0.515,0.111
1871,1.3251,0,0,0,0,21.5,5.2,0.0109,0.0022,0.514,0.108
1872,1.325,0,0,0,0,22.5,5.17,0.0118,0.0024,0.514,0.104
1873,1.325,0,0,0,0,23.7,5.14,0.0127,0.0026,0.513,0.101
1874,1.3249,0,0,0,0,24.8,5.12,0.0136,0.0028,0.513,0.0977
1875,1.3248,0,0,0,0,26.2,5.11,0.0145,0.003,0.512,0.0943
1876,1.3247,0,0,0,0,27.5,5.13,0.0154,0.0032,0.51,0.0932
1877,1.3247,0,0,0,0,29.7,5.14,0.0163,0.0034,0.508,0.0921
1878,1.3246,0,0,0,0,31.4,5.17,0.0172,0.0036,0.506,0.0911
1879,1.3246,0,0,0,0,33.2,5.18,0.0181,0.0038,0.504,0.09
1880,1.3245,0,0,0,0,35,5.19,0.019,0.004,0.502,0.0889
1881,1.3244,0,0,0,0,37.3,5.18,0.0181,0.0038,0.502,0.0887
1882,1.3243,0,0,0,0,39.3,5.2,0.0172,0.0036,0.502,0.0885
1883,1.3243,0,0,0,0,42.7,5.2,0.0163,0.0034,0.502,0.0883
1884,1.3242,0,0,0,0,45.3,5.2,0.0154,0.0032,0.502,0.0881
1885,1.3241,0,0,0,0,47.9,5.22,0.0145,0.003,0.502,0.0879
1886,1.324,0,0,0,0,50.6,5.24,0.0136,0.0028,0.502,0.0882
1887,1.324,0,0,0,0,53.6,5.3,0.0127,0.0026,0.502,0.0886
1888,1.3239,0,0,0,0,57.6,5.32,0.0118,0.0024,0.503,0.0889
1889,1.3239,0,0,0,0,60.9,5.38,0.0109,0.0022,0.503,0.0892
1890,1.3238,0,0,0,0,64,5.44,0.01,0.002,0.503,0.0896
1891,1.3237,0,0,0,0,67.2,5.49,0.0091,0.0018,0.504,0.0904
1892,1.3236,0,0,0,0,70.6,5.56,0.0082,0.0016,0.504,0.0912
1893,1.3236,0,0,0,0,75,5.63,0.0073,0.0014,0.505,0.092
1894,1.3235,0,0,0,0,78.4,5.69,0.0064,0.0012,0.505,0.0928
1895,1.3234,0,0,0,0,81.6,5.76,0.0055,0.001,0.506,0.0936
1896,1.3233,0,0,0,0,84.7,5.83,0.0046,8e-04,0.506,0.0941
1897,1.3233,0,0,0,0,87.5,5.91,0.0037,6e-04,0.507,0.0946
1898,1.3232,0,0,0,0,91.9,6,0.0028,4e-04,0.507,0.0952
1899,1.3232,0,0,0,0,94.6,6.09,0.0019,2e-04,0.508,0.0957
1900,1.3231,0,0,0,0,97.2,6.19,0.001,0,0.509,0.0962
1901,1.323,0,0,0,0,100,6.33,0.001,0,0.509,0.0969
1902,1.323,0,0,0,0,103,6.45,0.001,0,0.509,0.0977
1903,1.3229,0,0,0,0,106,6.58,0.001,0,0.509,0.0984
1904,1.3229,0,0,0,0,108,6.71,0.001,0,0.509,0.0991
1905,1.3228,0,0,0,0,110,6.84,0.001,0,0.509,0.0998
1906,1.3227,0,0,0,0,112,6.97,0.001,0,0.508,0.0993
1907,1.3227,0,0,0,0,114,7.11,0.001,0,0.508,0.0989
1908,1.3226,0,0,0,0,116,7.24,0.001,0,0.507,0.0984
1909,1.3226,0,0,0,0,117,7.39,0.001,0,0.507,0.098
1910,1.3225,0,0,0,0,119,7.51,0.001,0,0.506,0.0975
1911,1.3224,0,0,0,0,120,7.64,0.001,0,0.506,0.0951
1912,1.3224,0,0,0,0,122,7.77,0.001,0,0.506,0.0927
1913,1.3223,0,0,0,0,123,7.87,0.001,0,0.505,0.0903
1914,1.3223,0,0,0,0,124,7.98,0.001,0,0.505,0.0879
1915,1.3222,0,0,0,0,125,8.07,0.001,0,0.504,0.0854
1916,1.3221,0,0,0,0,126,8.15,0.001,0,0.504,0.0836
1917,1.322,0,0,0,0,127,8.22,0.001,0,0.503,0.0818
1918,1.322,0,0,0,0,128,8.29,0.001,0,0.503,0.08
1919,1.3219,0,0,0,0,128,8.35,0.001,0,0.503,0.0782
1920,1.3218,0,0,0,0,129,8.45,0.001,0,0.502,0.0764
1921,1.3217,0,0,0,0,129,8.52,0.00125,5e-05,0.502,0.0743
1922,1.3217,0,0,0,0,130,8.58,0.0015,1e-04,0.502,0.0723
1923,1.3216,0,0,0,0,130,8.67,0.00175,0.00015,0.501,0.0702
1924,1.3216,0,0,0,0,130,8.72,0.002,2e-04,0.501,0.0681
1925,1.3215,0,0,0,0,130,8.76,0.00225,0.00025,0.5,0.0661
1926,1.3214,0,0,0,0,131,8.82,0.0025,3e-04,0.5,0.0645
1927,1.3213,0,0,0,0,131,8.86,0.00275,0.00035,0.5,0.0629
1928,1.3213,0,0,0,0,131,8.91,0.003,4e-04,0.5,0.0612
1929,1.3212,0,0,0,0,131,8.94,0.00325,0.00045,0.5,0.0596
1930,1.3211,0,0,0,0,130,8.95,0.0035,5e-04,0.5,0.058
1931,1.321,0,0,0,0,130,8.96,0.00375,0.00055,0.499,0.057
1932,1.321,0,0,0,0,130,8.98,0.004,6e-04,0.498,0.056
1933,1.3209,0,0,0,0,130,9.02,0.00425,0.00065,0.497,0.055
1934,1.3209,0,0,0,0,129,9.04,0.0045,7e-04,0.496,0.054
1935,1.3208,0,0,0,0,129,9.04,0.00475,0.00075,0.495,0.053
1936,1.3207,0,0,0,0,128,9.03,0.005,8e-04,0.494,0.0523
1937,1.3206,0,0,0,0,128,9.03,0.00525,0.00085,0.494,0.0515
1938,1.3206,0,0,0,0,127,9.05,0.0055,9e-04,0.494,0.0508
1939,1.3205,0,0,0,0,126,9.05,0.00575,0.00095,0.493,0.0501
1940,1.3204,0,0,0,0,126,9.04,0.006,0.001,0.493,0.0494
1941,1.3203,0,0,0,0,125,9.04,0.0071,0.0012,0.492,0.0488
1942,1.3203,0,0,0,0,124,9.04,0.0082,0.0014,0.492,0.0483
1943,1.3202,0,0,0,0,123,9.04,0.0093,0.0016,0.492,0.0477
1944,1.3202,0,0,0,0,122,9.02,0.0104,0.0018,0.491,0.0471
1945,1.3201,0,0,0,0,122,9.02,0.0115,0.002,0.491,0.0466
1946,1.32,0,0,0,0,121,9.01,0.0126,0.0022,0.491,0.0463
1947,1.32,0,0,0,0,120,8.97,0.0137,0.0024,0.491,0.046
1948,1.3199,0,0,0,0,119,8.97,0.0148,0.0026,0.49,0.0457
1949,1.3199,0,0,0,0,118,8.95,0.0159,0.0028,0.49,0.0454
1950,1.3198,0,0,0,0,117,8.96,0.017,0.003,0.49,0.0451
1951,1.3197,0,0,0,0,116,8.94,0.0181,0.0032,0.49,0.0451
1952,1.3197,0,0,0,0,115,8.92,0.0192,0.0034,0.49,0.0451
1953,1.3196,0,0,0,0,114,8.91,0.0203,0.0036,0.49,0.0451
1954,1.3196,0,0,0,0,113,8.9,0.0214,0.0038,0.491,0.0451
1955,1.3195,0,0,0,0,112,8.89,0.0225,0.004,0.491,0.0451
1956,1.3194,0,0,0,0,111,8.88,0.0236,0.0042,0.491,0.0453
1957,1.3193,0,0,0,0,110,8.87,0.0247,0.0044,0.49,0.0455
1958,1.3193,0,0,0,0,109,8.86,0.0258,0.0046,0.49,0.0457
1959,1.3192,0,0,0,0,108,8.85,0.0269,0.0048,0.49,0.0459
1960,1.3191,0,0,0,0,107,8.86,0.028,0.005,0.49,0.0462
1961,1.319,0,0,0,0,106,8.86,0.0315,0.00565,0.49,0.0462
1962,1.319,0,0,0,0,104,8.88,0.035,0.0063,0.49,0.0462
1963,1.3189,0,0,0,0,104,8.87,0.0385,0.00695,0.49,0.0462
1964,1.3189,0,0,0,0,102,8.87,0.042,0.0076,0.49,0.0461
1965,1.3188,0,0,0,0,101,8.86,0.0455,0.00825,0.49,0.0461
1966,1.3187,0,0,0,0,101,8.83,0.049,0.0089,0.49,0.0461
1967,1.3186,0,0,0,0,99.3,8.84,0.0525,0.00955,0.49,0.0461
1968,1.3186,0,0,0,0,98.3,8.86,0.056,0.0102,0.491,0.0461
1969,1.3185,0,0,0,0,97.1,8.86,0.0595,0.0109,0.491,0.0461
1970,1.3184,0,0,0,0,96.3,8.83,0.063,0.0115,0.491,0.0461
1971,1.3183,0,0,0,0,94.9,8.84,0.0665,0.0122,0.491,0.0461
1972,1.3183,0,0,0,0,94.1,8.84,0.07,0.0128,0.491,0.0461
1973,1.3182,0,0,0,0,93.4,8.83,0.0735,0.0135,0.491,0.0461
1974,1.3182,0,0,0,0,92.1,8.81,0.077,0.0141,0.492,0.0461
1975,1.3181,0,0,0,0,91.2,8.82,0.0805,0.0148,0.492,0.0461
1976,1.318,0,0,0,0,90.1,8.81,0.084,0.0154,0.493,0.0463
1977,1.3179,0,0,0,0,89.3,8.8,0.0875,0.0161,0.494,0.0464
1978,1.3179,0,0,0,0,88,8.79,0.091,0.0167,0.495,0.0466
1979,1.3178,0,0,0,0,87.3,8.79,0.0945,0.0174,0.496,0.0467
1980,1.3177,0,0,0,0,86.1,8.8,0.098,0.018,0.498,0.0468
1981,1.3176,0,0,0,0,85.3,8.77,0.0972,0.0179,0.498,0.0473
1982,1.3175,0,0,0,0,84.6,8.75,0.0964,0.0177,0.498,0.0478
1983,1.3175,0,0,0,0,83.4,8.76,0.0956,0.0176,0.498,0.0483
1984,1.3174,0,0,0,0,82.6,8.76,0.0948,0.0174,0.498,0.0488
1985,1.3173,0,0,0,0,81.5,8.75,0.094,0.0173,0.498,0.0492
1986,1.3172,0,0,0,0,80.8,8.76,0.0932,0.0171,0.498,0.0497
1987,1.3171,0,0,0,0,79.7,8.78,0.0924,0.017,0.498,0.0501
1988,1.3171,0,0,0,0,79,8.79,0.0916,0.0168,0.498,0.0505
1989,1.317,0,0,0,0,78,8.8,0.0908,0.0167,0.498,0.051
1990,1.3169,0,0,0,0,77.2,8.81,0.09,0.0165,0.498,0.0514
1991,1.3168,0,0,0,0,76.3,8.85,0.0892,0.0164,0.498,0.0519
1992,1.3167,0,0,0,0,75.6,8.87,0.0884,0.0162,0.498,0.0525
1993,1.3167,0,0,0,0,74.6,8.89,0.0876,0.0161,0.498,0.053
1994,1.3166,0,0,0,0,73.9,8.91,0.0868,0.0159,0.498,0.0535
1995,1.3165,0,0,0,0,73,8.94,0.086,0.0158,0.498,0.0541
1996,1.3164,0,0,0,0,72.3,8.98,0.0852,0.0156,0.498,0.0546
1997,1.3163,0,0,0,0,71.4,8.99,0.0844,0.0155,0.498,0.0552
1998,1.3163,0,0,0,0,70.8,9,0.0836,0.0153,0.498,0.0557
1999,1.3162,0,0,0,0,69.9,9.03,0.0828,0.0152,0.498,0.0563
2000,1.3161,0,0,0,0,69.2,9.08,0.082,0.015,0.498,0.0569
2001,1.316,0,0,0,0,68.7,9.11,0.0802,0.0147,0.498,0.057
2002,1.3159,0,0,0,0,67.8,9.14,0.0783,0.0143,0.498,0.0572
2003,1.3159,0,0,0,0,66.9,9.17,0.0765,0.014,0.499,0.0574
2004,1.3158,0,0,0,0,66.3,9.21,0.0746,0.0136,0.499,0.0575
2005,1.3157,0,0,0,0,65.5,9.26,0.0728,0.0133,0.499,0.0577
2006,1.3156,0,0,0,0,64.9,9.3,0.0709,0.0129,0.499,0.0581
2007,1.3155,0,0,0,0,64.1,9.36,0.0691,0.0126,0.499,0.0584
2008,1.3154,0,0,0,0,63.6,9.41,0.0672,0.0122,0.5,0.0588
2009,1.3153,0,0,0,0,62.8,9.45,0.0654,0.0119,0.5,0.0592
2010,1.3152,0,0,0,0,62.3,9.52,0.0635,0.0115,0.5,0.0595
2011,1.3151,0,0,0,0,61.6,9.58,0.0617,0.0112,0.5,0.0601
2012,1.315,0,0,0,0,61.1,9.64,0.0598,0.0108,0.501,0.0607
2013,1.315,0,0,0,0,60.3,9.69,0.058,0.0105,0.501,0.0613
2014,1.3149,0,0,0,0,59.8,9.76,0.0561,0.0101,0.501,0.0619
2015,1.3148,0,0,0,0,59.1,9.85,0.0543,0.00975,0.501,0.0626
2016,1.3147,0,0,0,0,58.6,9.95,0.0524,0.0094,0.502,0.063
2017,1.3146,0,0,0,0,57.9,10,0.0506,0.00905,0.502,0.0635
2018,1.3146,0,0,0,0,57.5,10.1,0.0487,0.0087,0.502,0.0639
2019,1.3145,0,0,0,0,56.8,10.3,0.0469,0.00835,0.502,0.0644
2020,1.3144,0,0,0,0,56.3,10.4,0.045,0.008,0.503,0.0649
2021,1.3143,0,0,0,0,55.7,10.5,0.0497,0.0088,0.503,0.0652
2022,1.3142,0,0,0,0,55,10.6,0.0543,0.0096,0.503,0.0656
2023,1.3141,0,0,0,0,54.6,10.8,0.059,0.0104,0.503,0.066
2024,1.314,0,0,0,0,54,10.9,0.0636,0.0112,0.504,0.0664
2025,1.3139,0,0,0,0,53.6,11,0.0683,0.012,0.504,0.0668
2026,1.3138,0,0,0,0,52.9,11.2,0.0729,0.0128,0.504,0.0672
2027,1.3137,0,0,0,0,52.6,11.4,0.0776,0.0136,0.504,0.0676
2028,1.3136,0,0,0,0,52,11.5,0.0822,0.0144,0.504,0.068
2029,1.3135,0,0,0,0,51.4,11.7,0.0869,0.0152,0.504,0.0684
2030,1.3134,0,0,0,0,51,11.8,0.0915,0.016,0.504,0.0689
2031,1.3133,0,0,0,0,50.5,12,0.0962,0.0168,0.504,0.0694
2032,1.3132,0,0,0,0,50.1,12.2,0.101,0.0176,0.504,0.07
2033,1.3131,0,0,0,0,49.5,12.3,0.106,0.0184,0.504,0.0706
2034,1.313,0,0,0,0,49.2,12.5,0.11,0.0192,0.504,0.0712
2035,1.3129,0,0,0,0,48.6,12.7,0.115,0.02,0.504,0.0718
2036,1.3128,0,0,0,0,48.1,12.9,0.119,0.0208,0.504,0.0727
2037,1.3127,0,0,0,0,47.7,13.1,0.124,0.0216,0.505,0.0736
2038,1.3126,0,0,0,0,47.2,13.3,0.129,0.0224,0.505,0.0745
2039,1.3125,0,0,0,0,46.9,13.5,0.133,0.0232,0.506,0.0753
2040,1.3124,0,0,0,0,46.4,13.6,0.138,0.024,0.506,0.0762
2041,1.3123,0,0,0,0,45.8,13.8,0.136,0.0237,0.507,0.0769
2042,1.3122,0,0,0,0,45.5,14,0.135,0.0234,0.507,0.0776
2043,1.3121,0,0,0,0,45,14.2,0.133,0.0231,0.507,0.0783
2044,1.312,0,0,0,0,44.7,14.4,0.131,0.0228,0.507,0.079
2045,1.3119,0,0,0,0,44.3,14.6,0.13,0.0225,0.508,0.0797
2046,1.3118,0,0,0,0,43.8,14.8,0.128,0.0222,0.508,0.0803
2047,1.3117,0,0,0,0,43.5,15,0.126,0.0219,0.508,0.0808
2048,1.3116,0,0,0,0,43,15.2,0.124,0.0216,0.508,0.0813
2049,1.3115,0,0,0,0,42.7,15.3,0.123,0.0213,0.508,0.0819
2050,1.3114,0,0,0,0,42.3,15.5,0.121,0.021,0.508,0.0824
2051,1.3113,0,0,0,0,41.9,15.7,0.119,0.0207,0.508,0.0828
2052,1.3112,0,0,0,0,41.6,15.9,0.118,0.0204,0.508,0.0833
2053,1.311,0,0,0,0,41.2,16.1,0.116,0.0201,0.508,0.0837
2054,1.3109,0,0,0,0,40.7,16.2,0.114,0.0198,0.508,0.0842
2055,1.3108,0,0,0,0,40.5,16.4,0.113,0.0195,0.508,0.0846
2056,1.3107,0,0,0,0,40,16.5,0.111,0.0192,0.509,0.0851
2057,1.3106,0,0,0,0,39.8,16.7,0.109,0.0189,0.509,0.0857
2058,1.3105,0,0,0,0,39.3,16.8,0.107,0.0186,0.509,0.0863
2059,1.3104,0,0,0,0,38.9,16.9,0.106,0.0183,0.51,0.0868
2060,1.3103,0,0,0,0,38.7,17,0.104,0.018,0.51,0.0874
2061,1.3102,0,0,0,0,38.3,17.1,0.105,0.0183,0.51,0.0876
2062,1.3101,0,0,0,0,37.9,17.2,0.107,0.0185,0.51,0.0879
2063,1.3099,0,0,0,0,37.6,17.3,0.108,0.0188,0.51,0.0882
2064,1.3098,0,0,0,0,37.3,17.3,0.11,0.019,0.51,0.0884
2065,1.3097,0,0,0,0,36.9,17.4,0.111,0.0193,0.51,0.0887
2066,1.3096,0,0,0,0,36.6,17.5,0.112,0.0195,0.51,0.0891
2067,1.3095,0,0,0,0,36.3,17.6,0.114,0.0198,0.509,0.0895
2068,1.3094,0,0,0,0,35.9,17.6,0.115,0.02,0.509,0.0899
2069,1.3093,0,0,0,0,35.7,17.7,0.117,0.0203,0.509,0.0903
2070,1.3092,0,0,0,0,35.4,17.7,0.118,0.0205,0.508,0.0907
2071,1.3091,0,0,0,0,35,17.8,0.119,0.0208,0.508,0.0907
2072,1.309,0,0,0,0,34.8,17.8,0.121,0.021,0.508,0.0907
2073,1.3088,0,0,0,0,34.5,17.9,0.122,0.0213,0.508,0.0907
2074,1.3087,0,0,0,0,34.1,17.9,0.124,0.0215,0.507,0.0907
2075,1.3086,0,0,0,0,33.9,18,0.125,0.0218,0.507,0.0907
2076,1.3085,0,0,0,0,33.6,18,0.126,0.022,0.507,0.0909
2077,1.3084,0,0,0,0,33.3,18.1,0.128,0.0223,0.507,0.0911
2078,1.3082,0,0,0,0,33.1,18.1,0.129,0.0225,0.507,0.0913
2079,1.3081,0,0,0,0,32.8,18.1,0.131,0.0228,0.507,0.0914
2080,1.308,0,0,0,0,32.5,18.2,0.132,0.023,0.507,0.0916
2081,1.3079,0,0,0,0,32.3,18.3,0.132,0.0229,0.507,0.0921
2082,1.3078,0,0,0,0,32,18.3,0.131,0.0228,0.507,0.0926
2083,1.3076,0,0,0,0,31.7,18.4,0.131,0.0227,0.507,0.093
2084,1.3075,0,0,0,0,31.5,18.4,0.131,0.0226,0.507,0.0935
2085,1.3074,0,0,0,0,31.3,18.5,0.131,0.0225,0.507,0.094
2086,1.3073,0,0,0,0,31,18.5,0.13,0.0224,0.507,0.0945
2087,1.3072,0,0,0,0,30.7,18.6,0.13,0.0223,0.507,0.095
2088,1.307,0,0,0,0,30.5,18.6,0.13,0.0222,0.507,0.0955
2089,1.3069,0,0,0,0,30.3,18.7,0.129,0.0221,0.507,0.096
2090,1.3068,0,0,0,0,30,18.7,0.129,0.022,0.507,0.0965
2091,1.3067,0,0,0,0,29.8,18.8,0.129,0.0219,0.507,0.0969
2092,1.3066,0,0,0,0,29.6,18.8,0.128,0.0218,0.507,0.0974
2093,1.3064,0,0,0,0,29.3,18.9,0.128,0.0217,0.507,0.0978
2094,1.3063,0,0,0,0,29.1,18.9,0.128,0.0216,0.507,0.0983
2095,1.3062,0,0,0,0,28.9,19,0.128,0.0215,0.507,0.0987
2096,1.3061,0,0,0,0,28.7,19,0.127,0.0214,0.506,0.0989
2097,1.306,0,0,0,0,28.4,19.1,0.127,0.0213,0.506,0.099
2098,1.3059,0,0,0,0,28.2,19.1,0.127,0.0212,0.506,0.0991
2099,1.3058,0,0,0,0,28,19.2,0.126,0.0211,0.506,0.0993
2100,1.3057,0,0,0,0,27.8,19.2,0.126,0.021,0.506,0.0994
2101,1.3056,0,0,0,0,27.5,19.3,0.126,0.0211,0.505,0.0998
2102,1.3055,0,0,0,0,27.4,19.3,0.126,0.0211,0.505,0.1
2103,1.3053,0,0,0,0,27.1,19.3,0.127,0.0212,0.505,0.101
2104,1.3052,0,0,0,0,26.9,19.4,0.127,0.0212,0.504,0.101
2105,1.3051,0,0,0,0,26.7,19.4,0.127,0.0213,0.504,0.101
2106,1.305,0,0,0,0,26.6,19.4,0.127,0.0213,0.504,0.102
2107,1.3049,0,0,0,0,26.4,19.4,0.127,0.0214,0.505,0.103
2108,1.3047,0,0,0,0,26.2,19.5,0.128,0.0214,0.505,0.103
2109,1.3046,0,0,0,0,26,19.5,0.128,0.0215,0.505,0.104
2110,1.3045,0,0,0,0,25.8,19.5,0.128,0.0215,0.506,0.104
2111,1.3044,0,0,0,0,25.7,19.6,0.128,0.0216,0.506,0.105
2112,1.3043,0,0,0,0,25.5,19.6,0.128,0.0216,0.506,0.105
2113,1.3041,0,0,0,0,25.3,19.6,0.129,0.0217,0.505,0.105
2114,1.304,0,0,0,0,25.2,19.6,0.129,0.0217,0.505,0.105
2115,1.3039,0,0,0,0,25,19.7,0.129,0.0218,0.505,0.105
2116,1.3038,0,0,0,0,24.9,19.7,0.129,0.0218,0.505,0.106
2117,1.3037,0,0,0,0,24.7,19.7,0.129,0.0219,0.505,0.106
2118,1.3035,0,0,0,0,24.6,19.7,0.13,0.0219,0.505,0.107
2119,1.3034,0,0,0,0,24.4,19.7,0.13,0.022,0.505,0.108
2120,1.3033,0,0,0,0,24.2,19.7,0.13,0.022,0.504,0.108
2121,1.3032,0,0,0,0,24,19.7,0.13,0.022,0.505,0.108
2122,1.3031,0,0,0,0,23.9,19.8,0.13,0.022,0.505,0.108
2123,1.3029,0,0,0,0,23.7,19.8,0.13,0.022,0.505,0.108
2124,1.3028,0,0,0,0,23.6,19.8,0.13,0.022,0.506,0.108
2125,1.3027,0,0,0,0,23.4,19.8,0.13,0.022,0.506,0.108
2126,1.3026,0,0,0,0,23.3,19.8,0.13,0.022,0.506,0.109
2127,1.3025,0,0,0,0,23.2,19.8,0.13,0.022,0.505,0.109
2128,1.3023,0,0,0,0,23,19.9,0.13,0.022,0.505,0.11
2129,1.3022,0,0,0,0,22.9,19.9,0.131,0.022,0.504,0.11
2130,1.3021,0,0,0,0,22.8,19.9,0.131,0.022,0.504,0.111
2131,1.302,0,0,0,0,22.6,19.9,0.131,0.022,0.504,0.111
2132,1.3019,0,0,0,0,22.5,19.9,0.131,0.022,0.504,0.111
2133,1.3017,0,0,0,0,22.4,19.9,0.131,0.022,0.505,0.112
2134,1.3016,0,0,0,0,22.3,20,0.131,0.022,0.505,0.112
2135,1.3015,0,0,0,0,22.1,20,0.131,0.022,0.506,0.112
2136,1.3014,0,0,0,0,22,20,0.131,0.022,0.505,0.112
2137,1.3013,0,0,0,0,21.9,20,0.131,0.022,0.505,0.112
2138,1.3011,0,0,0,0,21.8,20.1,0.131,0.022,0.505,0.112
2139,1.301,0,0,0,0,21.7,20.1,0.131,0.022,0.505,0.112
2140,1.3009,0,0,0,0,21.6,20.1,0.131,0.022,0.504,0.112
2141,1.3008,0,0,0,0,21.5,20.2,0.13,0.0219,0.504,0.113
2142,1.3007,0,0,0,0,21.4,20.2,0.129,0.0217,0.504,0.113
2143,1.3005,0,0,0,0,21.3,20.2,0.128,0.0216,0.503,0.114
2144,1.3004,0,0,0,0,21.2,20.2,0.127,0.0214,0.503,0.114
2145,1.3003,0,0,0,0,21.1,20.2,0.127,0.0213,0.503,0.114
2146,1.3002,0,0,0,0,21,20.2,0.126,0.0211,0.502,0.115
2147,1.3001,0,0,0,0,20.9,20.3,0.125,0.021,0.502,0.115
2148,1.2999,0,0,0,0,20.9,20.3,0.124,0.0208,0.502,0.115
2149,1.2998,0,0,0,0,20.8,20.3,0.123,0.0207,0.502,0.115
2150,1.2997,0,0,0,0,20.7,20.3,0.122,0.0205,0.501,0.115
2151,1.2996,0,0,0,0,20.6,20.3,0.121,0.0204,0.501,0.115
2152,1.2995,0,0,0,0,20.5,20.3,0.12,0.0202,0.501,0.115
2153,1.2993,0,0,0,0,20.4,20.3,0.119,0.0201,0.501,0.115
2154,1.2992,0,0,0,0,20.3,20.3,0.118,0.0199,0.5,0.115
2155,1.2991,0,0,0,0,20.3,20.3,0.118,0.0198,0.5,0.115
2156,1.299,0,0,0,0,20.2,20.3,0.117,0.0196,0.5,0.115
2157,1.2989,0,0,0,0,20.1,20.3,0.116,0.0195,0.5,0.115
2158,1.2987,0,0,0,0,20,20.3,0.115,0.0193,0.499,0.115
2159,1.2986,0,0,0,0,20,20.3,0.114,0.0192,0.499,0.115
2160,1.2985,0,0,0,0,19.9,20.3,0.113,0.019,0.499,0.115
2161,1.2984,0,0,0,0,19.8,20.3,0.113,0.019,0.499,0.115
2162,1.2983,0,0,0,0,19.8,20.3,0.113,0.0189,0.499,0.115
2163,1.2981,0,0,0,0,19.7,20.3,0.113,0.0189,0.498,0.115
2164,1.298,0,0,0,0,19.6,20.3,0.112,0.0188,0.498,0.115
2165,1.2979,0,0,0,0,19.6,20.3,0.112,0.0188,0.498,0.115
2166,1.2978,0,0,0,0,19.5,20.2,0.112,0.0187,0.498,0.115
2167,1.2977,0,0,0,0,19.5,20.2,0.112,0.0187,0.498,0.115
2168,1.2975,0,0,0,0,19.4,20.2,0.112,0.0186,0.497,0.115
2169,1.2974,0,0,0,0,19.4,20.2,0.112,0.0186,0.497,0.115
2170,1.2973,0,0,0,0,19.3,20.1,0.112,0.0185,0.497,0.115
2171,1.2972,0,0,0,0,19.3,20.1,0.111,0.0185,0.497,0.115
2172,1.297,0,0,0,0,19.2,20.1,0.111,0.0184,0.497,0.115
2173,1.2969,0,0,0,0,19.2,20,0.111,0.0184,0.498,0.115
2174,1.2967,0,0,0,0,19.1,20,0.111,0.0183,0.498,0.115
2175,1.2966,0,0,0,0,19.1,20,0.111,0.0183,0.498,0.115
2176,1.2965,0,0,0,0,19,19.9,0.111,0.0182,0.498,0.115
2177,1.2964,0,0,0,0,19,19.9,0.111,0.0182,0.498,0.115
2178,1.2962,0,0,0,0,19,19.8,0.11,0.0181,0.498,0.115
2179,1.2961,0,0,0,0,18.9,19.8,0.11,0.0181,0.498,0.115
2180,1.296,0,0,0,0,18.8,19.7,0.11,0.018,0.498,0.115
2181,1.2959,0,0,0,0,18.8,19.6,0.109,0.0179,0.496,0.115
2182,1.2958,0,0,0,0,18.7,19.6,0.109,0.0178,0.495,0.115
2183,1.2957,0,0,0,0,18.7,19.5,0.108,0.0177,0.493,0.115
2184,1.2956,0,0,0,0,18.7,19.5,0.107,0.0176,0.491,0.115
2185,1.2955,0,0,0,0,18.6,19.4,0.107,0.0175,0.49,0.115
2186,1.2954,0,0,0,0,18.6,19.4,0.106,0.0174,0.489,0.116
2187,1.2953,0,0,0,0,18.5,19.3,0.106,0.0173,0.488,0.116
2188,1.2951,0,0,0,0,18.5,19.2,0.105,0.0172,0.488,0.116
2189,1.295,0,0,0,0,18.5,19.2,0.104,0.0171,0.487,0.116
2190,1.2949,0,0,0,0,18.4,19.1,0.104,0.017,0.487,0.117
2191,1.2948,0,0,0,0,18.4,19.1,0.103,0.0169,0.486,0.117
2192,1.2947,0,0,0,0,18.4,19,0.102,0.0168,0.485,0.117
2193,1.2945,0,0,0,0,18.4,18.9,0.102,0.0167,0.485,0.117
2194,1.2944,0,0,0,0,18.4,18.9,0.101,0.0166,0.484,0.117
2195,1.2943,0,0,0,0,18.4,18.8,0.1,0.0165,0.484,0.117
2196,1.2942,0,0,0,0,18.4,18.7,0.0996,0.0164,0.483,0.117
2197,1.2941,0,0,0,0,18.4,18.7,0.099,0.0163,0.483,0.118
2198,1.2939,0,0,0,0,18.4,18.6,0.0983,0.0162,0.483,0.119
2199,1.2938,0,0,0,0,18.4,18.6,0.0977,0.0161,0.482,0.12
2200,1.2937,0,0,0,0,18.3,18.5,0.097,0.016,0.482,0.12
2201,1.2936,0,0,0,0,18.3,18.5,0.0978,0.0161,0.482,0.12
2202,1.2935,0,0,0,0,18.3,18.4,0.0985,0.0162,0.482,0.12
2203,1.2933,0,0,0,0,18.3,18.3,0.0993,0.0163,0.482,0.12
2204,1.2932,0,0,0,0,18.3,18.3,0.1,0.0164,0.482,0.12
2205,1.2931,0,0,0,0,18.3,18.2,0.101,0.0165,0.482,0.12
2206,1.293,0,0,0,0,18.3,18.2,0.102,0.0166,0.482,0.119
2207,1.2928,0,0,0,0,18.3,18.1,0.102,0.0167,0.482,0.119
2208,1.2927,0,0,0,0,18.3,18.1,0.103,0.0168,0.482,0.118
2209,1.2925,0,0,0,0,18.3,18,0.104,0.0169,0.482,0.118
2210,1.2924,0,0,0,0,18.3,18,0.105,0.017,0.482,0.117
2211,1.2923,0,0,0,0,18.3,17.9,0.105,0.0171,0.482,0.117
2212,1.2922,0,0,0,0,18.3,17.9,0.106,0.0172,0.482,0.116
2213,1.292,0,0,0,0,18.3,17.8,0.107,0.0173,0.482,0.116
2214,1.2919,0,0,0,0,18.3,17.8,0.108,0.0174,0.482,0.116
2215,1.2918,0,0,0,0,18.3,17.8,0.108,0.0175,0.482,0.115
2216,1.2917,0,0,0,0,18.3,17.7,0.109,0.0176,0.483,0.115
2217,1.2916,0,0,0,0,18.4,17.7,0.11,0.0177,0.483,0.115
2218,1.2914,0,0,0,0,18.4,17.7,0.111,0.0178,0.484,0.115
2219,1.2913,0,0,0,0,18.4,17.7,0.111,0.0179,0.484,0.115
2220,1.2912,0,0,0,0,18.4,17.6,0.112,0.018,0.484,0.115
2221,1.2911,0,0,0,0,18.4,17.6,0.112,0.018,0.485,0.115
2222,1.291,0,0,0,0,18.4,17.6,0.112,0.0179,0.485,0.115
2223,1.2908,0,0,0,0,18.4,17.6,0.111,0.0179,0.486,0.115
2224,1.2907,0,0,0,0,18.4,17.6,0.111,0.0178,0.486,0.115
2225,1.2906,0,0,0,0,18.4,17.7,0.111,0.0178,0.487,0.115
2226,1.2905,0,0,0,0,18.5,17.7,0.111,0.0177,0.487,0.115
2227,1.2904,0,0,0,0,18.5,17.7,0.11,0.0177,0.488,0.115
2228,1.2902,0,0,0,0,18.5,17.8,0.11,0.0176,0.488,0.115
2229,1.2901,0,0,0,0,18.5,17.9,0.11,0.0176,0.489,0.115
2230,1.29,0,0,0,0,18.6,18,0.11,0.0175,0.49,0.115
2231,1.2899,0,0,0,0,18.6,18,0.109,0.0175,0.49,0.115
2232,1.2898,0,0,0,0,18.6,18.1,0.109,0.0174,0.491,0.115
2233,1.2896,0,0,0,0,18.6,18.3,0.109,0.0174,0.491,0.115
2234,1.2895,0,0,0,0,18.7,18.4,0.109,0.0173,0.492,0.115
2235,1.2894,0,0,0,0,18.7,18.5,0.108,0.0173,0.493,0.115
2236,1.2893,0,0,0,0,18.7,18.7,0.108,0.0172,0.492,0.115
2237,1.2892,0,0,0,0,18.8,18.8,0.108,0.0172,0.492,0.115
2238,1.289,0,0,0,0,18.8,19,0.108,0.0171,0.492,0.115
2239,1.2889,0,0,0,0,18.8,19.1,0.107,0.0171,0.492,0.115
2240,1.2888,0,0,0,0,18.9,19.3,0.107,0.017,0.492,0.115
2241,1.2887,0,0,0,0,18.9,19.5,0.107,0.017,0.491,0.115
2242,1.2886,0,0,0,0,19,19.7,0.106,0.0169,0.491,0.115
2243,1.2884,0,0,0,0,19,19.9,0.105,0.0169,0.491,0.115
2244,1.2883,0,0,0,0,19.1,20.2,0.105,0.0168,0.491,0.115
2245,1.2882,0,0,0,0,19.1,20.4,0.104,0.0168,0.49,0.115
2246,1.2881,0,0,0,0,19.2,20.7,0.104,0.0167,0.49,0.115
2247,1.288,0,0,0,0,19.2,20.9,0.103,0.0167,0.49,0.115
2248,1.2878,0,0,0,0,19.3,21.1,0.103,0.0166,0.49,0.115
2249,1.2877,0,0,0,0,19.3,21.4,0.102,0.0166,0.49,0.115
2250,1.2876,0,0,0,0,19.4,21.6,0.102,0.0165,0.49,0.115
2251,1.2875,0,0,0,0,19.5,21.9,0.101,0.0165,0.49,0.115
2252,1.2874,0,0,0,0,19.5,22.1,0.1,0.0164,0.49,0.115
2253,1.2873,0,0,0,0,19.6,22.4,0.0999,0.0164,0.49,0.115
2254,1.2872,0,0,0,0,19.7,22.6,0.0993,0.0163,0.49,0.115
2255,1.2871,0,0,0,0,19.7,22.9,0.0988,0.0163,0.49,0.115
2256,1.287,0,0,0,0,19.8,23.1,0.0982,0.0162,0.49,0.114
2257,1.2869,0,0,0,0,19.9,23.4,0.0977,0.0162,0.489,0.113
2258,1.2867,0,0,0,0,19.9,23.6,0.0971,0.0161,0.489,0.113
2259,1.2866,0,0,0,0,20,23.9,0.0966,0.0161,0.489,0.112
2260,1.2865,0,0,0,0,20,24.1,0.096,0.016,0.489,0.112
2261,1.2864,0,0,0,0,20.1,24.3,0.0959,0.016,0.489,0.112
2262,1.2863,0,0,0,0,20.2,24.6,0.0958,0.0159,0.489,0.112
2263,1.2862,0,0,0,0,20.3,24.8,0.0957,0.0159,0.489,0.111
2264,1.2861,0,0,0,0,20.4,25,0.0956,0.0158,0.49,0.111
2265,1.286,0,0,0,0,20.5,25.2,0.0955,0.0158,0.49,0.111
2266,1.2859,0,0,0,0,20.5,25.4,0.0954,0.0157,0.49,0.111
2267,1.2858,0,0,0,0,20.6,25.6,0.0953,0.0157,0.49,0.111
2268,1.2856,0,0,0,0,20.7,25.8,0.0952,0.0156,0.49,0.111
2269,1.2855,0,0,0,0,20.8,26.1,0.0951,0.0156,0.491,0.11
2270,1.2854,0,0,0,0,20.9,26.3,0.095,0.0155,0.491,0.11
2271,1.2853,0,0,0,0,20.9,26.4,0.0949,0.0155,0.491,0.11
2272,1.2852,0,0,0,0,21,26.6,0.0948,0.0154,0.491,0.11
2273,1.285,0,0,0,0,21.1,26.7,0.0947,0.0154,0.491,0.109
2274,1.2849,0,0,0,0,21.3,26.9,0.0946,0.0153,0.492,0.109
2275,1.2848,0,0,0,0,21.4,27,0.0945,0.0153,0.492,0.109
2276,1.2847,0,0,0,0,21.5,27.2,0.0944,0.0152,0.492,0.109
2277,1.2846,0,0,0,0,21.5,27.3,0.0943,0.0152,0.492,0.108
2278,1.2845,0,0,0,0,21.6,27.4,0.0942,0.0151,0.493,0.108
2279,1.2844,0,0,0,0,21.7,27.5,0.0941,0.0151,0.493,0.108
2280,1.2843,0,0,0,0,21.8,27.6,0.094,0.015,0.493,0.108
2281,1.2842,0,0,0,0,21.9,27.8,0.0936,0.015,0.493,0.107
2282,1.2841,0,0,0,0,22,27.9,0.0931,0.0149,0.492,0.107
2283,1.284,0,0,0,0,22.1,28,0.0927,0.0149,0.492,0.107
2284,1.2839,0,0,0,0,22.2,28.2,0.0922,0.0148,0.492,0.106
2285,1.2838,0,0,0,0,22.3,28.4,0.0918,0.0148,0.492,0.106
2286,1.2837,0,0,0,0,22.5,28.5,0.0913,0.0147,0.491,0.106
2287,1.2836,0,0,0,0,22.6,28.6,0.0909,0.0147,0.49,0.105
2288,1.2834,0,0,0,0,22.8,28.8,0.0904,0.0146,0.49,0.105
2289,1.2833,0,0,0,0,22.9,29,0.09,0.0146,0.489,0.104
2290,1.2832,0,0,0,0,23,29.1,0.0895,0.0145,0.489,0.104
2291,1.2831,0,0,0,0,23.1,29.2,0.0891,0.0145,0.489,0.103
2292,1.283,0,0,0,0,23.3,29.4,0.0886,0.0144,0.488,0.102
2293,1.2829,0,0,0,0,23.4,29.5,0.0882,0.0144,0.488,0.101
2294,1.2828,0,0,0,0,23.5,29.6,0.0877,0.0143,0.488,0.101
2295,1.2827,0,0,0,0,23.6,29.7,0.0873,0.0143,0.488,0.0997
2296,1.2826,0,0,0,0,23.8,29.8,0.0868,0.0142,0.488,0.0994
2297,1.2825,0,0,0,0,23.9,30,0.0864,0.0142,0.488,0.0991
2298,1.2824,0,0,0,0,24.1,30.1,0.0859,0.0141,0.487,0.0988
2299,1.2823,0,0,0,0,24.2,30.2,0.0855,0.0141,0.487,0.0985
2300,1.2822,0,0,0,0,24.3,30.3,0.085,0.014,0.487,0.0982
2301,1.2821,0,0,0,0,24.4,30.4,0.0843,0.0139,0.486,0.0982
2302,1.282,0,0,0,0,24.6,30.5,0.0836,0.0137,0.486,0.0982
2303,1.2818,0,0,0,0,24.7,30.6,0.0829,0.0136,0.486,0.0982
2304,1.2817,0,0,0,0,24.9,30.7,0.0822,0.0134,0.485,0.0982
2305,1.2816,0,0,0,0,25,30.7,0.0815,0.0133,0.485,0.0982
2306,1.2815,0,0,0,0,25.2,30.8,0.0808,0.0131,0.485,0.0982
2307,1.2814,0,0,0,0,25.3,30.8,0.0801,0.013,0.484,0.0982
2308,1.2813,0,0,0,0,25.5,30.8,0.0794,0.0128,0.484,0.0982
2309,1.2812,0,0,0,0,25.6,30.7,0.0787,0.0127,0.484,0.0982
2310,1.2811,0,0,0,0,25.8,30.7,0.078,0.0125,0.484,0.0982
2311,1.281,0,0,0,0,25.9,30.7,0.0773,0.0124,0.483,0.0981
2312,1.2809,0,0,0,0,26.1,30.6,0.0766,0.0122,0.483,0.098
2313,1.2808,0,0,0,0,26.2,30.5,0.0759,0.0121,0.483,0.098
2314,1.2807,0,0,0,0,26.5,30.5,0.0752,0.0119,0.483,0.0979
2315,1.2806,0,0,0,0,26.6,30.3,0.0745,0.0118,0.482,0.0978
2316,1.2805,0,0,0,0,26.8,30.3,0.0738,0.0116,0.482,0.0974
2317,1.2804,0,0,0,0,27,30.2,0.0731,0.0115,0.482,0.097
2318,1.2803,0,0,0,0,27.1,30.2,0.0724,0.0113,0.482,0.0966
2319,1.2802,0,0,0,0,27.3,30,0.0717,0.0112,0.482,0.0962
2320,1.2801,0,0,0,0,27.4,30,0.071,0.011,0.482,0.0958
2321,1.28,0,0,0,0,27.6,30,0.0711,0.011,0.482,0.0954
2322,1.2799,0,0,0,0,27.9,29.9,0.0711,0.011,0.482,0.095
2323,1.2799,0,0,0,0,28,29.9,0.0712,0.011,0.482,0.0945
2324,1.2798,0,0,0,0,28.2,29.8,0.0712,0.011,0.482,0.0941
2325,1.2797,0,0,0,0,28.4,29.8,0.0713,0.011,0.482,0.0937
2326,1.2796,0,0,0,0,28.6,29.8,0.0713,0.011,0.482,0.0932
2327,1.2795,0,0,0,0,28.7,29.7,0.0714,0.011,0.482,0.0927
2328,1.2795,0,0,0,0,29,29.8,0.0714,0.011,0.482,0.0922
2329,1.2794,0,0,0,0,29.2,29.8,0.0715,0.011,0.482,0.0917
2330,1.2793,0,0,0,0,29.3,29.8,0.0715,0.011,0.482,0.0912
2331,1.2792,0,0,0,0,29.5,29.8,0.0716,0.011,0.482,0.0912
2332,1.2791,0,0,0,0,29.7,29.9,0.0716,0.011,0.481,0.0912
2333,1.2791,0,0,0,0,29.9,29.9,0.0717,0.011,0.481,0.0912
2334,1.279,0,0,0,0,30,30,0.0717,0.011,0.481,0.0912
2335,1.2789,0,0,0,0,30.4,30,0.0718,0.011,0.48,0.0912
2336,1.2788,0,0,0,0,30.5,30.1,0.0718,0.011,0.48,0.0908
2337,1.2788,0,0,0,0,30.7,30.1,0.0719,0.011,0.479,0.0904
2338,1.2787,0,0,0,0,30.9,30.1,0.0719,0.011,0.479,0.09
2339,1.2787,0,0,0,0,31.1,30.2,0.072,0.011,0.479,0.0896
2340,1.2786,0,0,0,0,31.5,30.2,0.072,0.011,0.478,0.0892
2341,1.2785,0,0,0,0,31.6,30.2,0.072,0.011,0.478,0.0889
2342,1.2785,0,0,0,0,31.8,30.3,0.0719,0.011,0.478,0.0885
2343,1.2784,0,0,0,0,32,30.3,0.0719,0.011,0.477,0.0882
2344,1.2784,0,0,0,0,32.2,30.3,0.0718,0.011,0.477,0.0879
2345,1.2783,0,0,0,0,32.4,30.3,0.0718,0.011,0.477,0.0875
2346,1.2782,0,0,0,0,32.7,30.3,0.0717,0.011,0.477,0.0878
2347,1.2781,0,0,0,0,32.9,30.2,0.0717,0.011,0.477,0.0881
2348,1.278,0,0,0,0,33.1,30.2,0.0716,0.011,0.477,0.0884
2349,1.2779,0,0,0,0,33.3,30.1,0.0716,0.011,0.477,0.0887
2350,1.2778,0,0,0,0,33.5,30.1,0.0715,0.011,0.477,0.089
2351,1.2777,0,0,0,0,33.9,30,0.0715,0.011,0.477,0.0887
2352,1.2776,0,0,0,0,34,29.9,0.0714,0.011,0.477,0.0884
2353,1.2776,0,0,0,0,34.3,29.8,0.0714,0.011,0.477,0.0881
2354,1.2775,0,0,0,0,34.5,29.8,0.0713,0.011,0.478,0.0878
2355,1.2774,0,0,0,0,34.7,29.8,0.0713,0.011,0.478,0.0875
2356,1.2773,0,0,0,0,34.9,29.7,0.0712,0.011,0.478,0.0868
2357,1.2772,0,0,0,0,35.3,29.6,0.0712,0.011,0.478,0.0861
2358,1.2771,0,0,0,0,35.5,29.5,0.0711,0.011,0.478,0.0855
2359,1.277,0,0,0,0,35.7,29.3,0.0711,0.011,0.478,0.0848
2360,1.2769,0,0,0,0,35.9,29.3,0.071,0.011,0.478,0.0841
2361,1.2768,0,0,0,0,36.1,29.2,0.0703,0.0109,0.478,0.0833
2362,1.2767,0,0,0,0,36.6,29.1,0.0695,0.0108,0.478,0.0825
2363,1.2766,0,0,0,0,36.8,29,0.0688,0.0107,0.478,0.0818
2364,1.2765,0,0,0,0,37,28.9,0.068,0.0106,0.477,0.081
2365,1.2764,0,0,0,0,37.2,28.8,0.0673,0.0105,0.477,0.0802
2366,1.2763,0,0,0,0,37.6,28.7,0.0665,0.0104,0.477,0.0801
2367,1.2762,0,0,0,0,37.8,28.7,0.0658,0.0103,0.477,0.08
2368,1.2761,0,0,0,0,38,28.7,0.065,0.0102,0.477,0.08
2369,1.276,0,0,0,0,38.3,28.7,0.0643,0.0101,0.476,0.0799
2370,1.2759,0,0,0,0,38.5,28.6,0.0635,0.01,0.476,0.0798
2371,1.2758,0,0,0,0,38.9,28.5,0.0628,0.0099,0.476,0.0795
2372,1.2757,0,0,0,0,39.1,28.5,0.062,0.0098,0.475,0.0791
2373,1.2757,0,0,0,0,39.4,28.5,0.0613,0.0097,0.475,0.0788
2374,1.2756,0,0,0,0,39.6,28.4,0.0605,0.0096,0.475,0.0785
2375,1.2755,0,0,0,0,40.1,28.3,0.0598,0.0095,0.475,0.0782
2376,1.2754,0,0,0,0,40.2,28.2,0.059,0.0094,0.475,0.0775
2377,1.2753,0,0,0,0,40.5,28.2,0.0583,0.0093,0.475,0.0769
2378,1.2753,0,0,0,0,40.8,28.2,0.0575,0.0092,0.475,0.0763
2379,1.2752,0,0,0,0,41,28.1,0.0568,0.0091,0.475,0.0757
2380,1.2751,0,0,0,0,41.5,28,0.056,0.009,0.475,0.075
2381,1.275,0,0,0,0,41.7,28,0.0569,0.0091,0.475,0.075
2382,1.2749,0,0,0,0,42,28,0.0577,0.0092,0.475,0.0749
2383,1.2749,0,0,0,0,42.2,27.9,0.0586,0.0093,0.475,0.0748
2384,1.2748,0,0,0,0,42.7,27.9,0.0594,0.0094,0.476,0.0748
2385,1.2747,0,0,0,0,42.9,27.9,0.0603,0.0095,0.476,0.0747
2386,1.2746,0,0,0,0,43.2,27.8,0.0611,0.0096,0.475,0.0739
2387,1.2745,0,0,0,0,43.4,27.8,0.062,0.0097,0.475,0.0732
2388,1.2745,0,0,0,0,43.9,27.8,0.0628,0.0098,0.474,0.0724
2389,1.2744,0,0,0,0,44.1,27.8,0.0637,0.0099,0.474,0.0717
2390,1.2743,0,0,0,0,44.4,27.8,0.0645,0.01,0.474,0.0709
2391,1.2742,0,0,0,0,44.6,27.8,0.0654,0.0101,0.474,0.0708
2392,1.2742,0,0,0,0,45.1,27.8,0.0662,0.0102,0.474,0.0707
2393,1.2741,0,0,0,0,45.4,27.9,0.0671,0.0103,0.473,0.0707
2394,1.2741,0,0,0,0,45.7,27.9,0.0679,0.0104,0.473,0.0706
2395,1.274,0,0,0,0,45.9,27.8,0.0688,0.0105,0.473,0.0705
2396,1.2739,0,0,0,0,46.4,27.8,0.0696,0.0106,0.473,0.0702
2397,1.2739,0,0,0,0,46.6,27.8,0.0705,0.0107,0.473,0.0698
2398,1.2738,0,0,0,0,46.9,27.8,0.0713,0.0108,0.473,0.0695
2399,1.2738,0,0,0,0,47.1,27.8,0.0722,0.0109,0.473,0.0691
2400,1.2737,0,0,0,0,47.6,27.8,0.073,0.011,0.472,0.0688
2401,1.2736,0,0,0,0,47.9,27.8,0.0709,0.0107,0.472,0.0688
2402,1.2736,0,0,0,0,48.2,27.9,0.0687,0.0104,0.471,0.0688
2403,1.2735,0,0,0,0,48.4,27.9,0.0666,0.0101,0.471,0.0688
2404,1.2735,0,0,0,0,48.9,28,0.0644,0.0098,0.47,0.0688
2405,1.2734,0,0,0,0,49.2,28,0.0623,0.0095,0.47,0.0688
2406,1.2733,0,0,0,0,49.4,28.1,0.0601,0.0092,0.47,0.068
2407,1.2733,0,0,0,0,50,28.1,0.058,0.0089,0.469,0.0673
2408,1.2732,0,0,0,0,50.2,28.2,0.0558,0.0086,0.469,0.0666
2409,1.2732,0,0,0,0,50.5,28.2,0.0537,0.0083,0.468,0.0658
2410,1.2731,0,0,0,0,50.8,28.2,0.0515,0.008,0.468,0.0651
2411,1.273,0,0,0,0,51.3,28.2,0.0494,0.0077,0.468,0.0645
2412,1.273,0,0,0,0,51.6,28.3,0.0472,0.0074,0.468,0.0638
2413,1.2729,0,0,0,0,51.9,28.4,0.0451,0.0071,0.468,0.0631
2414,1.2729,0,0,0,0,52.5,28.5,0.0429,0.0068,0.468,0.0625
2415,1.2728,0,0,0,0,52.8,28.5,0.0408,0.0065,0.468,0.0618
2416,1.2727,0,0,0,0,53.1,28.6,0.0386,0.0062,0.468,0.0617
2417,1.2727,0,0,0,0,53.4,28.7,0.0365,0.0059,0.468,0.0615
2418,1.2726,0,0,0,0,54,28.7,0.0343,0.0056,0.468,0.0614
2419,1.2726,0,0,0,0,54.3,28.9,0.0322,0.0053,0.468,0.0612
2420,1.2725,0,0,0,0,54.6,29,0.03,0.005,0.468,0.0611
2421,1.2725,0,0,0,0,55.2,29.1,0.032,0.00525,0.468,0.0602
2422,1.2724,0,0,0,0,55.6,29.2,0.0339,0.0055,0.467,0.0593
2423,1.2724,0,0,0,0,55.9,29.3,0.0359,0.00575,0.467,0.0584
2424,1.2723,0,0,0,0,56.2,29.4,0.0378,0.006,0.467,0.0574
2425,1.2723,0,0,0,0,56.9,29.6,0.0398,0.00625,0.467,0.0565
2426,1.2722,0,0,0,0,57.1,29.7,0.0417,0.0065,0.466,0.0562
2427,1.2722,0,0,0,0,57.5,29.9,0.0437,0.00675,0.466,0.0559
2428,1.2721,0,0,0,0,58.1,30,0.0456,0.007,0.465,0.0555
2429,1.2721,0,0,0,0,58.4,30.2,0.0476,0.00725,0.465,0.0552
2430,1.272,0,0,0,0,58.8,30.4,0.0495,0.0075,0.465,0.0549
2431,1.272,0,0,0,0,59.5,30.4,0.0515,0.00775,0.464,0.0549
2432,1.2719,0,0,0,0,59.8,30.6,0.0534,0.008,0.464,0.0549
2433,1.2719,0,0,0,0,60.1,30.8,0.0554,0.00825,0.463,0.0549
2434,1.2718,0,0,0,0,60.4,31,0.0573,0.0085,0.463,0.0548
2435,1.2718,0,0,0,0,61.1,31.2,0.0593,0.00875,0.462,0.0548
2436,1.2717,0,0,0,0,61.5,31.3,0.0612,0.009,0.462,0.0546
2437,1.2717,0,0,0,0,61.8,31.5,0.0632,0.00925,0.462,0.0543
2438,1.2716,0,0,0,0,62.5,31.6,0.0651,0.0095,0.461,0.054
2439,1.2716,0,0,0,0,62.9,31.8,0.0671,0.00975,0.461,0.0537
2440,1.2715,0,0,0,0,63.2,32,0.069,0.01,0.461,0.0534
2441,1.2715,0,0,0,0,63.9,32.2,0.0676,0.0098,0.46,0.0534
2442,1.2714,0,0,0,0,64.3,32.3,0.0661,0.0096,0.46,0.0534
2443,1.2714,0,0,0,0,64.6,32.6,0.0647,0.0094,0.46,0.0534
2444,1.2713,0,0,0,0,65.4,32.8,0.0632,0.0092,0.459,0.0534
2445,1.2713,0,0,0,0,65.7,33.2,0.0618,0.009,0.459,0.0534
2446,1.2713,0,0,0,0,66.1,33.4,0.0603,0.0088,0.459,0.0532
2447,1.2713,0,0,0,0,66.9,33.6,0.0589,0.0086,0.458,0.053
2448,1.2712,0,0,0,0,67.3,33.8,0.0574,0.0084,0.458,0.0528
2449,1.2712,0,0,0,0,67.6,34.1,0.056,0.0082,0.457,0.0526
2450,1.2712,0,0,0,0,68.4,34.3,0.0545,0.008,0.457,0.0524
2451,1.2712,0,0,0,0,68.8,34.5,0.0531,0.0078,0.457,0.0519
2452,1.2711,0,0,0,0,69.2,34.7,0.0516,0.0076,0.456,0.0515
2453,1.2711,0,0,0,0,70.1,35,0.0502,0.0074,0.456,0.051
2454,1.271,0,0,0,0,70.5,35.2,0.0487,0.0072,0.456,0.0505
2455,1.271,0,0,0,0,70.8,35.4,0.0473,0.007,0.455,0.0501
2456,1.271,0,0,0,0,71.7,35.6,0.0458,0.0068,0.455,0.0496
2457,1.271,0,0,0,0,72.1,35.8,0.0444,0.0066,0.455,0.0492
2458,1.2709,0,0,0,0,72.5,36,0.0429,0.0064,0.455,0.0488
2459,1.2709,0,0,0,0,73.4,36.2,0.0415,0.0062,0.454,0.0484
2460,1.2709,0,0,0,0,73.8,36.4,0.04,0.006,0.454,0.0479
2461,1.2709,0,0,0,0,74.2,36.6,0.0396,0.00595,0.454,0.0478
2462,1.2709,0,0,0,0,75.1,36.7,0.0392,0.0059,0.453,0.0476
2463,1.2708,0,0,0,0,75.5,36.8,0.0388,0.00585,0.453,0.0474
2464,1.2708,0,0,0,0,75.9,37,0.0384,0.0058,0.453,0.0473
2465,1.2708,0,0,0,0,76.8,37.1,0.038,0.00575,0.452,0.0471
2466,1.2708,0,0,0,0,77.2,37.4,0.0376,0.0057,0.452,0.0473
2467,1.2708,0,0,0,0,78,37.6,0.0372,0.00565,0.452,0.0474
2468,1.2708,0,0,0,0,78.4,37.9,0.0368,0.0056,0.452,0.0476
2469,1.2708,0,0,0,0,78.8,38,0.0364,0.00555,0.452,0.0477
2470,1.2708,0,0,0,0,79.7,38.1,0.036,0.0055,0.452,0.0479
2471,1.2708,0,0,0,0,80.1,38.2,0.0356,0.00545,0.452,0.048
2472,1.2708,0,0,0,0,80.5,38.3,0.0352,0.0054,0.452,0.048
2473,1.2708,0,0,0,0,81.4,38.6,0.0348,0.00535,0.452,0.0481
2474,1.2708,0,0,0,0,81.7,38.7,0.0344,0.0053,0.452,0.0481
2475,1.2708,0,0,0,0,82.2,38.8,0.034,0.00525,0.452,0.0482
2476,1.2708,0,0,0,0,83,38.8,0.0336,0.0052,0.451,0.0483
2477,1.2709,0,0,0,0,83.4,38.8,0.0332,0.00515,0.451,0.0485
2478,1.2709,0,0,0,0,84.2,38.8,0.0328,0.0051,0.451,0.0486
2479,1.271,0,0,0,0,84.7,38.9,0.0324,0.00505,0.451,0.0488
2480,1.271,0,0,0,0,85.1,39,0.032,0.005,0.45,0.0489
2481,1.2711,0,0,0,0,85.8,39,0.0311,0.00485,0.45,0.049
2482,1.2712,0,0,0,0,86.2,39.1,0.0302,0.0047,0.45,0.0492
2483,1.2712,0,0,0,0,86.4,39.1,0.0293,0.00455,0.449,0.0493
2484,1.2713,0,0,0,0,87.1,39.2,0.0284,0.0044,0.449,0.0495
2485,1.2714,0,0,0,0,87.6,39.3,0.0275,0.00425,0.449,0.0496
2486,1.2715,0,0,0,0,88.8,39.5,0.0266,0.0041,0.449,0.0496
2487,1.2716,0,0,0,0,89,39.4,0.0257,0.00395,0.449,0.0496
2488,1.2717,0,0,0,0,89.5,39.5,0.0248,0.0038,0.449,0.0496
2489,1.2718,0,0,0,0,90.6,39.6,0.0239,0.00365,0.448,0.0496
2490,1.2719,0,0,0,0,90.9,39.5,0.023,0.0035,0.448,0.0496
2491,1.272,0,0,0,0,91.3,39.6,0.0221,0.00335,0.448,0.0496
2492,1.2722,0,0,0,0,92,39.6,0.0212,0.0032,0.448,0.0496
2493,1.2723,0,0,0,0,92.4,39.5,0.0203,0.00305,0.448,0.0496
2494,1.2725,0,0,0,0,93.1,39.4,0.0194,0.0029,0.448,0.0496
2495,1.2726,0,0,0,0,93.3,39.4,0.0185,0.00275,0.448,0.0496
2496,1.2728,0,0,0,0,93.6,39.2,0.0176,0.0026,0.448,0.0494
2497,1.273,0,0,0,0,94.2,39.3,0.0167,0.00245,0.448,0.0493
2498,1.2732,0,0,0,0,94.5,38.9,0.0158,0.0023,0.447,0.0492
2499,1.2734,0,0,0,0,95,39.2,0.0149,0.00215,0.447,0.049
2500,1.2736,0,0,0,0,95.3,38.7,0.014,0.002,0.446,0.0489
